"菜谱id","名称","食材清单","烹饪步骤"
"5d54bae2a9114174727c8b20","鸡翅包饭","主料：鸡翅3个；去皮胡萝卜60克；洋葱1个；火腿肠1根；米饭150克；辅料：韩式辣椒酱20克；食用油10毫升；料酒5毫升；盐3克；胡椒粉5克","第1步【人工｜人工：human_1；约3分钟（旧稿估时，待审）；资源：刀具+砧板；过程时间：待补】洋葱、胡萝卜均洗净切碎。第2步【人工｜人工：human_1；约3分钟（旧稿估时，待审）；资源：刀具+砧板；过程时间：待补】火腿肠先切细条，再切碎。第3步【人工｜人工：human_1；约6分钟（旧稿估时，待审）；资源：刀具+砧板；过程时间：待补】鸡翅洗净，去骨，翅尖处留骨，装入碗中。第4步【人工｜人工：human_1；约2分钟（旧稿估时，待审）；资源：基础厨具/操作台；过程时间：待补】碗中加盐、油、胡椒粉、料酒。第5步【等待｜人工：等待本身不占厨师；进出/检查需human_1另计；资源：承载容器/存放区（条件待确认）；过程时间：待补；旧稿建议约15分钟（待审核，不能直接采用）；核对：过程持续时间/状态终点待补】腌渍。第6步【热加工｜人工：human_1执行操作/介入；人工时段及用时待审；资源：灶具+锅具；过程时间：待补；旧稿建议约5分钟（待审核，不能直接采用）；核对：过程持续时间/状态终点待补】锅中注油烧热，放入蔬菜、火腿肠、米饭炒匀。第7步【热加工｜人工：human_1执行操作/介入；人工时段及用时待审；资源：灶具+锅具；过程时间：待补；旧稿建议约5分钟（待审核，不能直接采用）；核对：按正文保留实际供热资源；人工操作段与被动加热段仍需分别审核；过程持续时间/状态终点待补】加盐、胡椒粉、韩式辣椒酱拌炒片刻，盛出装碗。第8步【人工｜人工：human_1；约2分钟（旧稿估时，待审）；资源：基础厨具/操作台；过程时间：待补】将炒饭装入鸡翅中，用牙签封口，翅尖用锡纸包住。第9步【人工｜人工：human_1；约2分钟（旧稿估时，待审）；资源：烤盘/蒸烤盘；过程时间：待补】烤盘内铺上一层锡纸，在锡纸上刷油，放入鸡翅，鸡翅表面刷油。第10步【人工｜人工：human_1；约2分钟（旧稿估时，待审）；资源：烤制设备、烤盘/蒸烤盘；过程时间：待补】将烤盘放入烤箱中。第11步【热加工｜人工：human_1执行操作/介入；人工时段及用时待审；资源：烤制设备；过程时间：15分钟（原文或原文换算；非已批准执行值）；核对：原文常规烘焙与设备清单模式的对应关系待审】关上烤箱门，选择“常规烘焙”模式，以180℃烤15分钟。第12步【人工｜人工：human_1；约1分钟（旧稿估时，待审）；资源：基础厨具/操作台+烹饪设备（承接前一热操作）；过程时间：待补】打开烤箱门，将烤好的鸡翅包饭取出即可。"
"6510fb3545256c3ad7c25c9c","苹果芒果派","主料：中筋面粉170克；细砂糖5克；盐0.5克；无盐黄油115克；蛋液20克；辅料：芒果200克；苹果200克；香草精2克；玉米淀粉5克；细砂糖8克；蛋液20克；粗糖8克；蜂蜜50克","第1步【说明｜不计独立工时；核对：标题不单独累计2分钟，具体动作见后续】食材准备。第2步【人工｜人工：human_1；约2分钟（旧稿估时，待审）；资源：基础厨具/操作台；过程时间：待补】主料中的面粉、糖、盐混合均匀。第3步【人工｜人工：human_1；约2分钟（旧稿估时，待审）；资源：基础厨具/操作台；过程时间：待补】加入黄油丁，再加入50克水。第4步【人工｜人工：human_1；约2分钟（旧稿估时，待审）；资源：基础厨具/操作台；过程时间：待补】用手搓成面包屑状。第5步【人工｜人工：human_1；约2分钟（旧稿估时，待审）；资源：基础厨具/操作台；过程时间：待补】均匀地倒入1份蛋液，混匀，稍揉几下使其形成面团。第6步【人工｜人工：human_1；约2分钟（旧稿估时，待审）；资源：基础厨具/操作台+冰箱（温区由相邻存储工序确定）；过程时间：待补】将面团分为均等的两份，分别用保鲜膜包裹起来，放冰箱。第7步【等待｜人工：等待本身不占厨师；进出/检查需human_1另计；资源：冰箱冷藏区；过程时间：1小时（原文或原文换算；非已批准执行值）】冷藏1小时。第8步【人工｜人工：human_1；约3分钟（旧稿估时，待审）；资源：刀具+砧板；过程时间：待补】苹果切成厚片，芒果削皮去核切片，加入香草精。第9步【人工｜人工：human_1；约2分钟（旧稿估时，待审）；资源：基础厨具/操作台；过程时间：待补】再将淀粉与细砂糖加入水果片中，拌匀。第10步【人工｜人工：human_1；约5分钟（旧稿估时，待审）；资源：擀面杖+操作台+冰箱（温区由相邻存储工序确定）；过程时间：待补】面团从冰箱中取出，案板上撒少许面粉，将面团擀开成直径约为25cm的圆形。第11步【人工｜人工：human_1；约2分钟（旧稿估时，待审）；资源：基础厨具/操作台；过程时间：待补】将一半的水果放入派皮中间，边缘留出约3cm的边，依次往同一个方向折起派皮。第12步【人工｜人工：human_1；约2分钟（旧稿估时，待审）；资源：烤盘/蒸烤盘；过程时间：待补】将派皮放在铺有锡纸的蒸烤盘上，周围刷上蛋液，撒些粗糖。第13步【热加工｜人工：human_1执行操作/介入；人工时段及用时待审；资源：烤制设备（程序能力待核实）；过程时间：待补；旧稿建议约25分钟（待审核，不能直接采用）；核对：过程持续时间/状态终点待补；核实设备程序的模式、温度、时长和触发事件】打开方太智能烹饪设备，选择“开始烹饪”按键，按屏幕提示操作。第14步【人工｜人工：human_1；约1分钟（旧稿估时，待审）；资源：烤制设备；过程时间：待补】将烤好的派从烤箱中取出，把蜂蜜刷在表面即可。"
"5c8646fe98d5bc7e184a90bc","鸡仔饼","A料：猪肥肉100g；细砂糖60g；白酒20g；B料：中筋面粉200g；酥花生碎30g；白芝麻30g；盐3g；麦芽糖75g；五香粉1g；白胡椒粉1g；南乳汁12g；蒜蓉30g；C料：鸡蛋1个","第1步【人工｜人工：human_1；约3分钟（旧稿估时，待审）；资源：刀具+砧板；过程时间：待补】将肥肉洗净切粒装大碗内，加入细砂糖和白酒拌匀后，包上保鲜膜。第2步【等待｜人工：等待本身不占厨师；进出/检查需human_1另计；资源：冰箱冷冻区；过程时间：至少24小时（原文或原文换算；非已批准执行值）；核对：按原文保留下界/区间或中文时间，不将下界当作唯一固定总时长】冷冻24小时以上，制成冰肉。第3步【人工｜人工：human_1；约2分钟（旧稿估时，待审）；资源：筛网；过程时间：待补】将中筋面粉过筛，放入料理盆中，加入冰肉和B中其它原料，揉合成面团。第4步【人工｜人工：human_1；约5分钟（旧稿估时，待审）；资源：烤盘/蒸烤盘；过程时间：待补】将面团分成每个约重25g的剂子，再逐一搓圆，放入铺有油纸的烤盘里，压成饼状。第5步【人工｜人工：human_1；约2分钟（旧稿估时，待审）；资源：基础厨具/操作台；过程时间：待补】取鸡蛋一个磕破，分离出蛋黄，将蛋黄放入碗里，用毛刷给每个饼表面刷上蛋黄液。第6步【热加工｜人工：human_1执行操作/介入；人工时段及用时待审；资源：烤制设备、烤盘/蒸烤盘；过程时间：待补；旧稿建议约18分钟（待审核，不能直接采用）；核对：过程持续时间/状态终点待补；核实设备程序的模式、温度、时长和触发事件】打开烤箱，把烤盘放入第3层，选择“开始烹饪”按键，按屏幕提示操作。第7步【人工｜人工：human_1；约1分钟（旧稿估时，待审）；资源：基础厨具/操作台；过程时间：待补】烹饪结束后取出即可。"
"6492a7a5933a4b7277dee0cf","酿苦瓜","主料：苦瓜2根；猪肉馅250克；葱5克；生粉5克；料酒8克；盐4克","第1步【说明｜不计独立工时；核对：标题不单独累计2分钟，具体动作见后续】食材准备。第2步【人工｜人工：human_1；约2分钟（旧稿估时，待审）；资源：基础厨具/操作台；过程时间：待补】猪肉糜，生粉，料酒，葱，盐搅拌上劲。第3步【人工｜人工：human_1执行操作/介入；人工时段及用时待审；资源：刀具+砧板；过程时间：待补】苦瓜洗净、切去头尾，切成小段，去瓤、籽。第4步【热加工｜人工：human_1执行操作/介入；人工时段及用时待审；资源：灶具+锅具；过程时间：待补；核对：烫制时长待补；过程持续时间/状态终点待补】将苦瓜入沸水烫熟后捞出。第5步【等待｜人工：等待本身不占厨师；进出/检查需human_1另计；资源：容器/冷却用水；过程时间：待补；核对：冷却条件及时长待补；过程持续时间/状态终点待补】将烫熟的苦瓜过凉。第6步【人工｜人工：human_1；约5分钟（旧稿估时，待审）；资源：基础厨具/操作台；过程时间：待补】把肉糜塞入苦瓜内，压紧。第7步【热加工｜人工：human_1执行操作/介入；人工时段及用时待审；资源：蒸制/蒸烤设备（模式及腔体待确认）；过程时间：待补；旧稿建议约15分钟（待审核，不能直接采用）；核对：过程持续时间/状态终点待补；核实设备程序的模式、温度、时长和触发事件】放入方太智能烹饪设备第2层，开启电源，取出水箱加满水，选择“开始烹饪”按键，按屏幕提示操作。"
"61e6c51fec6e1d65587067e1","低温牛排","A料：牛排2片（170g/片，厚度2cm）；B料：海盐2克；黑胡椒碎适量；C料：黄油20克；蒜瓣1片；洋葱200克；黑胡椒汁适量","第1步【等待｜人工：等待本身不占厨师；进出/检查需human_1另计；资源：解冻资源待确认；过程时间：待补；核对：解冻方法、温度及时长原文未给；过程持续时间/状态终点待补】牛排解冻。第2步【人工｜人工：human_1执行操作/介入；人工时段及用时待审；资源：操作台+真空封口机；过程时间：待补】清洗牛排，用厨房纸巾吸干血水，两面撒少许海盐、黑胡椒碎，装入专用食品密封袋并抽真空。第3步【人工｜人工：human_1执行操作/介入；人工时段及用时待审；资源：蒸烤设备；过程时间：待补；核对：核实设备程序的模式、温度、时长和触发事件】将牛排放入蒸烤架，放入蒸烤箱第二层；取出水箱加满水，按屏幕提示设置。第4步【热加工｜人工：human_1执行操作/介入；人工时段及用时待审；资源：蒸烤设备；过程时间：待补；核对：模式、温度、时长及完成条件待补，不能用装料1分钟代替；过程持续时间/状态终点待补；核实设备程序的模式、温度、时长和触发事件】运行低温牛排程序，完成低温处理。第5步【人工｜人工：human_1；约3分钟（旧稿估时，待审）；资源：刀具+砧板；过程时间：待补】将蒜切片，洋葱切条。第6步【人工｜人工：human_1执行操作/介入；人工时段及用时待审；资源：蒸烤设备+操作台；过程时间：待补】取出低温处理完成的牛排，沥干表面水分。第7步【热加工｜人工：human_1执行操作/介入；人工时段及用时待审；资源：灶具+平底锅；过程时间：待补；核对：180℃为油温；升温时长待补；过程持续时间/状态终点待补】平底锅中放入黄油、蒜片，加热至油温180℃。第8步【热加工｜人工：human_1执行操作/介入；人工时段及用时待审；资源：灶具+平底锅；过程时间：约2分钟（原文或原文换算；非已批准执行值）；核对：功率与比赛灶具档位映射待核实】放入牛排及洋葱，中火（1600w）煎至两面微焦。第9步【人工｜人工：human_1执行操作/介入；人工时段及用时待审；资源：操作台；过程时间：待补；核对：西兰花煮熟为前置条件，其制备工艺需补】浇上黑胡椒汁，点缀煮熟的西兰花。"
"6577d480c458a177d8438637","三味蒸鳗鱼&香茅烤鳗鱼同烹","主料：鳗鱼2条；香茅草150克；辅料：豆豉酱30克；蒜蓉酱30克；剁椒酱30克；姜片23克；葱段15克；盐1克；料酒10克；白胡椒粉3克；生抽50克；照烧汁150克；黄酒200克；白糖30克；葱花5克；葱丝5克","第1步【人工｜人工：human_1；约6分钟（旧稿估时，待审）；资源：刀具+砧板；过程时间：待补】宰杀好的鳗鱼洗净擦干，切成3厘米的段备用。第2步【人工｜人工：human_1；约2分钟（旧稿估时，待审）；资源：基础厨具/操作台；过程时间：待补】香茅草轻轻拍碎，激发出香味。第3步【人工｜人工：human_1；约2分钟（旧稿估时，待审）；资源：基础厨具/操作台；过程时间：待补】把鳗鱼段放入碗中,加入料酒、姜片、葱段、白胡椒和盐。第4步【等待｜人工：等待本身不占厨师；进出/检查需human_1另计；资源：承载容器/存放区（条件待确认）；过程时间：10分钟（原文或原文换算；非已批准执行值）】腌制10分钟。第5步【人工｜人工：human_1；约1分钟（旧稿估时，待审）；资源：基础厨具/操作台；过程时间：待补】将腌制好的鳗鱼夹出，分成两份。第6步【热加工｜人工：human_1执行操作/介入；人工时段及用时待审；资源：灶具+锅具；过程时间：待补；旧稿建议约2分钟（待审核，不能直接采用）；核对：按正文保留实际供热资源；人工操作段与被动加热段仍需分别审核；过程持续时间/状态终点待补】取1锅，开大火档加热，加入生抽、照烧汁、黄酒和白糖，搅拌均匀。第7步【热加工｜人工：human_1执行操作/介入；人工时段及用时待审；资源：灶具+锅具；过程时间：待补；旧稿建议约5分钟（待审核，不能直接采用）；核对：过程持续时间/状态终点待补】煮沸后关火，倒入碗中。第8步【等待｜人工：等待本身不占厨师；进出/检查需human_1另计；资源：承载容器/存放区（条件待确认）；过程时间：待补；旧稿建议约20分钟（待审核，不能直接采用）；核对：过程持续时间/状态终点待补】放凉备用。第9步【人工｜人工：human_1；约2分钟（旧稿估时，待审）；资源：刀具+砧板、蒸盘；过程时间：待补】把1份鳗鱼放入蒸盘中，分成三列，分别放上豆豉酱、蒜蓉酱和剁椒酱。第10步【人工｜人工：human_1；约2分钟（旧稿估时，待审）；资源：蒸盘；过程时间：待补】将蒸盘放置在蒸烤架中备用。第11步【人工｜人工：human_1；约1分钟（旧稿估时，待审）；资源：基础厨具/操作台；过程时间：待补】将另1份鳗鱼，放入放凉的照烧汁里。第12步【等待｜人工：等待本身不占厨师；进出/检查需human_1另计；资源：承载容器/存放区（条件待确认）；过程时间：20分钟（原文或原文换算；非已批准执行值）】浸泡20分钟入味。第13步【人工｜人工：human_1；约2分钟（旧稿估时，待审）；资源：烤盘/蒸烤盘；过程时间：待补】蒸烤盘上铺好锡纸，把拍碎的香茅草平铺在盘底。第14步【人工｜人工：human_1；约1分钟（旧稿估时，待审）；资源：基础厨具/操作台；过程时间：待补】把腌制好的的鳗鱼段放在香茅上。第15步【热加工｜人工：human_1执行操作/介入；人工时段及用时待审；资源：蒸制/蒸烤设备（模式及腔体待确认）、烤盘/蒸烤盘；过程时间：待补；旧稿建议约18分钟（待审核，不能直接采用）；核对：过程持续时间/状态终点待补；核实设备程序的模式、温度、时长和触发事件】分别将蒸烤架放入方太智能烹饪设备第1层，蒸烤盘放入烹饪机第3层，开启电源，取出水箱加满水，选择“开始烹饪”按键，按屏幕提示操作。第16步【人工｜人工：human_1；约2分钟（旧稿估时，待审）；资源：基础厨具/操作台；过程时间：待补】烹饪结束，在香茅烤鳗鱼上点缀葱丝，在三味蒸鳗鱼上撒葱花。第17步【说明｜不计独立工时】固定同烹两份鳗鱼，腔体、模式序列、温度和18分钟建议值需核实，不等同通用跨菜合批。"
"65433a4245256c3ad7c2697f","金龙吐瑞","主料：鲈鱼500克；圣女果4克；辅料：料酒10毫升；盐3克；蒸鱼豉油20毫升；葱10克；姜10克；香菜10克","第1步【说明｜不计独立工时；核对：标题不单独累计2分钟，具体动作见后续】食材准备。第2步【人工｜人工：human_1；约3分钟（旧稿估时，待审）；资源：刀具+砧板；过程时间：待补】鲈鱼两面横截三刀、葱切丝、姜切片备用。第3步【人工｜人工：human_1；约2分钟（旧稿估时，待审）；资源：基础厨具/操作台；过程时间：待补】鱼放入碗中加入料酒和盐。第4步【等待｜人工：等待本身不占厨师；进出/检查需human_1另计；资源：承载容器/存放区（条件待确认）；过程时间：15分钟（原文或原文换算；非已批准执行值）】腌制15分钟。第5步【人工｜人工：human_1；约1分钟（旧稿估时，待审）；资源：基础厨具/操作台；过程时间：待补】准备一鱼盘铺入姜片摆上腌制好的鱼，摆上葱丝、姜丝和香菜。第6步【热加工｜人工：human_1执行操作/介入；人工时段及用时待审；资源：蒸制/蒸烤设备（模式及腔体待确认）；过程时间：待补；旧稿建议约10分钟（待审核，不能直接采用）；核对：过程持续时间/状态终点待补；核实设备程序的模式、温度、时长和触发事件】放入方太智能烹饪设备，开启电源，取出水箱加满水，选择“开始烹饪”按键，按屏幕提示操作。第7步【人工｜人工：human_1；约2分钟（旧稿估时，待审）；资源：基础厨具/操作台；过程时间：待补】蒸好之后淋上蒸鱼豉油，最后将圣女果摆入鲈鱼嘴中，烹饪完成即可食用。"
"5c8647b598d5bc7e184a90c3","椰香苹果香蕉烤燕麦","A料：燕麦片50g；B料：椰蓉30g；鸡蛋1个；苹果1个；牛奶40ml；糖浆20g；肉桂粉0.3g；香蕉1个；食盐1g；白砂糖5g；椰子油5ml","第1步【人工｜人工：human_1；约3分钟（旧稿估时，待审）；资源：刀具+砧板；过程时间：待补】将苹果洗净切丝。第2步【人工｜人工：human_1；约3分钟（旧稿估时，待审）；资源：刀具+砧板；过程时间：待补】香蕉半个切片、半个擦丝。第3步【人工｜人工：human_1；约2分钟（旧稿估时，待审）；资源：基础厨具/操作台；过程时间：待补】香蕉丝中打入鸡蛋，搅拌均匀。第4步【人工｜人工：human_1；约2分钟（旧稿估时，待审）；资源：基础厨具/操作台；过程时间：待补】再倒入牛奶、椰蓉、燕麦、糖浆，加入1克食盐、肉桂粉，搅拌均匀。第5步【人工｜人工：human_1；约2分钟（旧稿估时，待审）；资源：基础厨具/操作台；过程时间：待补】随后加入苹果丝，搅拌均匀。第6步【人工｜人工：human_1；约2分钟（旧稿估时，待审）；资源：基础厨具/操作台；过程时间：待补】烤碗底部抹上一层椰子油，将一半糊状物倒入烤碗中，将其铺平。第7步【人工｜人工：human_1；约2分钟（旧稿估时，待审）；资源：基础厨具/操作台；过程时间：待补】放上一半香蕉片，倒入剩下的糊状物，铺平，放上剩下的香蕉片。第8步【人工｜人工：human_1；约2分钟（旧稿估时，待审）；资源：基础厨具/操作台；过程时间：待补；核对：撒料/装盘是中间操作，不表示整道菜完成】表面刷上一层椰子油，撒上适量白砂糖。第9步【人工｜人工：human_1执行操作/介入；人工时段及用时待审；资源：烤箱；过程时间：待补；核对：核实设备程序的模式、温度、时长和触发事件】将烤碗放入烤箱，选择“开始烹饪”并按屏幕提示设置。第10步【热加工｜人工：human_1执行操作/介入；人工时段及用时待审；资源：烤箱；过程时间：待补；核对：模式、温度和时长待补；过程持续时间/状态终点待补；核实设备程序的模式、温度、时长和触发事件】运行烤燕麦程序。第11步【人工｜人工：human_1执行操作/介入；人工时段及用时待审；资源：烤箱+操作台；过程时间：待补】烤好后取出即可食用。"
"58e70ae1a3fd4a750f4b75af","双椒鳙鱼头","A料：鳙鱼头1个；B料：大葱2段；生姜2片；盐2克；料酒30克；C料：食用油30克；生姜2片；蒜2瓣；大蒜叶1根；豆豉30克；青剁椒75克；红剁椒75克；盐2克；水30克；料酒30克；淀粉水15克；D料：辣椒油45克","第1步【人工｜人工：human_1；约3分钟（旧稿估时，待审）；资源：基础厨具/操作台；过程时间：待补】将鳙鱼头去除鱼鳞、鱼鳃和内脏，洗净并沥干水分，再沿着背鳍将鱼头对半劈开，鱼背肉厚处片刀。第2步【人工｜人工：human_1；约2分钟（旧稿估时，待审）；资源：基础厨具/操作台；过程时间：待补】将B中的葱段、姜片放在鱼盘底部，放入鳙鱼头，将盐均匀抹在鱼头上，倒入料酒。第3步【等待｜人工：等待本身不占厨师；进出/检查需human_1另计；资源：承载容器/存放区（条件待确认）；过程时间：10分钟（原文或原文换算；非已批准执行值）】腌制10分钟。第4步【人工｜人工：human_1；约3分钟（旧稿估时，待审）；资源：刀具+砧板；过程时间：待补】将C中的姜切末，蒜切片，大蒜叶切段。第5步【热加工｜人工：human_1执行操作/介入；人工时段及用时待审；资源：灶具+锅具；过程时间：待补；旧稿建议约5分钟（待审核，不能直接采用）；核对：本步使用已切好的配料，不把刀板占用跨越整个热加工；过程持续时间/状态终点待补】将炒锅加热，加入C中食用油，倒入姜末、蒜片、大葱段、大蒜叶段煸炒出香味，再将豆豉、青剁椒、红剁椒倒入锅中翻炒，加入盐、水、料酒，最后加入淀粉水勾芡，烧好的汤料浇在鳙鱼头上。第6步【人工｜人工：human_1；约2分钟（旧稿估时，待审）；资源：蒸盘；过程时间：待补】将蒸盘放入设备中间层。第7步【热加工｜人工：human_1执行操作/介入；人工时段及用时待审；资源：蒸制/蒸烤设备（模式及腔体待确认）；过程时间：待补；旧稿建议约12分钟（待审核，不能直接采用）；核对：过程持续时间/状态终点待补；核实设备程序的模式、温度、时长和触发事件】开启电源，取出水箱加满水，选择“开始烹饪”按键，按屏幕提示操作。第8步【复合工序｜人工：human_1执行操作/介入；人工时段及用时待审；资源：灶具+锅具；过程时间：待补；旧稿建议约2分钟（待审核，不能直接采用）；核对：含供热和人工操作，需分别确定持续时间；过程持续时间/状态终点待补】烹饪结束后取出，将炒锅加热，倒入D中的辣椒油烧至七成热（略微冒烟），将热油均匀地淋在鱼身上，趁热食用。"
"5dad79866601a865649f9cb7","家常鲈鱼","主料：鲈鱼600克（约1条）；辅料：干辣椒段8克；姜丝10克；姜片15克；葱段10克；葱丝10克；蒸鱼豉油20毫升；胡椒粉3克；食用油10毫升","第1步【人工｜人工：human_1；约6分钟（旧稿估时，待审）；资源：基础厨具/操作台；过程时间：待补】将宰杀处理干净的鲈鱼两面划上一字花刀。第2步【人工｜人工：human_1；约2分钟（旧稿估时，待审）；资源：基础厨具/操作台；过程时间：待补】将葱段、姜片一起铺在盘子上，然后将鲈鱼放在上面。第3步【人工｜人工：human_1；约2分钟（旧稿估时，待审）；资源：基础厨具/操作台；过程时间：待补】鱼腹中放一些葱段和姜片。第4步【人工｜人工：human_1；约2分钟（旧稿估时，待审）；资源：基础厨具/操作台；过程时间：待补】鱼背上放上一些葱段和姜丝。第5步【人工｜人工：human_1；约2分钟（旧稿估时，待审）；资源：蒸制/蒸烤设备（模式及腔体待确认）；过程时间：待补】将鲈鱼放入蒸盘中，再放入蒸箱。第6步【热加工｜人工：human_1执行操作/介入；人工时段及用时待审；资源：蒸制/蒸烤设备（模式及腔体待确认）；过程时间：8分钟（原文或原文换算；非已批准执行值）】选择“普通蒸”模式，以100℃蒸8分钟至熟。第7步【人工｜人工：human_1；约2分钟（旧稿估时，待审）；资源：基础厨具/操作台+烹饪设备（承接前一热操作）；过程时间：待补】打开箱门，将蒸好的鲈鱼取出，将盘底的少量汁水慢慢地倒掉，将鱼背上的葱段和姜丝去掉，再撒上葱丝和干辣椒段。第8步【热加工｜人工：human_1执行操作/介入；人工时段及用时待审；资源：灶具+锅具；过程时间：待补；旧稿建议约5分钟（待审核，不能直接采用）；核对：过程持续时间/状态终点待补】将炒锅中倒入食用油烧热，加热至沸腾后浇在鲈鱼背上。第9步【人工｜人工：human_1；约2分钟（旧稿估时，待审）；资源：基础厨具/操作台；过程时间：待补】再浇上蒸鱼豉油即可。"
"59cc89b47d21be2a79172c98","豉汁蒸草鱼","A料：草鱼1条（2斤左右）；小葱10g；生姜10g；盐1/4茶匙；料酒1/2茶匙；豆豉5g；白胡椒粉适量；B料：食用油1汤匙；蒸鱼豉油1汤匙；生抽1.5汤匙；青椒丝2g；红椒丝2g；小葱3g；生姜3g","第1步【人工｜人工：human_1；约3分钟（旧稿估时，待审）；资源：刀具+砧板；过程时间：待补】将主料中葱、姜10g切片，辅料中葱、姜3g切丝。第2步【人工｜人工：human_1；约6分钟（旧稿估时，待审）；资源：刀具+砧板；过程时间：待补】将草鱼宰杀洗净，去头尾，切成厚度为1cm的块（带龙骨，约50g/块），加入A中调味料。第3步【等待｜人工：等待本身不占厨师；进出/检查需human_1另计；资源：承载容器/存放区（条件待确认）；过程时间：10分钟（原文或原文换算；非已批准执行值）】腌渍10分钟。第4步【人工｜人工：human_1；约2分钟（旧稿估时，待审）；资源：蒸盘；过程时间：待补】在平盘中垫入葱姜片，鱼块平铺于葱姜上，放在有孔蒸盘上，放入蒸微一体机中。第5步【人工｜人工：human_1执行操作/介入；人工时段及用时待审；资源：蒸制设备；过程时间：待补】开启蒸箱，取出水箱加满水，选择“智能菜谱-鱼类-豉汁蒸草鱼”模式及属性。第6步【热加工｜人工：human_1执行操作/介入；人工时段及用时待审；资源：蒸制设备；过程时间：8分钟（原文或原文换算；非已批准执行值）；核对：专用程序属性待核实】按原文100℃蒸制。第7步【人工｜人工：human_1执行操作/介入；人工时段及用时待审；资源：微波模块；过程时间：待补；核对：设备清单未列微波能力；可选路径不得误列必需】蒸制完成后选择微波烹饪，设置中高火，按确认键。第8步【热加工｜人工：human_1执行操作/介入；人工时段及用时待审；资源：微波模块；过程时间：2分钟（原文或原文换算；非已批准执行值）；核对：当前设备清单缺微波能力；不得静默替换；设备清单未列微波能力；可选路径不得误列必需】以微波中高火烹饪。第9步【人工｜人工：human_1；约2分钟（旧稿估时，待审）；资源：基础厨具/操作台；过程时间：待补】待烹饪结束提示音响起后，取出平盘，滗去汤汁，淋上辅料中蒸鱼豉油、生抽，将青红椒丝、葱姜丝摆放在鱼上。第10步【复合工序｜人工：human_1执行操作/介入；人工时段及用时待审；资源：灶具+锅具；过程时间：待补；旧稿建议约2分钟（待审核，不能直接采用）；核对：含供热和人工操作，需分别确定持续时间；过程持续时间/状态终点待补】炒锅热油，油温七成热时（略微冒烟）淋到葱姜丝上，即可食用。"
"6528fac845256c3ad7c26313","椰汁红豆砵仔糕","主料：粘米粉25克；木薯粉75克；糖70克；水150克；椰浆150克；辅料：蜜红豆20克","第1步【说明｜不计独立工时；核对：标题不单独累计2分钟，具体动作见后续】食材准备。第2步【人工｜人工：human_1；约2分钟（旧稿估时，待审）；资源：基础厨具/操作台；过程时间：待补】椰浆和水，木薯粉和粘米粉分别混合均匀，把适量的水倒进混合好的砵仔糕粉中，水量不需要太多，刚好能把粉调成浓稠的粉浆即可。第3步【热加工｜人工：human_1执行操作/介入；人工时段及用时待审；资源：灶具+锅具；过程时间：待补；旧稿建议约5分钟（待审核，不能直接采用）；核对：过程持续时间/状态终点待补；原文8/9档段火与设备清单1–7冲突，保留原值待核实】把糖加入椰浆水中，方太燃气灶开大火（9档）煮沸。第4步【复合工序｜人工：human_1执行操作/介入；人工时段及用时待审；资源：灶具+锅具；锅具+操作台；过程时间：待补；核对：修正原分类；既成状态或装料/收尾不再重复计作等待/热加工；含供热和人工操作，需分别确定持续时间；过程持续时间/状态终点待补】把煮沸的椰浆糖水迅速倒进粉浆中与粉浆搅拌均匀，把生浆烫成熟浆。第5步【人工｜人工：human_1；约2分钟（旧稿估时，待审）；资源：成型模具；过程时间：待补】把粉浆倒进模具中放进适量的蜜红豆。第6步【热加工｜人工：human_1执行操作/介入；人工时段及用时待审；资源：蒸制/蒸烤设备（模式及腔体待确认）；过程时间：待补；旧稿建议约20分钟（待审核，不能直接采用）；核对：过程持续时间/状态终点待补；核实设备程序的模式、温度、时长和触发事件】放入方太智能烹饪设备，开启电源，取出水箱加满水，选择“开始烹饪”按键，按屏幕提示操作。"
"5d56689fa9114174727c8bfb","鸡蛋黄油饼干","A料：低筋面粉100克；黄油45克；抹茶粉3克；糖粉20克；蛋白20克；B料：盐2克；白芝麻10克","第1步【人工｜人工：human_1；约2分钟（旧稿估时，待审）；资源：基础厨具/操作台；过程时间：待补】将低筋面粉倒入容器中，加入黄油。第2步【人工｜人工：human_1；约2分钟（旧稿估时，待审）；资源：基础厨具/操作台；过程时间：待补】倒入盐、糖粉、蛋白，稍加搅拌。第3步【人工｜人工：human_1；约2分钟（旧稿估时，待审）；资源：基础厨具/操作台；过程时间：待补】刮入面粉，完全混合均匀。第4步【人工｜人工：human_1；约2分钟（旧稿估时，待审）；资源：基础厨具/操作台；过程时间：待补】加入抹茶粉。第5步【人工｜人工：human_1；约6分钟（旧稿估时，待审）；资源：基础厨具/操作台；过程时间：待补】混合均匀，揉搓成面团。第6步【人工｜人工：human_1；约5分钟（旧稿估时，待审）；资源：擀面杖+操作台；过程时间：待补】用擀面杖将面团擀成0.3厘米的厚的圆形面皮。第7步【人工｜人工：human_1；约5分钟（旧稿估时，待审）；资源：擀面杖+操作台；过程时间：待补】在面皮上均匀撒上白芝麻，再擀平。第8步【人工｜人工：human_1；约2分钟（旧稿估时，待审）；资源：成型模具；过程时间：待补】用直径4-5厘米的饼干模具在面皮上压出数个饼干生坯。第9步【人工｜人工：human_1；约2分钟（旧稿估时，待审）；资源：烤盘/蒸烤盘；过程时间：待补】把生坯放入垫有油纸的烤盘里。第10步【人工｜人工：human_1；约2分钟（旧稿估时，待审）；资源：烤制设备、烤盘/蒸烤盘；过程时间：待补】将烤盘推入烤箱中。第11步【热加工｜人工：human_1执行操作/介入；人工时段及用时待审；资源：烤制设备；过程时间：12分钟（原文或原文换算；非已批准执行值）；核对：原文常规烘焙与设备清单模式的对应关系待审】选择“常规烘焙”模式，以180℃烤12分钟。第12步【人工｜人工：human_1；约1分钟（旧稿估时，待审）；资源：基础厨具/操作台+烹饪设备（承接前一热操作）；过程时间：待补】开箱门，取出烤好的饼干即可。"
"661369554b3d03197733ac5a","香烤排骨","主料：猪肋排550克；辅料：蒜泥5克；盐2克；白糖3克；五香粉1克；孜然粉3克；辣椒粉3克；食用油10克；料酒10克；生抽10克；蚝油10克；老抽2克","第1步【人工｜人工：human_1；约2分钟（旧稿估时，待审）；资源：刀具+砧板；过程时间：待补】取肋排550克剁约8厘米长段。第2步【人工｜人工：human_1；约2分钟（旧稿估时，待审）；资源：基础厨具/操作台；过程时间：待补；核对：修复上一修订稿按关键词断句造成的不完整表达】将肋排放入清水中。第3步【等待｜人工：等待本身不占厨师；进出/检查需human_1另计；资源：承载容器/存放区（条件待确认）；过程时间：半小时（原文或原文换算；非已批准执行值）】浸泡半小时泡出血水沥干。第4步【人工｜人工：human_1；约2分钟（旧稿估时，待审）；资源：基础厨具/操作台；过程时间：待补】烤排骨：取长段的排骨，加入2克盐、3克白糖、5克蒜泥、1克五香粉、3克孜然粉、3克辣椒粉、10毫升食用油、10毫升料酒、10毫升生抽、10克蚝油和2毫升老抽，抓拌均匀。第5步【等待｜人工：等待本身不占厨师；进出/检查需human_1另计；资源：冰箱冷藏区；过程时间：2小时（原文或原文换算；非已批准执行值）；核对：从本步或前一步放冰箱的上下文恢复共享冷藏占用】放冰箱腌制2h。第6步【人工｜人工：human_1；约2分钟（旧稿估时，待审）；资源：烤盘/蒸烤盘；过程时间：待补】在蒸烤盘上铺上铝箔，均匀地将排骨摆在盘中。第7步【热加工｜人工：human_1执行操作/介入；人工时段及用时待审；资源：蒸制/蒸烤设备（模式及腔体待确认）、烤盘/蒸烤盘；过程时间：待补；旧稿建议约35分钟（待审核，不能直接采用）；核对：过程持续时间/状态终点待补；核实设备程序的模式、温度、时长和触发事件】将蒸烤盘放入烹饪机中间层，开启电源，取出水箱加满水，选择“开始烹饪”按键，按屏幕提示操作。"
"64f550ff255d3b02f695fd69","栗子冰皮月饼","主料：糯米粉45克；粘米粉35克；澄粉25克；玉米油18克；牛奶185克；糖粉40克；紫薯泥20克；辅料：栗子适量；白砂糖适量；色拉油适量","第1步【说明｜不计独立工时；核对：标题不单独累计2分钟，具体动作见后续】食材准备。第2步【人工｜人工：human_1执行操作/介入；人工时段及用时待审；资源：操作台+锅具；过程时间：待补】栗子剥皮洗净，锅里加水放入栗子。第3步【热加工｜人工：human_1执行操作/介入；人工时段及用时待审；资源：灶具+锅具；过程时间：待补；核对：时长、火力待补；过程持续时间/状态终点待补】将栗子煮至软烂。第4步【人工｜人工：human_1；约1分钟（旧稿估时，待审）；资源：基础厨具/操作台；过程时间：待补】煮软烂的栗子取出压烂。第5步【人工｜人工：human_1；约2分钟（旧稿估时，待审）；资源：基础厨具/操作台；过程时间：待补】栗子泥倒入锅里。第6步【热加工｜人工：human_1执行操作/介入；人工时段及用时待审；资源：灶具+锅具；过程时间：待补；旧稿建议约5分钟（待审核，不能直接采用）；核对：过程持续时间/状态终点待补】倒入适量色拉油炒，水分炒干，加入适量白糖，翻炒均匀后就可以做馅了。第7步【人工｜人工：human_1；约2分钟（旧稿估时，待审）；资源：基础厨具/操作台；过程时间：待补】将牛奶，玉米油，糖粉倒入碗里搅拌均匀。第8步【人工｜人工：human_1；约2分钟（旧稿估时，待审）；资源：基础厨具/操作台；过程时间：待补】将糯米粉，粘米粉，澄粉倒入1中。第9步【人工｜人工：human_1；约2分钟（旧稿估时，待审）；资源：筛网；过程时间：待补】搅拌均匀，过筛下。第10步【等待｜人工：等待本身不占厨师；进出/检查需human_1另计；资源：承载容器/存放区（条件待确认）；过程时间：30分钟（原文或原文换算；非已批准执行值）；核对：按原文保留下界/区间或中文时间，不将下界当作唯一固定总时长】静置半小时。第11步【热加工｜人工：human_1执行操作/介入；人工时段及用时待审；资源：蒸制/蒸烤设备（模式及腔体待确认）；过程时间：待补；旧稿建议约25分钟（待审核，不能直接采用）；核对：过程持续时间/状态终点待补；核实设备程序的模式、温度、时长和触发事件】放入方太智能烹饪设备第2层，开启电源，取出水箱加满水，选择“开始烹饪”按键，按屏幕提示操作。第12步【人工｜人工：human_1执行操作/介入；人工时段及用时待审；资源：蒸制设备+操作台；过程时间：待补】取出蒸熟的冰皮，用筷子快速搅拌至顺滑。第13步【等待｜人工：等待本身不占厨师；进出/检查需human_1另计；资源：容器；过程时间：待补；核对：终点及等待时长待补；过程持续时间/状态终点待补】等待冰皮冷却。第14步【人工｜人工：human_1执行操作/介入；人工时段及用时待审；资源：操作台；过程时间：待补；核对：蒸熟紫薯为前置物料，制备与用量待补】加入少量蒸熟的紫薯，和成紫薯冰皮。第15步【人工｜人工：human_1；约2分钟（旧稿估时，待审）；资源：基础厨具/操作台；过程时间：待补】将冰皮分成30克一个的小剂子，栗子分成20克一个的小剂子，手上沾少许油，将冰皮揉圆按扁，放上栗子。第16步【人工｜人工：human_1；约5分钟（旧稿估时，待审）；资源：基础厨具/操作台；过程时间：待补】包好收口。第17步【人工｜人工：human_1；约2分钟（旧稿估时，待审）；资源：成型模具；过程时间：待补】放入模具，压出月饼形状。第18步【说明｜不计独立工时】原文“将糯米粉、粘米粉、澄粉倒入1中”的数字引用不清，不能直接解释为新版第1步，应核实是否指牛奶混合物。"
"58e70b129f6429675ec80601","麻辣对虾","A料：新鲜对虾350克；B料：盐1克；料酒5克；C料：食用油45克；朝天椒4个；生姜末5克；蒜末30克；料酒15克；盐1克；生抽5克；老抽2.5克；鸡精2.5克；花椒油1克","第1步【人工｜人工：human_1；约3分钟（旧稿估时，待审）；资源：刀具+砧板；过程时间：待补】将对虾洗净，剪去须脚，用刀从背部剖开。第2步【人工｜人工：human_1；约2分钟（旧稿估时，待审）；资源：基础厨具/操作台；过程时间：待补】用B中的盐抹匀，再倒入料酒。第3步【等待｜人工：等待本身不占厨师；进出/检查需human_1另计；资源：承载容器/存放区（条件待确认）；过程时间：10分钟（原文或原文换算；非已批准执行值）】腌渍10分钟。第4步【热加工｜人工：human_1执行操作/介入；人工时段及用时待审；资源：灶具+锅具；过程时间：待补；核对：炒制时长和档位待确认；过程持续时间/状态终点待补】将炒锅加热，倒入C中的食用油、朝天椒、姜末、蒜末，小火煸炒至香辣味出现。第5步【人工｜人工：human_1执行操作/介入；人工时段及用时待审；资源：锅具+容器；过程时间：待补】将炒香的配料盛于小碗中。第6步【等待｜人工：等待本身不占厨师；进出/检查需human_1另计；资源：容器；过程时间：待补；核对：冷却终点及时长待补；过程持续时间/状态终点待补】等待配料冷却。第7步【人工｜人工：human_1执行操作/介入；人工时段及用时待审；资源：操作台；过程时间：待补】冷却后加入料酒、盐、生抽、老抽、鸡精、花椒油拌匀。第8步【人工｜人工：human_1执行操作/介入；人工时段及用时待审；资源：操作台+蒸盘；过程时间：待补；核对：修正原分类；既成状态或装料/收尾不再重复计作等待/热加工】把炒香后的配料和对虾放入盘中上下翻拌均匀，放在附送的有孔盘或架子上。第9步【人工｜人工：human_1；约2分钟（旧稿估时，待审）；资源：蒸制/蒸烤设备（模式及腔体待确认）；过程时间：待补】放入设备第2层。第10步【热加工｜人工：human_1执行操作/介入；人工时段及用时待审；资源：蒸制/蒸烤设备（模式及腔体待确认）；过程时间：待补；旧稿建议约8分钟（待审核，不能直接采用）；核对：过程持续时间/状态终点待补；核实设备程序的模式、温度、时长和触发事件】开启电源，取出水箱加满水，选择“开始烹饪”按键，按屏幕提示操作。第11步【人工｜人工：human_1；约2分钟（旧稿估时，待审）；资源：基础厨具/操作台；过程时间：待补】烹饪结束后取出，撒上葱花即可食用。"
"5c875d0b98d5bc7e184a9166","香菜黄油烤明虾","主料：明虾100克；黄油15克；香菜5克；辅料：蒜蓉5克；迷迭香5克；茴香草末5克；盐3克；白胡椒粉3克；柠檬汁6毫升","第1步【人工｜人工：human_1；约3分钟（旧稿估时，待审）；资源：刀具+砧板；过程时间：待补】将明虾切去虾须、虾脚、虾箭，切开虾背，去除沙线。第2步【人工｜人工：human_1；约6分钟（旧稿估时，待审）；资源：刀具+砧板；过程时间：待补；核对：斩开虾头并装盘是前处理】斩开虾头，装盘。第3步【人工｜人工：human_1；约2分钟（旧稿估时，待审）；资源：基础厨具/操作台；过程时间：待补】在虾肉上撒适量盐、白胡椒粉，拌匀，滴少许柠檬汁。第4步【等待｜人工：等待本身不占厨师；进出/检查需human_1另计；资源：承载容器/存放区（条件待确认）；过程时间：5分钟（原文或原文换算；非已批准执行值）】腌渍5分钟。第5步【人工｜人工：human_1；约2分钟（旧稿估时，待审）；资源：基础厨具/操作台；过程时间：待补】把迷迭香末、蒜蓉、茴香草末、盐倒入溶化的黄油中，拌匀。第6步【人工｜人工：human_1；约2分钟（旧稿估时，待审）；资源：烤盘/蒸烤盘；过程时间：待补】烤盘铺上一层锡纸，把明虾放入烤盘中。第7步【热加工｜人工：human_1执行操作/介入；人工时段及用时待审；资源：烤制设备；过程时间：5分钟（原文或原文换算；非已批准执行值）；核对：原文常规烘焙与设备清单模式的对应关系待审】选择“常规烘焙”模式，以220℃烤5分钟。第8步【人工｜人工：human_1；约1分钟（旧稿估时，待审）；资源：烤制设备、烤盘/蒸烤盘；过程时间：待补】从烤箱中取出烤盘，在虾肉上均匀地抹上拌好的黄油酱，再将烤盘放入烤箱。第9步【热加工｜人工：human_1执行操作/介入；人工时段及用时待审；资源：烤箱；过程时间：1分钟（原文或原文换算；非已批准执行值）；核对：原文常规烘焙与设备清单模式的对应关系待审】选择“常规烘焙”模式，以180℃烤制。第10步【人工｜人工：human_1执行操作/介入；人工时段及用时待审；资源：烤箱+操作台；过程时间：待补】取出烤盘，用香菜点缀即可。"
"5d54ed01a9114174727c8b5c","黄油小饼干","A料：低筋面粉170克；黄油100克；蛋黄20克；B料：糖粉50克；盐2克","第1步【人工｜人工：human_1；约2分钟（旧稿估时，待审）；资源：基础厨具/操作台；过程时间：待补】将低筋面粉倒入容器中，在中间掏一个窝。第2步【人工｜人工：human_1；约2分钟（旧稿估时，待审）；资源：基础厨具/操作台；过程时间：待补】加入糖粉、盐、蛋黄，搅拌均匀。第3步【人工｜人工：human_1；约6分钟（旧稿估时，待审）；资源：基础厨具/操作台；过程时间：待补】加入备好的黄油，将四周的粉将中间覆盖，揉成光滑的面团。第4步【人工｜人工：human_1；约2分钟（旧稿估时，待审）；资源：基础厨具/操作台；过程时间：待补】案台上铺上一层保鲜膜，放上面团，稍微按压。第5步【人工｜人工：human_1；约5分钟（旧稿估时，待审）；资源：擀面杖+操作台；过程时间：待补】将面团擀成面皮。第6步【人工｜人工：human_1；约2分钟（旧稿估时，待审）；资源：成型模具；过程时间：待补】用模具按压出小花模型，制成饼干生坯。第7步【人工｜人工：human_1；约2分钟（旧稿估时，待审）；资源：烤盘/蒸烤盘；过程时间：待补】将生坯放入垫有油纸的烤盘中。第8步【人工｜人工：human_1；约2分钟（旧稿估时，待审）；资源：基础厨具/操作台；过程时间：待补】再用叉子压出花瓣形状。第9步【人工｜人工：human_1执行操作/介入；人工时段及用时待审；资源：烤箱+烤盘；过程时间：待补；核对：合并原文连续重复描述，不计算两次装料】将装有饼坯的烤盘放入烤箱，关好箱门。第10步【热加工｜人工：human_1执行操作/介入；人工时段及用时待审；资源：烤制设备；过程时间：13分钟（原文或原文换算；非已批准执行值）；核对：原文常规烘焙与设备清单模式的对应关系待审】选择“常规烘焙”模式，以170℃烤13分钟即可。"
"5c8200d96dc6e123a037a202","豆豉蒸腐竹","A料：腐竹150克；小葱1根；B料：食用油45克；豆豉30克；蒜4瓣；红剁椒15克；C料：鸡汤100克；盐1克；白糖3克；鸡精1克","第1步【人工｜人工：human_1执行操作/介入；人工时段及用时待审；资源：刀具+砧板+容器；过程时间：待补】将腐竹切成6cm长的段，加入开水。第2步【等待｜人工：等待本身不占厨师；进出/检查需human_1另计；资源：容器；过程时间：2小时（原文或原文换算；非已批准执行值）】泡发腐竹，至完全软烂无干硬状态。第3步【人工｜人工：human_1执行操作/介入；人工时段及用时待审；资源：操作台；过程时间：待补】挤干水分，整齐摆在盘中。第4步【人工｜人工：human_1；约3分钟（旧稿估时，待审）；资源：刀具+砧板；过程时间：待补】将蒜去皮切末，豆豉切碎。第5步【热加工｜人工：human_1执行操作/介入；人工时段及用时待审；资源：灶具+锅具；过程时间：待补；旧稿建议约5分钟（待审核，不能直接采用）；核对：本步使用已切好的配料，不把刀板占用跨越整个热加工；过程持续时间/状态终点待补】将炒锅上火烧热，倒入食用油，放豆豉、蒜末、剁椒，小火炒香，然后均匀的浇在腐竹上。第6步【人工｜人工：human_1；约2分钟（旧稿估时，待审）；资源：基础厨具/操作台；过程时间：待补】鸡汤中加入C中调料，溶解后将鸡汤倒入装有腐竹的盘中。第7步【人工｜人工：human_1；约2分钟（旧稿估时，待审）；资源：蒸制/蒸烤设备（模式及腔体待确认）；过程时间：待补】将盘子放在附送的有孔盘或架子上，放入设备第2层。第8步【热加工｜人工：human_1执行操作/介入；人工时段及用时待审；资源：蒸制/蒸烤设备（模式及腔体待确认）；过程时间：待补；旧稿建议约12分钟（待审核，不能直接采用）；核对：过程持续时间/状态终点待补；核实设备程序的模式、温度、时长和触发事件】开启电源，取出水箱加满水，选择“开始烹饪”按键，按屏幕提示操作。第9步【人工｜人工：human_1；约2分钟（旧稿估时，待审）；资源：基础厨具/操作台；过程时间：待补】烹饪结束后取出，撒上葱花即可。"
"5caf2ea3e78bfc455f2d5cad","快手香蕉派","A料：印度飞饼皮2张；B料：香蕉2根；全蛋液1个","第1步【人工｜人工：human_1；约3分钟（旧稿估时，待审）；资源：刀具+砧板；过程时间：待补】香蕉切丁备用。第2步【人工｜人工：human_1；约1分钟（旧稿估时，待审）；资源：冰箱冷冻区；过程时间：待补】取出冷冻的印度飞饼皮，在饼皮一侧摆满香蕉丁，将另一侧饼皮翻面覆盖在表面，边沿捏紧，在包好的香蕉派表面均匀刷上全蛋液。第3步【热加工｜人工：human_1执行操作/介入；人工时段及用时待审；资源：烤制设备（程序能力待核实）、烤盘/蒸烤盘；过程时间：待补；旧稿建议约18分钟（待审核，不能直接采用）；核对：过程持续时间/状态终点待补；核实设备程序的模式、温度、时长和触发事件】烤盘/蒸烤盘放入机器中间层，选择“开始烹饪”按键，按屏幕提示操作。"
"657951b7c458a177d84386bc","芋头蛋卷","主料：芋头3个；鸡蛋2个；食盐2克；食用油少许","第1步【说明｜不计独立工时；核对：标题不单独累计2分钟，具体动作见后续】食材准备。第2步【热加工｜人工：human_1执行操作/介入；人工时段及用时待审；资源：蒸制/蒸烤设备（模式及腔体待确认）；过程时间：待补；旧稿建议约20分钟（待审核，不能直接采用）；核对：过程持续时间/状态终点待补；核实设备程序的模式、温度、时长和触发事件】芋头洗干净后放入方太智能烹饪设备，开启电源，取出水箱加满水，选择“开始烹饪”按键，按屏幕提示操作。第3步【人工｜人工：human_1；约2分钟（旧稿估时，待审）；资源：基础厨具/操作台；过程时间：待补】鸡蛋打散加2g盐抽打均匀后用过滤网过滤一遍，这样蛋皮会更加细腻光滑。第4步【热加工｜人工：human_1执行操作/介入；人工时段及用时待审；资源：灶具+锅具；过程时间：待补；旧稿建议约5分钟（待审核，不能直接采用）；核对：按正文保留实际供热资源；人工操作段与被动加热段仍需分别审核；过程持续时间/状态终点待补】方太CS34BW磁控电磁灶小火1档，锅里用小火烧热，加一点点油、再倒入蛋液慢慢煎熟。第5步【复合工序｜人工：human_1执行操作/介入；人工时段及用时待审；资源：灶具+锅具；过程时间：待补；核对：含供热和人工操作，需分别确定持续时间；过程持续时间/状态终点待补】蛋皮慢慢煎熟后，用锅铲翻面并关火。第6步【等待｜人工：等待本身不占厨师；进出/检查需human_1另计；资源：锅具；过程时间：1分钟（原文或原文换算；非已批准执行值）；核对：余温过程不另加5分钟煎制】利用锅中余温继续处理蛋皮。第7步【人工｜人工：human_1执行操作/介入；人工时段及用时待审；资源：锅具+操作台；过程时间：待补】将蛋皮盛起。第8步【人工｜人工：human_1；约2分钟（旧稿估时，待审）；资源：基础厨具/操作台；过程时间：待补】蒸熟后剥去外皮，用勺子压念成泥，越细腻越好。第9步【人工｜人工：human_1；约2分钟（旧稿估时，待审）；资源：基础厨具/操作台；过程时间：待补】把煎好的蛋饼反正案板上，均匀涂抹上碾压好的芋泥。第10步【人工｜人工：human_1；约2分钟（旧稿估时，待审）；资源：基础厨具/操作台；过程时间：待补】拿起一边卷向另一边。第11步【人工｜人工：human_1；约3分钟（旧稿估时，待审）；资源：刀具+砧板；过程时间：待补】卷好后，均匀切成自己喜欢大小即可食用。"
"5caf2f00e78bfc455f2d5cb7","拿破仑酥","A料：低筋面粉110g；高筋面粉15g；黄油20g；盐1g；水63g；酥皮油80g；B料：全脂牛奶240g；细砂糖30g；香草荚1/2条；淀粉30g；蛋黄64g；黄油20g","第1步【人工｜人工：human_1；约2分钟（旧稿估时，待审）；资源：基础厨具/操作台；过程时间：待补】制作卡仕达酱：将B中淀粉和蛋黄搅拌混合均匀。第2步【热加工｜人工：human_1执行操作/介入；人工时段及用时待审；资源：灶具+锅具；过程时间：待补；旧稿建议约5分钟（待审核，不能直接采用）；核对：过程持续时间/状态终点待补】将牛奶、糖、香草荚放入厚底锅中，加热煮开，冲入蛋黄糊中，边冲入边不停搅拌。第3步【热加工｜人工：human_1执行操作/介入；人工时段及用时待审；资源：灶具+锅具；过程时间：待补；旧稿建议约2分钟（待审核，不能直接采用）；核对：按正文保留实际供热资源；人工操作段与被动加热段仍需分别审核；过程持续时间/状态终点待补】再小火加热，不停搅拌直至成粘稠状态。第4步【人工｜人工：human_1执行操作/介入；人工时段及用时待审；资源：锅具+操作台；过程时间：待补】离火加入黄油搅拌均匀，贴保鲜膜封面。第5步【等待｜人工：等待本身不占厨师；进出/检查需human_1另计；资源：容器；过程时间：待补；核对：冷却终点和时长待补；过程持续时间/状态终点待补】将卡仕达酱放凉。第6步【等待｜人工：等待本身不占厨师；进出/检查需human_1另计；资源：冰箱冷藏区；过程时间：待补；核对：原文无60分钟；保留至后续使用，设定温度和存放窗口待确认；过程持续时间/状态终点待补】将放凉的卡仕达酱冷藏备用。第7步【人工｜人工：human_1；约6分钟（旧稿估时，待审）；资源：筛网+冰箱（温区由相邻存储工序确定）；过程时间：待补】将A中粉类过筛，与黄油、盐、冰水混合均匀，搓至均匀无颗粒状态，揉成团，将面团封保鲜膜放冰箱。第8步【等待｜人工：等待本身不占厨师；进出/检查需human_1另计；资源：冰箱冷藏区；过程时间：30分钟左右（原文或原文换算；非已批准执行值）】冷藏30分钟左右。第9步【人工｜人工：human_1；约5分钟（旧稿估时，待审）；资源：擀面杖+操作台+冰箱（温区由相邻存储工序确定）；过程时间：待补】将酥皮油放烘焙纸上，擀成长10厘米宽10厘米的方形片状，放冰箱。第10步【等待｜人工：等待本身不占厨师；进出/检查需human_1另计；资源：冰箱冷藏区；过程时间：30分钟（原文或原文换算；非已批准执行值）；核对：按原文保留下界/区间或中文时间，不将下界当作唯一固定总时长】冷藏半小时。第11步【人工｜人工：human_1；约5分钟（旧稿估时，待审）；资源：擀面杖+操作台+冰箱（温区由相邻存储工序确定）；过程时间：待补】取出冰箱的面团擀成长23厘米宽11-12厘米的方形片状，将酥皮油放置面团中间，封住接口完全包住酥皮油，此时封口为H形，然后封口向下封口为“工”字型放置，将面团擀至长36厘米宽10厘米的方形片状，将面团翻面即接口面向上，进行三折即面团为3层，放冰箱。第12步【等待｜人工：等待本身不占厨师；进出/检查需human_1另计；资源：冰箱冷藏区；过程时间：30分钟左右（原文或原文换算；非已批准执行值）】冷藏30分钟左右。第13步【人工｜人工：human_1；约5分钟（旧稿估时，待审）；资源：擀面杖+操作台+冰箱（温区由相邻存储工序确定）；过程时间：待补】取出面团接口面向下，擀至长38厘米宽10厘米的方形片状，将面团翻面即接口面向上，进行第二次三折，放冰箱。第14步【等待｜人工：等待本身不占厨师；进出/检查需human_1另计；资源：冰箱冷藏区；过程时间：30分钟左右（原文或原文换算；非已批准执行值）】冷藏30分钟左右。第15步【人工｜人工：human_1；约5分钟（旧稿估时，待审）；资源：刀具+砧板、擀面杖+操作台+冰箱（温区由相邻存储工序确定）；过程时间：待补】取出面团接口面向下，擀至长36厘米宽10厘米的方形片状，将面团翻面即接口面向上，头尾用刀切除，进行第三次三折，放冰箱。第16步【等待｜人工：等待本身不占厨师；进出/检查需human_1另计；资源：冰箱冷藏区；过程时间：30分钟左右（原文或原文换算；非已批准执行值）】冷藏30分钟左右。第17步【人工｜人工：human_1；约5分钟（旧稿估时，待审）；资源：刀具+砧板、擀面杖+操作台+冰箱（温区由相邻存储工序确定）；过程时间：待补】取出面团接口面向下，擀至长36厘米宽10厘米的方形片状，四边用刀切除边沿，均匀扎孔，放入冰箱。第18步【等待｜人工：等待本身不占厨师；进出/检查需human_1另计；资源：冰箱冷冻区；过程时间：1小时（原文或原文换算；非已批准执行值）】冷冻1小时。第19步【热加工｜人工：human_1执行操作/介入；人工时段及用时待审；资源：烤制设备、烤制设备、烤盘/蒸烤盘；过程时间：待补；旧稿建议约25分钟（待审核，不能直接采用）；核对：过程持续时间/状态终点待补；核实设备程序的模式、温度、时长和触发事件】将浅烤盘放入烤箱第3层，选择“开始烹饪”按键，按屏幕提示操作。第20步【人工｜人工：human_1执行操作/介入；人工时段及用时待审；资源：烤箱；过程时间：待补】烘烤完成后取出酥皮。第21步【等待｜人工：等待本身不占厨师；进出/检查需human_1另计；资源：烤架/容器；过程时间：待补；核对：等待终点及时长待补；过程持续时间/状态终点待补】将酥皮放凉。第22步【人工｜人工：human_1执行操作/介入；人工时段及用时待审；资源：刀具+操作台；过程时间：待补】用刀切成所需形状，将酥层分开，挤卡仕达酱；最外层挤奶油并放时令水果装饰。"
"657951cac458a177d84387a1","五味乌鸡煲","主料：乌鸡1只（500克）；辅料：桑葚30克；熟地黄30克；紫草10克；侧柏叶10克；牡丹皮5克；盐4克","第1步【说明｜不计独立工时；核对：标题不单独累计2分钟，具体动作见后续】食材准备。第2步【人工｜人工：human_1；约6分钟（旧稿估时，待审）；资源：基础厨具/操作台；过程时间：待补】将乌骨鸡宰杀后，去除鸡毛和内脏，再用清水洗净。第3步【人工｜人工：human_1；约3分钟（旧稿估时，待审）；资源：基础厨具/操作台；过程时间：待补】将桑葚、熟地黄、紫草、侧柏叶、牡丹皮分别放入盆中用清水洗净。第4步【人工｜人工：human_1；约5分钟（旧稿估时，待审）；资源：基础厨具/操作台；过程时间：待补】用纱布包好。第5步【人工｜人工：human_1；约2分钟（旧稿估时，待审）；资源：基础厨具/操作台；过程时间：待补】放入乌骨鸡的腹腔中，用线扎好口。第6步【热加工｜人工：human_1执行操作/介入；人工时段及用时待审；资源：蒸制/蒸烤设备（模式及腔体待确认）；过程时间：待补；旧稿建议约90分钟（待审核，不能直接采用）；核对：过程持续时间/状态终点待补；核实设备程序的模式、温度、时长和触发事件】将乌骨鸡放入盘中，加入适量天然饮用水或中性矿泉水，放入方太智能烹饪设备，开启电源，取出水箱加满水，选择“开始烹饪”按键，按屏幕提示操作。第7步【人工｜人工：human_1执行操作/介入；人工时段及用时待审；资源：蒸制设备+操作台；过程时间：待补；核对：恢复原第7步调味；取出为完成边界补充】蒸好后取出，撒盐调味即可。"
"662f2c398b2aa2265e11548f","榴莲酥","主料：冷冻半成品榴莲酥10个；辅料：鸡蛋液30克","第1步【人工｜人工：human_1执行操作/介入；人工时段及用时待审；资源：冰箱冷冻区+操作台+烤盘；过程时间：待补】取冷冻榴莲酥，表面刷一层蛋液，间隔摆在垫有油纸的烤盘上。第2步【人工｜人工：human_1执行操作/介入；人工时段及用时待审；资源：蒸烤设备；过程时间：待补；核对：核实设备程序的模式、温度、时长和触发事件】将烤盘放入蒸烤一体机第2层，开启电源，选择“开始烹饪”，按屏幕提示设置。第3步【热加工｜人工：human_1执行操作/介入；人工时段及用时待审；资源：蒸烤设备；过程时间：待补；核对：需确认烤制模式、温度和时长；原20分钟仅为修订稿建议；过程持续时间/状态终点待补；核实设备程序的模式、温度、时长和触发事件】运行榴莲酥程序。"
"6528fae945256c3ad7c2648f","小碗蒸肉","主料：五花肉400克；素鸡150克；年糕100克；辅料：生抽10克；老抽10克；料酒10克；冰糖10克；油10克；盐2克","第1步【说明｜不计独立工时；核对：标题不单独累计2分钟，具体动作见后续】食材准备。第2步【人工｜人工：human_1；约3分钟（旧稿估时，待审）；资源：刀具+砧板；过程时间：待补】五花肉洗净小块，素鸡切成5毫米左右厚的片，年糕切薄片。第3步【热加工｜人工：human_1执行操作/介入；人工时段及用时待审；资源：灶具+锅具；过程时间：待补；旧稿建议约5分钟（待审核，不能直接采用）；核对：过程持续时间/状态终点待补】方太燃气灶开大火（7档），锅内倒油，先将素鸡小火煎至两面微黄。第4步【人工｜人工：human_1；约1分钟（旧稿估时，待审）；资源：基础厨具/操作台；过程时间：待补；核对：修复上一修订稿按关键词断句造成的不完整表达】将煎好的素鸡盛出，放入凉水中。第5步【等待｜人工：等待本身不占厨师；进出/检查需human_1另计；资源：承载容器/存放区（条件待确认）；过程时间：5分钟（原文或原文换算；非已批准执行值）】浸泡5分钟。第6步【人工｜人工：human_1；约2分钟（旧稿估时，待审）；资源：基础厨具/操作台；过程时间：待补】将处理过的素鸡、年糕片，均匀码在有一定深度的碗中。第7步【热加工｜人工：human_1执行操作/介入；人工时段及用时待审；资源：灶具+锅具；过程时间：待补；旧稿建议约2分钟（待审核，不能直接采用）；核对：按正文保留实际供热资源；人工操作段与被动加热段仍需分别审核；过程持续时间/状态终点待补】锅内不倒油，放入五花肉煸至边缘微黄，逼出部分猪油。第8步【热加工｜人工：human_1执行操作/介入；人工时段及用时待审；资源：灶具+锅具；过程时间：待补；旧稿建议约5分钟（待审核，不能直接采用）；核对：过程持续时间/状态终点待补】热锅凉油放入冰糖（糖和油的比例大致为1:1），中小火翻炒至冰糖融化、颜色接近红棕色时放入五花肉上色。第9步【热加工｜人工：human_1执行操作/介入；人工时段及用时待审；资源：灶具+锅具；过程时间：待补；旧稿建议约2分钟（待审核，不能直接采用）；核对：按正文保留实际供热资源；人工操作段与被动加热段仍需分别审核；过程持续时间/状态终点待补】猪肉均匀上色后加入1汤勺老抽、2汤勺生抽、2汤勺料酒和2碗热水。第10步【热加工｜人工：human_1执行操作/介入；人工时段及用时待审；资源：灶具+锅具；过程时间：待补；核对：烧开所需时间待补；过程持续时间/状态终点待补】大火（7档）烧开。第11步【人工｜人工：human_1执行操作/介入；人工时段及用时待审；资源：灶具+锅具；过程时间：待补】转小火（2档），盖上盖子。第12步【热加工｜人工：human_1执行操作/介入；人工时段及用时待审；资源：灶具+锅具；过程时间：20分钟（原文或原文换算；非已批准执行值）；核对：20分钟仅为转小火后的煮制时间；巡视要求待审】保持小火煮制。第13步【热加工｜人工：human_1执行操作/介入；人工时段及用时待审；资源：灶具+锅具；过程时间：待补；旧稿建议约2分钟（待审核，不能直接采用）；核对：按正文保留实际供热资源；人工操作段与被动加热段仍需分别审核；过程持续时间/状态终点待补】汤汁浓稠后，加入少许盐调味即可。第14步【人工｜人工：human_1；约2分钟（旧稿估时，待审）；资源：基础厨具/操作台；过程时间：待补】用筷子将炖好的猪肉，挨个放到刚刚的碗里，再均匀淋一些肉汁。第15步【热加工｜人工：human_1执行操作/介入；人工时段及用时待审；资源：蒸制/蒸烤设备（模式及腔体待确认）；过程时间：待补；旧稿建议约45分钟（待审核，不能直接采用）；核对：过程持续时间/状态终点待补；核实设备程序的模式、温度、时长和触发事件】放入方太智能烹饪设备，开启电源，取出水箱加满水，选择“开始烹饪”按键，按屏幕提示操作。"
"5fe197175f8f38795ea6fe77","豆豉蒸腐竹（台式）","A料：腐竹150克；小葱一根；B料：食用油3汤匙；豆豉2汤匙；蒜4瓣；红剁椒1汤匙；C料：鸡汤100克；盐1克；白糖3克；鸡精1克","第1步【人工｜人工：human_1执行操作/介入；人工时段及用时待审；资源：刀具+砧板+容器；过程时间：待补】将腐竹切成6cm长的段，加入开水。第2步【等待｜人工：等待本身不占厨师；进出/检查需human_1另计；资源：容器；过程时间：2小时（原文或原文换算；非已批准执行值）】泡发腐竹，至完全软烂无干硬状态。第3步【人工｜人工：human_1执行操作/介入；人工时段及用时待审；资源：操作台；过程时间：待补】挤干水分，整齐摆在盘中。第4步【人工｜人工：human_1；约3分钟（旧稿估时，待审）；资源：刀具+砧板；过程时间：待补】将蒜去皮切末，豆豉切碎。第5步【热加工｜人工：human_1执行操作/介入；人工时段及用时待审；资源：灶具+锅具；过程时间：待补；旧稿建议约5分钟（待审核，不能直接采用）；核对：本步使用已切好的配料，不把刀板占用跨越整个热加工；过程持续时间/状态终点待补】将炒锅上火烧热，倒入食用油，放豆豉、蒜末、剁椒，小火炒香，然后均匀的浇在腐竹上。第6步【人工｜人工：human_1；约2分钟（旧稿估时，待审）；资源：基础厨具/操作台；过程时间：待补】鸡汤中加入C中调料，溶解后将鸡汤倒入装有腐竹的盘中。第7步【人工｜人工：human_1；约1分钟（旧稿估时，待审）；资源：蒸制/蒸烤设备（模式及腔体待确认）；过程时间：待补】将盘子放在有孔蒸盘上，放入机器中间层，取出水箱加满水。第8步【热加工｜人工：human_1执行操作/介入；人工时段及用时待审；资源：蒸制/蒸烤设备（模式及腔体待确认）；过程时间：待补；旧稿建议约12分钟（待审核，不能直接采用）；核对：过程持续时间/状态终点待补；核实设备程序的模式、温度、时长和触发事件】选择“开始烹饪”按键，按屏幕提示操作。第9步【人工｜人工：human_1；约2分钟（旧稿估时，待审）；资源：基础厨具/操作台；过程时间：待补】烹饪结束后取出，撒上葱花即可。"
"5f5ecdaadad9417a1b793a9f","广式月饼（台式）","A料：转化糖浆105克；中筋粉153克；花生油22克；枧水3克；B料：豆沙馅630克；C料：蛋黄1个","第1步【人工｜人工：human_1；约2分钟（旧稿估时，待审）；资源：基础厨具/操作台；过程时间：待补】将枧水加入转化糖浆中，用刮刀搅拌均匀。第2步【人工｜人工：human_1；约2分钟（旧稿估时，待审）；资源：基础厨具/操作台；过程时间：待补】再加入花生油，充分搅拌乳化呈较粘稠状态。第3步【人工｜人工：human_1；约2分钟（旧稿估时，待审）；资源：基础厨具/操作台；过程时间：待补】将中筋粉加入到上述混合液中，用刮刀翻拌均匀（不要过度翻拌）。第4步【人工｜人工：human_1；约2分钟（旧稿估时，待审）；资源：基础厨具/操作台；过程时间：待补】盖上保鲜膜常温。第5步【等待｜人工：等待本身不占厨师；进出/检查需human_1另计；资源：承载容器/存放区（条件待确认）；过程时间：1小时（原文或原文换算；非已批准执行值）】静置1小时。第6步【人工｜人工：human_1；约2分钟（旧稿估时，待审）；资源：基础厨具/操作台；过程时间：待补】将月饼皮面团分割成12个小面团,每个约22g。第7步【人工｜人工：human_1；约2分钟（旧稿估时，待审）；资源：基础厨具/操作台；过程时间：待补】630g豆沙馅分成12份，每份约53g，搓成球形，在成型的皮与馅上盖保鲜膜，防止干皮。第8步【人工｜人工：human_1；约5分钟（旧稿估时，待审）；资源：基础厨具/操作台；过程时间：待补】将月饼皮面团按扁，包入馅心，双手配合，推捏面团，包住整个馅料并收口。第9步【人工｜人工：human_1；约5分钟（旧稿估时，待审）；资源：成型模具；过程时间：待补】将包好的月饼表面滚上一层面粉，放入模具中，按压成型。第10步【人工｜人工：human_1；约2分钟（旧稿估时，待审）；资源：烤盘/蒸烤盘；过程时间：待补】将成型月饼放在垫有油纸的烤盘上，顶部均匀刷上一层薄薄的蛋黄液（1个蛋黄，5g水），将蒸烤盘放入机器中间层。第11步【热加工｜人工：human_1执行操作/介入；人工时段及用时待审；资源：烤制设备（程序能力待核实）；过程时间：待补；旧稿建议约18分钟（待审核，不能直接采用）；核对：过程持续时间/状态终点待补；核实设备程序的模式、温度、时长和触发事件】选择“开始烹饪”按键，按屏幕提示操作。第12步【人工｜人工：human_1执行操作/介入；人工时段及用时待审；资源：烤制设备；过程时间：待补】烘烤结束后取出月饼。第13步【等待｜人工：等待本身不占厨师；进出/检查需human_1另计；资源：容器；过程时间：待补；核对：冷却终点及时长待补；过程持续时间/状态终点待补】将月饼晾凉。第14步【可选等待｜人工：等待本身不占厨师；进出/检查需human_1另计；资源：存放容器；过程时间：1–2天（原文或原文换算；非已批准执行值）；核对：原文风味建议；是否选用需明确，不默认增加为必需工序】原文建议放置一两天待回油后食用，风味更佳。第15步【说明｜不计独立工时】630g馅分12份原文写每份约53g，需保留约数而非按精确636g强制守恒。"
"6492a7c6933a4b7277dee237","Q弹果冻鸡蛋羹","主料：鸡蛋2个（65克左右）；开水180克；辅料：盐2克","第1步【说明｜不计独立工时；核对：标题不单独累计2分钟，具体动作见后续】准备食材。第2步【人工｜人工：human_1；约2分钟（旧稿估时，待审）；资源：电动/手动打蛋器；过程时间：待补】准备两个鸡蛋，两个碗，一个打蛋器，一碗白开水，一个面粉筛。第3步【人工｜人工：human_1；约2分钟（旧稿估时，待审）；资源：基础厨具/操作台；过程时间：待补】两个鸡蛋彻底打散，挂直线。第4步【人工｜人工：human_1；约2分钟（旧稿估时，待审）；资源：基础厨具/操作台；过程时间：待补】加入盐，温水，搅拌均匀。第5步【人工｜人工：human_1；约2分钟（旧稿估时，待审）；资源：筛网；过程时间：待补】面粉筛过筛，勺子撇掉泡沫，盖保鲜膜。第6步【热加工｜人工：human_1执行操作/介入；人工时段及用时待审；资源：蒸制/蒸烤设备（模式及腔体待确认）；过程时间：待补；旧稿建议约12分钟（待审核，不能直接采用）；核对：过程持续时间/状态终点待补；核实设备程序的模式、温度、时长和触发事件】放入方太智能烹饪设备第2层，开启电源，取出水箱加满水，选择“开始烹饪”按键，按屏幕提示操作。第7步【说明｜不计独立工时】可以吸的鸡蛋羹做好啦！嫩的看得见~。"
"58e70ae1a3fd4a750f4b75b0","韩式泡菜鸦片鱼头","A料：鸦片鱼头1个（（约300g））；B料：小葱4段；生姜2片；盐2克；料酒15克；C料：食用油15克；生姜1片；韩式泡菜50克；五花肉20克；洋葱1/4个；清水100克；泡菜汁30克（（泡菜包中的汁水））；辣椒粉2克；香辣酱5克","第1步【人工｜人工：human_1执行操作/介入；人工时段及用时待审；资源：操作台；过程时间：待补】将鸦片鱼头去鳃。第2步【热加工｜人工：human_1执行操作/介入；人工时段及用时待审；资源：热水容器；过程时间：15秒（原文或原文换算；非已批准执行值）；核对：热水制备来源待补；15秒不得擅自改成1分钟】用90℃左右的热水烫鱼头。第3步【人工｜人工：human_1执行操作/介入；人工时段及用时待审；资源：刀具+砧板；过程时间：待补】用刀轻刮细鱼鳞，洗净沥干，从中间剖开。第4步【人工｜人工：human_1；约2分钟（旧稿估时，待审）；资源：基础厨具/操作台；过程时间：待补】将B中的葱段、姜片放在盘子底部，放入鸦片鱼头，将盐均匀抹在鱼头上，倒入料酒。第5步【等待｜人工：等待本身不占厨师；进出/检查需human_1另计；资源：承载容器/存放区（条件待确认）；过程时间：10分钟（原文或原文换算；非已批准执行值）】腌制10分钟。第6步【热加工｜人工：human_1执行操作/介入；人工时段及用时待审；资源：灶具+锅具；过程时间：待补；旧稿建议约5分钟（待审核，不能直接采用）；核对：本步使用已切好的配料，不把刀板占用跨越整个热加工；过程持续时间/状态终点待补】将炒锅加热，加入C中食用油，倒入姜末炒出香味，先将切好的五花肉和泡菜倒入锅中翻炒至完全成熟，再加入洋葱末稍稍煸炒后加清水、泡菜汁、辣椒粉、香辣酱，煮沸即可。第7步【人工｜人工：human_1；约2分钟（旧稿估时，待审）；资源：蒸制/蒸烤设备（模式及腔体待确认）；过程时间：待补】将烧好的泡菜汤倒在鱼上，使泡菜覆盖住鱼身，将鱼盘放在附送的有孔盘或架子上，放入设备第2层。第8步【热加工｜人工：human_1执行操作/介入；人工时段及用时待审；资源：蒸制/蒸烤设备（模式及腔体待确认）；过程时间：待补；旧稿建议约12分钟（待审核，不能直接采用）；核对：过程持续时间/状态终点待补；核实设备程序的模式、温度、时长和触发事件】开启电源，取出水箱加满水，选择“开始烹饪”按键，按屏幕提示操作。第9步【人工｜人工：human_1；约1分钟（旧稿估时，待审）；资源：基础厨具/操作台；过程时间：待补】烹饪结束后取出，趁热食用。"
"65795250c458a177d8438dea","南瓜鸡腿煲","主料：小南瓜1个；鸡腿1只（约300克）；青豆50克；大蒜5瓣；生姜10克；小葱2根；辅料：食盐5克；黑胡椒粉2克；干淀粉10克；蚝油10毫升；番茄酱10克；花生油15毫升","第1步【说明｜不计独立工时；核对：标题不单独累计2分钟，具体动作见后续】食材准备。第2步【人工｜人工：human_1；约3分钟（旧稿估时，待审）；资源：刀具+砧板；过程时间：待补】鸡腿去掉骨头，切成小块。第3步【热加工｜人工：human_1执行操作/介入；人工时段及用时待审；资源：灶具+锅具；过程时间：待补；旧稿建议约5分钟（待审核，不能直接采用）；核对：过程持续时间/状态终点待补；原文8/9档段火与设备清单1–7冲突，保留原值待核实】方太电磁灶开至9段大火，锅里烧开水，水开后加入2克食盐。第4步【热加工｜人工：human_1执行操作/介入；人工时段及用时待审；资源：灶具+锅具；过程时间：待补；旧稿建议约5分钟（待审核，不能直接采用）；核对：过程持续时间/状态终点待补】将鸡腿丁倒入开水里焯水捞出，再将青豆放入开水里焯水捞出备用。第5步【人工｜人工：human_1；约2分钟（旧稿估时，待审）；资源：基础厨具/操作台；过程时间：待补】用凉水冲洗干净备用。第6步【人工｜人工：human_1；约3分钟（旧稿估时，待审）；资源：刀具+砧板；过程时间：待补】蒜拍碎，姜、葱切末。第7步【人工｜人工：human_1执行操作/介入；人工时段及用时待审；资源：操作台；过程时间：待补；核对：修正原分类；既成状态或装料/收尾不再重复计作等待/热加工】将焯水的鸡肉和青豆放入搅拌盆里面，将蒜瓣、姜末、葱末放在盆中。第8步【人工｜人工：human_1；约2分钟（旧稿估时，待审）；资源：基础厨具/操作台；过程时间：待补】加入蚝油、番茄酱、黑胡椒、盐、淀粉、食用油放入盆中混合。第9步【等待｜人工：等待本身不占厨师；进出/检查需human_1另计；资源：承载容器/存放区（条件待确认）；过程时间：30分钟左右（原文或原文换算；非已批准执行值）】腌制30分钟左右。第10步【人工｜人工：human_1；约3分钟（旧稿估时，待审）；资源：刀具+砧板；过程时间：待补】南瓜切开，用小勺子将南瓜掏空。第11步【人工｜人工：human_1；约1分钟（旧稿估时，待审）；资源：基础厨具/操作台；过程时间：待补】再将腌制好的鸡肉和青豆放入南瓜盅里面。第12步【热加工｜人工：human_1执行操作/介入；人工时段及用时待审；资源：蒸制/蒸烤设备（模式及腔体待确认）；过程时间：待补；旧稿建议约30分钟（待审核，不能直接采用）；核对：过程持续时间/状态终点待补；核实设备程序的模式、温度、时长和触发事件】放入方太智能烹饪设备，开启电源，取出水箱加满水，选择“开始烹饪”按键，按屏幕提示操作。第13步【人工｜人工：human_1；约2分钟（旧稿估时，待审）；资源：基础厨具/操作台；过程时间：待补】取出撒上葱花即可食用。"
"5caf2ba9e78bfc455f2d5c55","松子枣泥拉糕","A料：干红枣200g；清水1000g；B料：糯米粉300g；粳米粉200g；熟猪油100g；红豆沙100g；白糖150g；松子50g","第1步【人工｜人工：human_1；约3分钟（旧稿估时，待审）；资源：基础厨具/操作台；过程时间：待补】将干红枣洗净后放入大碗中，加入1000g温热水。第2步【等待｜人工：等待本身不占厨师；进出/检查需human_1另计；资源：承载容器/存放区（条件待确认）；过程时间：1小时（原文或原文换算；非已批准执行值）】浸泡1小时。第3步【复合工序｜人工：human_1执行操作/介入；人工时段及用时待审；资源：蒸制设备；过程时间：30分钟（原文或原文换算；非已批准执行值）；核对：100℃/30分钟为热加工，装料及蒸制模式另需确认】将浸泡好的红枣连同浸泡液一起放入蒸箱，设置100℃，蒸制30分钟。第4步【等待｜人工：等待本身不占厨师；进出/检查需human_1另计；资源：容器；过程时间：待补；核对：终点与时长待补；过程持续时间/状态终点待补】待熟红枣在浸泡液中冷却。第5步【人工｜人工：human_1执行操作/介入；人工时段及用时待审；资源：操作台；过程时间：待补】去皮、去核取肉，捣成泥；浸泡液保留备用。第6步【热加工｜人工：human_1执行操作/介入；人工时段及用时待审；资源：灶具+锅具；过程时间：待补；核对：炒制时长待补；过程持续时间/状态终点待补】炒锅烧热，倒入B中的熟猪油，融化后加入枣泥、豆沙、白糖，小火炒成均匀糊状后关火。第7步【人工｜人工：human_1执行操作/介入；人工时段及用时待审；资源：锅具+操作台；过程时间：待补】加入500g红枣浸泡液搅拌均匀。第8步【等待｜人工：等待本身不占厨师；进出/检查需human_1另计；资源：容器；过程时间：待补；核对：等待时长待补；过程持续时间/状态终点待补】将枣泥豆沙糊冷却备用。第9步【人工｜人工：human_1；约2分钟（旧稿估时，待审）；资源：基础厨具/操作台；过程时间：待补】将糯米粉与粳米粉混合，加入调制好的枣泥豆沙糊，用刮刀搅拌成均匀的粉糊状。第10步【热加工｜人工：human_1执行操作/介入；人工时段及用时待审；资源：蒸制/蒸烤设备（模式及腔体待确认）、成型模具；过程时间：40分钟（原文或原文换算；非已批准执行值）】取一方形浅口模具，铺上硅油纸，倒入搅拌均匀的粉糊，轻震两下使表面平整，将模具放入蒸箱中间层，选择“普通蒸”模式，设置100℃、40分钟，按确认键，开始烹饪。第11步【人工｜人工：human_1执行操作/介入；人工时段及用时待审；资源：蒸制设备；过程时间：待补】烹饪结束后取出。第12步【等待｜人工：等待本身不占厨师；进出/检查需human_1另计；资源：模具；过程时间：待补；核对：终点及时长待补；过程持续时间/状态终点待补】将拉糕晾凉。第13步【人工｜人工：human_1执行操作/介入；人工时段及用时待审；资源：刀具+操作台；过程时间：待补】用刀切成所需形状，剥些松子仁点缀装盘。"
"66715324bfbee338853895c7","轻松一锅蒸","A料：腊肉1块；香肠1条；咸鱼块1块；B料：香干200克；盐2克；红剁椒30克；蒜末10克；豆豉6克；猪油7克；白砂糖2克；生抽6克；老抽1克；纯净水25克；葱花2克；C料：细长茄子350克；蒜末12克；醋15克；生抽30克；盐1克；白砂糖5克；D料：甜南瓜400克；红枣10个；糖桂花2勺；主料：鳙鱼头1条；葱段15克；姜片6克；盐25克；料酒30克；双色剁椒酱200克；葱花5克","第1步【人工｜人工：human_1；约3分钟（旧稿估时，待审）；资源：基础厨具/操作台；过程时间：待补】双椒鳙鱼头：将1个鳙鱼头去除鱼鳞、鱼鳃和内脏，洗净并沥干水分，再沿着背鳍将鱼头对半劈开，鱼背肉厚处片刀。第2步【人工｜人工：human_1；约2分钟（旧稿估时，待审）；资源：基础厨具/操作台；过程时间：待补】将15g葱段、6g姜片放在鱼盘底部，放入鳙鱼头，将2.5g盐均匀抹在鱼头上，倒入30g料酒。第3步【等待｜人工：等待本身不占厨师；进出/检查需human_1另计；资源：承载容器/存放区（条件待确认）；过程时间：10分钟（原文或原文换算；非已批准执行值）】腌制10分钟。第4步【人工｜人工：human_1；约2分钟（旧稿估时，待审）；资源：刀具+砧板；过程时间：待补】将鱼头放入大号双耳盘中，将200g双色剁椒酱浇在鳙鱼头上。第5步【人工｜人工：human_1；约3分钟（旧稿估时，待审）；资源：刀具+砧板；过程时间：待补】腊味合蒸：处理食材，腊肉和香肠切成薄片，咸鱼切块，铺在小号碗中。第6步【人工｜人工：human_1；约3分钟（旧稿估时，待审）；资源：刀具+砧板；过程时间：待补】豆豉蒸香干：200g香干切片，加入400g温水、2g盐。第7步【等待｜人工：等待本身不占厨师；进出/检查需human_1另计；资源：承载容器/存放区（条件待确认）；过程时间：30min（原文或原文换算；非已批准执行值）】浸泡30min。第8步【人工｜人工：human_1；约2分钟（旧稿估时，待审）；资源：刀具+砧板；过程时间：待补】取出豆干铺在小号碗中，加入30g红剁椒、10g蒜末、6g豆豉、7g猪油、2g白砂糖、6g生抽、1g老抽、25g纯净水，准备烹饪。第9步【人工｜人工：human_1；约3分钟（旧稿估时，待审）；资源：刀具+砧板；过程时间：待补】酱醋茄子：将350g茄子洗净去蒂，切成7cm段，摆放在中号碗中。第10步【人工｜人工：human_1；约2分钟（旧稿估时，待审）；资源：基础厨具/操作台；过程时间：待补】取一小碗准备酱料：12g蒜末、15香醋、30g生抽、1g盐、5g白砂糖混合均匀备用。第11步【人工｜人工：human_1；约3分钟（旧稿估时，待审）；资源：刀具+砧板；过程时间：待补】红枣南瓜：400g南瓜去皮去瓜瓤，10个红枣去核，清洗干净。第12步【人工｜人工：human_1；约3分钟（旧稿估时，待审）；资源：刀具+砧板；过程时间：待补】将南瓜切成小块、红枣对半切开，摆入中号碗中。第13步【人工｜人工：human_1；约2分钟（旧稿估时，待审）；资源：烤盘/蒸烤盘；过程时间：待补】将5道菜放入蒸烤盘和蒸烤架上，蒸烤架放入第1层，蒸烤盘放入第3层。第14步【热加工｜人工：human_1执行操作/介入；人工时段及用时待审；资源：蒸制/蒸烤设备（模式及腔体待确认）；过程时间：待补；旧稿建议约30分钟（待审核，不能直接采用）；核对：过程持续时间/状态终点待补；核实设备程序的模式、温度、时长和触发事件】取出水箱加满水，选择“开始烹饪”按键，按屏幕提示操作。第15步【说明｜不计独立工时】原文香醋“15香醋”缺单位，保留原文并待确认。第16步【说明｜不计独立工时】固定五菜套餐按一个既定程序核实热参数及共享腔体。"
"65433d5545256c3ad7c26fbb","清蒸火焙鱼","主料：火焙鱼150克；青辣椒20克；辅料：油10毫升；盐3克","第1步【说明｜不计独立工时；核对：标题不单独累计2分钟，具体动作见后续】食材准备。第2步【等待｜人工：等待本身不占厨师；进出/检查需human_1另计；资源：容器；过程时间：3–5分钟（原文或原文换算；非已批准执行值）；核对：保留时间区间，不自动固定2分钟】将干火焙鱼放入清水浸泡。第3步【人工｜人工：human_1执行操作/介入；人工时段及用时待审；资源：操作台；过程时间：待补】捞出鱼，去头后装碗。第4步【人工｜人工：human_1；约3分钟（旧稿估时，待审）；资源：刀具+砧板；过程时间：待补】青椒切圈。第5步【人工｜人工：human_1；约2分钟（旧稿估时，待审）；资源：基础厨具/操作台；过程时间：待补】青椒圈铺在火焙鱼上面，加油、盐。第6步【热加工｜人工：human_1执行操作/介入；人工时段及用时待审；资源：蒸制/蒸烤设备（模式及腔体待确认）；过程时间：待补；旧稿建议约12分钟（待审核，不能直接采用）；核对：过程持续时间/状态终点待补；核实设备程序的模式、温度、时长和触发事件】放入方太智能烹饪设备，开启电源，取出水箱加满水，选择“开始烹饪”按键，按屏幕提示操作。第7步【人工｜人工：human_1；约2分钟（旧稿估时，待审）；资源：基础厨具/操作台；过程时间：待补】取出淋上白醋即可。"
"5f73fee8a6daaa3b53ba043c","美式薯条","A料：半成品冷冻薯条200克","第1步【人工｜人工：human_1；约2分钟（旧稿估时，待审）；资源：基础厨具/操作台；过程时间：待补】将薯条均匀的铺在垫有硅油纸的蒸烤架上，放入机器中间层。第2步【热加工｜人工：human_1执行操作/介入；人工时段及用时待审；资源：烤制设备（程序能力待核实）；过程时间：待补；旧稿建议约18分钟（待审核，不能直接采用）；核对：过程持续时间/状态终点待补；核实设备程序的模式、温度、时长和触发事件】选择“开始烹饪”按键，按屏幕提示操作。第3步【人工｜人工：human_1；约1分钟（旧稿估时，待审）；资源：基础厨具/操作台；过程时间：待补】待烹饪结束后，取出薯条，即可食用。"
"5a38d6b3f254230b76e2b50f","蒜香烤茄子","A料：粗紫茄子2个；B料：蒜瓣40克；色拉油30克；辣黄豆酱10克；海鲜酱10克；美极鲜汁2克；生抽5克；矿泉水20克；C料：孜然粉适量；辣椒粉适量；熟白芝麻适量；葱适量","第1步【人工｜人工：human_1执行操作/介入；人工时段及用时待审；资源：操作台+烤箱；过程时间：待补】茄子洗净后放烤架，开启烤箱，将茄子放入。第2步【热加工｜人工：human_1执行操作/介入；人工时段及用时待审；资源：烤箱；过程时间：待补；核对：首段模式、温度、时长待补；过程持续时间/状态终点待补】进行第一段茄子烘烤。第3步【复合工序｜人工：human_1执行操作/介入；人工时段及用时待审；资源：灶具+锅具、刀具+砧板；过程时间：待补；旧稿建议约3分钟（待审核，不能直接采用）；核对：含供热和人工操作，需分别确定持续时间；过程持续时间/状态终点待补】将蒜瓣去皮后切成蒜蓉，锅中加入色拉油，加蒜末炒成浅金黄色，盛入小碗，加入辣黄豆酱、海鲜酱、美极鲜汁、生抽、矿泉水混合均匀。第4步【人工｜人工：human_1；约3分钟（旧稿估时，待审）；资源：烤制设备、刀具+砧板、烤盘/蒸烤盘；过程时间：待补】将烤好的茄子从烤箱中取出，放在垫有锡纸的烤盘上，对半切开，竖划几刀使之便于入味，将步骤2中的调味料均匀地铺在茄子表面。第5步【人工｜人工：human_1；约2分钟（旧稿估时，待审）；资源：基础厨具/操作台；过程时间：待补】依据个人口味在茄子表面均匀地撒上辣椒粉、孜然粉、熟白芝麻。第6步【人工｜人工：human_1执行操作/介入；人工时段及用时待审；资源：烤箱；过程时间：待补】将调味后的茄子放回烤箱。第7步【热加工｜人工：human_1执行操作/介入；人工时段及用时待审；资源：烤箱；过程时间：待补；核对：第二段模式、温度、时长待补；不得与首段合并；过程持续时间/状态终点待补】按提示继续第二段烘烤。第8步【人工｜人工：human_1执行操作/介入；人工时段及用时待审；资源：烤箱+操作台；过程时间：待补；核对：修正原分类；既成状态或装料/收尾不再重复计作等待/热加工】烘烤完成后取出，撒上葱花趁热食用。"
"58e70b139f6429675ec8060c","葱香土豆泥","A料：土豆400~500g；B料：小葱2根；大葱半根；食用油2汤匙；盐1/2茶匙；黑胡椒粉1/4茶匙；鸡精1/2茶匙","第1步【人工｜人工：human_1；约3分钟（旧稿估时，待审）；资源：刀具+砧板；过程时间：待补】将A中的土豆洗净，削皮，切成约0.2cm的薄片，均匀铺在附送的无孔盘中。第2步【热加工｜人工：human_1执行操作/介入；人工时段及用时待审；资源：蒸制/蒸烤设备（模式及腔体待确认）；过程时间：待补；旧稿建议约20分钟（待审核，不能直接采用）；核对：过程持续时间/状态终点待补；核实设备程序的模式、温度、时长和触发事件】放入设备第2层，开启电源，取出水箱加满水，选择“开始烹饪”按键，按屏幕提示操作。第3步【人工｜人工：human_1执行操作/介入；人工时段及用时待审；资源：蒸制设备；过程时间：待补】烹饪结束后取出土豆片。第4步【等待｜人工：等待本身不占厨师；进出/检查需human_1另计；资源：容器；过程时间：待补；核对：冷却终点及时长待补；过程持续时间/状态终点待补】将土豆片晾凉。第5步【人工｜人工：human_1执行操作/介入；人工时段及用时待审；资源：操作台；过程时间：待补】将土豆片捣成土豆泥。第6步【人工｜人工：human_1；约3分钟（旧稿估时，待审）；资源：刀具+砧板；过程时间：待补】将B中的小葱切成葱花，大葱切成4段。第7步【热加工｜人工：human_1执行操作/介入；人工时段及用时待审；资源：灶具+锅具；过程时间：待补；旧稿建议约5分钟（待审核，不能直接采用）；核对：过程持续时间/状态终点待补】将炒锅烧热，倒入B中的食用油，待油温升至七成热（略微冒烟）时放入大葱煸炒，葱香味出来后夹出，改用小火，将土豆泥倒入锅中，加入盐、黑胡椒粉、鸡精翻炒均匀即可，最后加入葱花，起锅装盘，趁热食用。"
"6528fad345256c3ad7c2638b","酿莴苣","主料：莴苣300克；肉末70克；辅料：生姜10克；大葱10克；小葱2根；食用油10毫升；香油5毫升；生抽10毫升；食盐3克；生粉10克","第1步【说明｜不计独立工时；核对：标题不单独累计2分钟，具体动作见后续】食材准备。第2步【人工｜人工：human_1；约3分钟（旧稿估时，待审）；资源：刀具+砧板；过程时间：待补】莴苣去皮，切成3厘米左右的莴苣段。第3步【人工｜人工：human_1；约2分钟（旧稿估时，待审）；资源：基础厨具/操作台；过程时间：待补】将莴苣段用小刀掏成底部边缘大致为3毫米左右的空心状，备用。第4步【人工｜人工：human_1；约3分钟（旧稿估时，待审）；资源：刀具+砧板；过程时间：待补】生姜、大葱、小葱都切末。第5步【人工｜人工：human_1；约2分钟（旧稿估时，待审）；资源：基础厨具/操作台；过程时间：待补】肉末至大碗中，加入姜末、葱末。第6步【人工｜人工：human_1；约2分钟（旧稿估时，待审）；资源：基础厨具/操作台；过程时间：待补】倒入食用油、食盐、生抽、生粉。第7步【人工｜人工：human_1；约2分钟（旧稿估时，待审）；资源：基础厨具/操作台；过程时间：待补】将其搅拌均匀，制成肉馅。第8步【人工｜人工：human_1；约5分钟（旧稿估时，待审）；资源：基础厨具/操作台；过程时间：待补】将肉馅酿到莴苣段中，稍鼓起。第9步【热加工｜人工：human_1执行操作/介入；人工时段及用时待审；资源：蒸制/蒸烤设备（模式及腔体待确认）；过程时间：待补；旧稿建议约15分钟（待审核，不能直接采用）；核对：过程持续时间/状态终点待补；核实设备程序的模式、温度、时长和触发事件】将莴苣放入方太智能烹饪设备，开启电源，取出水箱加满水，选择“开始烹饪”按键，按屏幕提示操作。第10步【人工｜人工：human_1；约2分钟（旧稿估时，待审）；资源：基础厨具/操作台；过程时间：待补】蒸好取出，淋上香油。"
"65795251c458a177d8438e01","虾米豆豉蒸排骨","主料：排骨300克；辅料：油豆腐20克；虾米豆豉酱20克；生抽10克；料酒10克；生粉5克；砂糖3克；麻油2克；胡椒粉2克","第1步【说明｜不计独立工时；核对：标题不单独累计2分钟，具体动作见后续】食材准备。第2步【复合工序｜人工：human_1执行操作/介入；人工时段及用时待审；资源：水槽；过程时间：10分钟（原文或原文换算；非已批准执行值）；核对：原文10分钟保留；人工参与时段及冲水方式待确认，不直接算3分钟】将排骨冲水10分钟，洗净沥干。第3步【人工｜人工：human_1；约3分钟（旧稿估时，待审）；资源：刀具+砧板；过程时间：待补】油豆腐切半备用。第4步【人工｜人工：human_1执行操作/介入；人工时段及用时待审；资源：操作台；过程时间：待补】排骨中加入虾米豆豉酱、生抽、料酒、砂糖、胡椒粉、麻油及生粉拌匀。第5步【等待｜人工：等待本身不占厨师；进出/检查需human_1另计；资源：容器；过程时间：10分钟（原文或原文换算；非已批准执行值）】将拌好调料的排骨腌制。第6步【人工｜人工：human_1；约2分钟（旧稿估时，待审）；资源：基础厨具/操作台；过程时间：待补】在蒸碟上放上油豆腐及排骨。第7步【热加工｜人工：human_1执行操作/介入；人工时段及用时待审；资源：蒸制/蒸烤设备（模式及腔体待确认）；过程时间：待补；旧稿建议约25分钟（待审核，不能直接采用）；核对：过程持续时间/状态终点待补；核实设备程序的模式、温度、时长和触发事件】放入方太智能烹饪设备，开启电源，取出水箱加满水，选择“开始烹饪”按键，按屏幕提示操作。"
"64706f256f734220a4e24b47","祛寒羊肉汤","主料：羊肋排500克；红枣80克；桂圆80克；陈皮5克；枸杞15克；淮山20克；清水1.5L；生姜100克","第1步【热加工｜人工：human_1执行操作/介入；人工时段及用时待审；资源：灶具+锅具；过程时间：待补；旧稿建议约5分钟（待审核，不能直接采用）；核对：过程持续时间/状态终点待补】准备食材，将羊肋排及部分姜片一起放入锅中进行焯水，备用。第2步【人工｜人工：human_1；约2分钟（旧稿估时，待审）；资源：灶具+锅具；过程时间：待补】取一个砂锅，将所有原料依次放入砂锅中。第3步【人工｜人工：human_1；约2分钟（旧稿估时，待审）；资源：基础厨具/操作台；过程时间：待补】加入清水。第4步【人工｜人工：human_1；约2分钟（旧稿估时，待审）；资源：烤盘/蒸烤盘；过程时间：待补】将装有食材的盘子放入蒸烤架/蒸烤盘。第5步【热加工｜人工：human_1执行操作/介入；人工时段及用时待审；资源：蒸制/蒸烤设备（模式及腔体待确认）、烤盘/蒸烤盘；过程时间：待补；旧稿建议约120分钟（待审核，不能直接采用）；核对：过程持续时间/状态终点待补；核实设备程序的模式、温度、时长和触发事件】开启电源，取出水箱加满水，将蒸烤盘/蒸烤架放入中间层，选择【开始烹饪】按键，按屏幕提示操作即可。第6步【人工｜人工：human_1；约2分钟（旧稿估时，待审）；资源：基础厨具/操作台；过程时间：待补】烹饪完成，可根据个人口味加入适量盐调味后，即可享用。第7步【说明｜不计独立工时】在寒冷的冬天为家人蒸碗温补的羊肉汤是最好的。"
"5c860d6298d5bc7e184a907c","雪媚娘","A料：糯米粉30克；B料：糯米粉100克；鹰粟粉（玉米淀粉）30克；白砂糖50克；牛奶170克；黄油20克；C料：淡奶油170克；细砂糖17克；D料：大芒果1个","第1步【人工｜人工：human_1；约1分钟（旧稿估时，待审）；资源：灶具+锅具；过程时间：待补】准备熟糯米粉（手粉）： 取糯米粉30g，用干净的炒锅慢火炒至微黄色，取出备用。第2步【可选方法｜人工：human_1执行操作/介入；人工时段及用时待审；资源：微波模块；过程时间：每轮30秒，合计约3分钟（原文或原文换算；非已批准执行值）；核对：与前一步炒锅法二选一，不串行执行；当前清单未列微波，不默认启用此分支；设备清单未列微波能力；可选路径不得误列必需】原文备选手粉制法：微波高火30秒，取出翻拌，再高火30秒，如此反复至微黄有香味，共约3分钟。第3步【人工｜人工：human_1；约2分钟（旧稿估时，待审）；资源：基础厨具/操作台；过程时间：待补】将B中原料糯米粉、鹰粟粉、白砂糖、牛奶混合均匀成无颗粒的粉浆。第4步【热加工｜人工：human_1执行操作/介入；人工时段及用时待审；资源：蒸制/蒸烤设备（模式及腔体待确认）；过程时间：待补；旧稿建议约20分钟（待审核，不能直接采用）；核对：过程持续时间/状态终点待补；核实设备程序的模式、温度、时长和触发事件】将粉浆盖保鲜膜，入机器，拿出水箱装满水，选择“开始烹饪”按键，按屏幕提示操作，蒸至熟透。第5步【人工｜人工：human_1执行操作/介入；人工时段及用时待审；资源：蒸制设备+操作台；过程时间：待补】取出蒸熟粉浆，趁热加入黄油，揉成光滑面团，封保鲜膜。第6步【等待｜人工：等待本身不占厨师；进出/检查需human_1另计；资源：冰箱冷藏区；过程时间：待补；核对：冷藏时间/温度及可擀制终点待补；可在此期间完成奶油和水果准备；过程持续时间/状态终点待补】将面团放入冰箱冷藏。第7步【人工｜人工：human_1；约6分钟（旧稿估时，待审）；资源：刀具+砧板；过程时间：待补】此时，将大芒果去皮切丁，C中原料淡奶油加白砂糖打发后装入裱花袋。第8步【人工｜人工：human_1；约5分钟（旧稿估时，待审）；资源：擀面杖+操作台；过程时间：待补】在料理台上撒上手粉，取出面团分成小块，25g每块，压平，擀成薄薄的面皮。第9步【人工｜人工：human_1；约5分钟（旧稿估时，待审）；资源：基础厨具/操作台；过程时间：待补】将面皮放在手心，挤出少量奶油在面皮中央垫底，铺上芒果肉丁，再挤一层奶油然后像包包子一样收口包好，光滑面朝上放在纸杯里即可。第10步【可选等待｜人工：等待本身不占厨师；进出/检查需human_1另计；资源：冰箱冷藏区；过程时间：待补；核对：冷藏为可选分支，温度/时长待确认；过程持续时间/状态终点待补】包好后可直接食用；也可冷藏后食用以改善口感。"
"5d565e87a9114174727c8bad","半熟芝士蛋糕","A料：芝士200克；牛奶100毫升；玉米淀粉20克；低筋面粉25克；黄油60克；蛋黄75克；细砂糖110克；蛋白105克","第1步【热加工｜人工：human_1执行操作/介入；人工时段及用时待审；资源：灶具+锅具；过程时间：待补；旧稿建议约2分钟（待审核，不能直接采用）；核对：按正文保留实际供热资源；人工操作段与被动加热段仍需分别审核；过程持续时间/状态终点待补】锅置火上，倒入牛奶和黄油，拌匀至溶化。第2步【热加工｜人工：human_1执行操作/介入；人工时段及用时待审；资源：灶具+锅具；过程时间：待补；旧稿建议约2分钟（待审核，不能直接采用）；核对：按正文保留实际供热资源；人工操作段与被动加热段仍需分别审核；过程持续时间/状态终点待补】放入芝士，开小火，拌匀，略煮，至材料完全融合。第3步【人工｜人工：human_1执行操作/介入；人工时段及用时待审；资源：灶具+锅具；过程时间：待补】关火。第4步【等待｜人工：等待本身不占厨师；进出/检查需human_1另计；资源：锅具；过程时间：待补；核对：冷却终点及时长待补；过程持续时间/状态终点待补】将材料放凉。第5步【人工｜人工：human_1执行操作/介入；人工时段及用时待审；资源：操作台；过程时间：待补】倒入玉米淀粉、低筋面粉和蛋黄，搅匀制成蛋黄糊，待用。第6步【人工｜人工：human_1；约2分钟（旧稿估时，待审）；资源：基础厨具/操作台；过程时间：待补】取一容器，倒入蛋白、细砂糖。第7步【人工｜人工：human_1；约2分钟（旧稿估时，待审）；资源：电动/手动打蛋器；过程时间：待补】用电动打蛋器快速搅拌一会儿，至蛋白九分发，呈鸡尾状。第8步【人工｜人工：human_1；约6分钟（旧稿估时，待审）；资源：基础厨具/操作台；过程时间：待补】将打发好的蛋白倒入蛋黄油中。第9步【人工｜人工：human_1；约2分钟（旧稿估时，待审）；资源：基础厨具/操作台；过程时间：待补】搅拌匀，使材料完全融化。第10步【人工｜人工：human_1；约2分钟（旧稿估时，待审）；资源：成型模具；过程时间：待补】把拌好的材料注入圆形模具中，至八九分满，即成蛋糕生坯。第11步【人工｜人工：human_1；约2分钟（旧稿估时，待审）；资源：烤制设备、烤盘/蒸烤盘；过程时间：待补；核对：必须先完成预热；预热目标及持续时间待补】将生坯放入烤盘中，再推入预热的烤箱中。第12步【热加工｜人工：human_1执行操作/介入；人工时段及用时待审；资源：烤制设备；过程时间：35分钟（原文或原文换算；非已批准执行值）；核对：原文分控烘焙与设备清单模式的对应关系待审；上下火独立温控能力待确认】择“分控烘焙”模式，以上火180℃下火165℃烤35分钟。第13步【人工｜人工：human_1；约1分钟（旧稿估时，待审）；资源：基础厨具/操作台+烹饪设备（承接前一热操作）；过程时间：待补】打开箱门，戴上隔热手套，把烤好的蛋糕取出，脱模即可。"
"5cc5508e01ea5c2931c919f5","黑森林蛋糕","A料：鸡蛋清2个；细砂糖32g；柠檬汁6滴；低筋面粉35g；可可粉10g；玉米淀粉6g；鸡蛋黄2个；牛奶32g；朗姆酒4g；盐0.5g；香草精2滴；玉米油20g；B料：淡奶油300g；细砂糖30g；黑樱桃15颗；红樱桃6颗；樱桃酒10g；巧克力粉20g；巧克力碎片20g","第1步【人工｜人工：human_1；约2分钟（旧稿估时，待审）；资源：基础厨具/操作台；过程时间：待补】将2个鸡蛋的蛋清和蛋黄分开，并放入两个打蛋盆中（盛放蛋清的盆中需无水无油）。第2步【人工｜人工：human_1；约2分钟（旧稿估时，待审）；资源：筛网；过程时间：待补】35g低筋面粉和6g玉米淀粉过筛，和10g可可粉混合均匀备用。第3步【人工｜人工：human_1；约2分钟（旧稿估时，待审）；资源：基础厨具/操作台；过程时间：待补】先制作蛋黄糊，将32g牛奶、4g朗姆酒、0.5g盐，20g玉米油与盆中已有的蛋黄混匀后，加入准备好的粉类，搅拌均匀。第4步【人工｜人工：human_1；约6分钟（旧稿估时，待审）；资源：电动/手动打蛋器；过程时间：待补】在蛋清中滴入柠檬汁，电动打蛋器调中档搅打蛋清至粗泡状态时加入1/3细砂糖（总共32g），继续搅打，并分两次加入剩下的细砂糖，将蛋白打发至干性发泡状态（即提起打蛋器，蛋白拉出坚挺的尖角）。第5步【人工｜人工：human_1；约2分钟（旧稿估时，待审）；资源：成型模具；过程时间：待补】取三分之一的蛋白加入蛋黄糊中，翻拌均匀（刮刀从底部往上翻拌，不要花圈搅拌），再将面糊倒入剩余的蛋白中，翻拌均匀，倒入蛋糕模具中。第6步【人工｜人工：human_1；约2分钟（旧稿估时，待审）；资源：成型模具；过程时间：待补】（在操作台上将模具从三四十厘米的高度震出气泡）。第7步【热加工｜人工：human_1执行操作/介入；人工时段及用时待审；资源：烤制设备、烤制设备、烤盘/蒸烤盘；过程时间：待补；旧稿建议约35分钟（待审核，不能直接采用）；核对：过程持续时间/状态终点待补；核实设备程序的模式、温度、时长和触发事件】将烤盘放入烤箱第二层，选择“开始烹饪”按键，按屏幕提示操作。第8步【人工｜人工：human_1执行操作/介入；人工时段及用时待审；资源：烤箱+烤架；过程时间：待补】烘烤结束后取出模具，倒扣在烤架上。第9步【等待｜人工：等待本身不占厨师；进出/检查需human_1另计；资源：烤架；过程时间：待补；核对：完全晾凉后才可脱模切片；时长待补；过程持续时间/状态终点待补】将蛋糕充分晾凉。第10步【人工｜人工：human_1；约3分钟（旧稿估时，待审）；资源：刀具+砧板；过程时间：待补】将脱模后的蛋糕坯用面包刀切去表皮后，均匀横切成两份（或三份）。第11步【人工｜人工：human_1；约6分钟（旧稿估时，待审）；资源：基础厨具/操作台；过程时间：待补】将30g细砂糖分三次加入300g淡奶油，打发至固体状备用。第12步【人工｜人工：human_1执行操作/介入；人工时段及用时待审；资源：操作台+刀具；过程时间：待补】取一片蛋糕坯放裱花台，用硅胶刷刷樱桃酒，再抹奶油；将黑樱桃对半切开。第13步【可选等待｜人工：等待本身不占厨师；进出/检查需human_1另计；资源：容器；过程时间：待补；核对：仅为原文可选处理，时长未明确，不额外强制等待；过程持续时间/状态终点待补】可将切开的黑樱桃用樱桃酒或朗姆酒浸泡几分钟。第14步【人工｜人工：human_1执行操作/介入；人工时段及用时待审；资源：操作台；过程时间：待补】将黑樱桃均匀铺在奶油上，用奶油抹平；铺上第二片蛋糕，用奶油抹匀整个蛋糕表面。第15步【人工｜人工：human_1；约2分钟（旧稿估时，待审）；资源：基础厨具/操作台；过程时间：待补】将巧克力粉均匀的洒在蛋糕的侧面，用巧克力碎片铺在蛋糕表面，将剩余的奶油装进裱花袋，在蛋糕表面挤出六个花型，再将六个红樱桃放在花上即可。第16步【等待｜人工：等待本身不占厨师；进出/检查需human_1另计；资源：冰箱冷藏区；过程时间：待补；核对：原文未给冷藏温度、时长和完成终点，待确认；过程持续时间/状态终点待补】将装饰完成的蛋糕放入冰箱冷藏后食用。"
"5fe1975b5f8f38795ea6fe81","双椒鳙鱼头（台式）","A料：鳙鱼头1个（约400-750g）；B料：大葱2段；生姜2片；盐1/2茶匙；料酒2汤匙；C料：食用油2汤匙；生姜2片；蒜2瓣；大蒜叶1根；豆豉2汤匙；青剁椒4汤匙；红剁椒4汤匙；盐1/4茶匙；水2汤匙；料酒1汤匙；淀粉水1汤匙；D料：辣椒油2汤匙","第1步【人工｜人工：human_1；约3分钟（旧稿估时，待审）；资源：基础厨具/操作台；过程时间：待补】将鳙鱼头去除鱼鳞、鱼鳃和内脏，洗净并沥干水分，再沿着背鳍将鱼头对半劈开，鱼背肉厚处片刀。第2步【人工｜人工：human_1；约2分钟（旧稿估时，待审）；资源：基础厨具/操作台；过程时间：待补】将B中的葱段、姜片放在鱼盘底部，放入鳙鱼头，将盐均匀抹在鱼头上，倒入料酒。第3步【等待｜人工：等待本身不占厨师；进出/检查需human_1另计；资源：承载容器/存放区（条件待确认）；过程时间：10分钟（原文或原文换算；非已批准执行值）】腌制10分钟。第4步【人工｜人工：human_1；约3分钟（旧稿估时，待审）；资源：刀具+砧板；过程时间：待补】将C中的姜切末，蒜切片，大蒜叶切段。第5步【热加工｜人工：human_1执行操作/介入；人工时段及用时待审；资源：灶具+锅具；过程时间：待补；旧稿建议约5分钟（待审核，不能直接采用）；核对：本步使用已切好的配料，不把刀板占用跨越整个热加工；过程持续时间/状态终点待补】将炒锅加热，加入C中食用油，倒入姜末、蒜片、大葱段、大蒜叶段煸炒出香味，再将豆豉、青剁椒、红剁椒倒入锅中翻炒，加入盐、水、料酒，最后加入淀粉水勾芡，烧好的汤料浇在鳙鱼头上。第6步【人工｜人工：human_1；约1分钟（旧稿估时，待审）；资源：蒸制/蒸烤设备（模式及腔体待确认）；过程时间：待补】将鱼盘放在有孔蒸盘上，放入机器中间层，取出水箱加满水。第7步【热加工｜人工：human_1执行操作/介入；人工时段及用时待审；资源：蒸制/蒸烤设备（模式及腔体待确认）；过程时间：待补；旧稿建议约12分钟（待审核，不能直接采用）；核对：过程持续时间/状态终点待补；核实设备程序的模式、温度、时长和触发事件】选择“开始烹饪”按键，按屏幕提示操作。第8步【复合工序｜人工：human_1执行操作/介入；人工时段及用时待审；资源：灶具+锅具；过程时间：待补；旧稿建议约2分钟（待审核，不能直接采用）；核对：含供热和人工操作，需分别确定持续时间；过程持续时间/状态终点待补】烹饪结束后取出，将炒锅加热，倒入D中的辣椒油烧至七成热（略微冒烟），将热油均匀地淋在鱼身上，趁热食用。"
"5fc5f9e15f8f38795ea6fca6","广式叉烧","A料：猪眉子肉（猪里脊肉）400克；B料：老抽10克；生抽15克；红腐乳40克；细砂糖40克；五香粉1克；蒜蓉5克；蚝油25克；红糟或红腐乳汁18克；酸梅酱10克","第1步【人工｜人工：human_1；约3分钟（旧稿估时，待审）；资源：刀具+砧板；过程时间：待补】用肉针（肉锤）在猪肉的正反两面扎孔（捶打），再将猪肉切成厚约 2cm，宽约 6cm 的长条肉。第2步【人工｜人工：human_1；约2分钟（旧稿估时，待审）；资源：基础厨具/操作台；过程时间：待补】将B中所有酱料全部倒入碗内，搅拌至完全均匀即成叉烧酱,均匀涂抹在肉块表面。第3步【人工｜人工：human_1；约2分钟（旧稿估时，待审）；资源：基础厨具/操作台；过程时间：待补】将肉块与腌料 B 揉捏均匀。第4步【人工｜人工：human_1；约2分钟（旧稿估时，待审）；资源：基础厨具/操作台+冰箱（温区由相邻存储工序确定）；过程时间：待补】装入保鲜袋中放入冰箱。第5步【等待｜人工：等待本身不占厨师；进出/检查需human_1另计；资源：冰箱冷藏区；过程时间：至少24小时（原文或原文换算；非已批准执行值）；核对：按原文保留下界/区间或中文时间，不将下界当作唯一固定总时长】冷藏24小时以上使之充分入味。第6步【人工｜人工：human_1执行操作/介入；人工时段及用时待审；资源：冰箱冷藏区+操作台；过程时间：待补】将腌制好的肉从冰箱取出，沥去多余腌汁。第7步【等待｜人工：等待本身不占厨师；进出/检查需human_1另计；资源：容器；过程时间：待补；核对：原文为状态终点；原修订15分钟仅为未审核建议，回温条件及允许窗口待确认；过程持续时间/状态终点待补】等待肉块恢复至常温。第8步【人工｜人工：human_1；约2分钟（旧稿估时，待审）；资源：烤盘/蒸烤盘；过程时间：待补】烤架放在垫有锡纸的烤盘上，将肉块放在烤架上。第9步【热加工｜人工：human_1执行操作/介入；人工时段及用时待审；资源：烤制设备（程序能力待核实）；过程时间：待补；旧稿建议约35分钟（待审核，不能直接采用）；核对：过程持续时间/状态终点待补；核实设备程序的模式、温度、时长和触发事件】选择“开始烹饪”按键，按屏幕提示操作。"
"5ff6ba8163f7535cecbfa247","碳烤基围虾","A料：基围虾500克；洋葱半个；B料：盐1克；料酒15克；孜然粒2克；粗辣椒粉5克；食用油30克；黑胡椒汁15克；海鲜酱10克；蚝油5克；生抽5克；老抽5克；白糖5克；鸡粉5克","第1步【说明｜不计独立工时；核对：标题不单独累计2分钟，具体动作见后续】制作碳烧汁。第2步【热加工｜人工：human_1执行操作/介入；人工时段及用时待审；资源：灶具+锅具；过程时间：待补；旧稿建议约5分钟（待审核，不能直接采用）；核对：过程持续时间/状态终点待补】不粘锅锅内放入孜然粒，粗辣椒粉用小火炒香，再倒入食用油烧热关火，放入黑胡椒汁、海鲜酱、蚝油、生抽、老抽、白糖、鸡粉调匀即可，取出倒入深碗内备用。第3步【人工｜人工：human_1；约3分钟（旧稿估时，待审）；资源：刀具+砧板；过程时间：待补；核对：修复上一修订稿按关键词断句造成的不完整表达】将基尾虾洗净，剪去虾须、虾脚，用剪刀剪开虾背、挑去虾线，加入盐和料酒。第4步【等待｜人工：等待本身不占厨师；进出/检查需human_1另计；资源：承载容器/存放区（条件待确认）；过程时间：10分钟（原文或原文换算；非已批准执行值）】腌制10分钟。第5步【人工｜人工：human_1；约3分钟（旧稿估时，待审）；资源：刀具+砧板；过程时间：待补】将洋葱去掉外皮，用刀切成洋葱粗丝备用。第6步【人工｜人工：human_1；约2分钟（旧稿估时，待审）；资源：烤盘/蒸烤盘；过程时间：待补】蒸烤盘内铺上硅油纸，再将洋葱丝平铺在硅油纸上备用。第7步【人工｜人工：human_1；约2分钟（旧稿估时，待审）；资源：基础厨具/操作台；过程时间：待补】将制作好的碳烧汁酱料，与基尾虾拌匀即可，置于洋葱丝上面。第8步【热加工｜人工：human_1执行操作/介入；人工时段及用时待审；资源：烤制设备（程序能力待核实）；过程时间：待补；旧稿建议约15分钟（待审核，不能直接采用）；核对：过程持续时间/状态终点待补；核实设备程序的模式、温度、时长和触发事件】开启电源，选择“开始烹饪”按键，按屏幕提示操作。"
"58e70b0e9f6429675ec805d8","清蒸鲈鱼","主料：新鲜鲈鱼500克；辅料：生姜3片；小葱2段；盐2克；料酒15克；葱丝5克；姜丝5克；蒸鱼豉油30克；食用油30克","第1步【人工｜人工：human_1；约6分钟（旧稿估时，待审）；资源：刀具+砧板；过程时间：待补】将鲈鱼去鳞、鳃和内脏，洗净并沥干水分，将鱼身背部肉厚处两面各划三刀。第2步【人工｜人工：human_1；约2分钟（旧稿估时，待审）；资源：基础厨具/操作台；过程时间：待补】将姜片、葱段铺在鱼盘底部，放入鱼，用盐抹匀，再倒入料酒。第3步【等待｜人工：等待本身不占厨师；进出/检查需human_1另计；资源：承载容器/存放区（条件待确认）；过程时间：10分钟（原文或原文换算；非已批准执行值）】腌制10分钟。第4步【人工｜人工：human_1执行操作/介入；人工时段及用时待审；资源：蒸制设备；过程时间：待补；核对：修正原分类；既成状态或装料/收尾不再重复计作等待/热加工】腌制结束后，将鱼盘放在附送的有孔蒸盘或架子上，放入设备第2层。第5步【热加工｜人工：human_1执行操作/介入；人工时段及用时待审；资源：蒸制/蒸烤设备（模式及腔体待确认）；过程时间：待补；旧稿建议约10分钟（待审核，不能直接采用）；核对：过程持续时间/状态终点待补；核实设备程序的模式、温度、时长和触发事件】开启电源，取出水箱加满水，选择“开始烹饪”按键，按屏幕提示操作。第6步【人工｜人工：human_1；约2分钟（旧稿估时，待审）；资源：基础厨具/操作台；过程时间：待补】烹饪结束后取出，轻轻倒掉盘内汤汁，将葱丝、姜丝撒在鲈鱼上，再均匀倒入蒸鱼豉油。第7步【复合工序｜人工：human_1执行操作/介入；人工时段及用时待审；资源：灶具+锅具；过程时间：待补；旧稿建议约2分钟（待审核，不能直接采用）；核对：含供热和人工操作，需分别确定持续时间；过程持续时间/状态终点待补】将炒锅烧热，倒入食用油，烧至七成热（略微冒烟）时均匀淋在鱼身上，趁热食用。"
"6510fb3445256c3ad7c25c93","芝士番茄土豆泥","主料：土豆350克；培根30克；洋葱30克；纯牛奶40毫升；辅料：食盐2克；黑胡椒粉3克；黄油20克；马苏里拉芝士碎100克；番茄半个；番茄酱20克","第1步【说明｜不计独立工时；核对：标题不单独累计2分钟，具体动作见后续】食材准备。第2步【人工｜人工：human_1；约3分钟（旧稿估时，待审）；资源：刀具+砧板；过程时间：待补】土豆清洗干净去皮切块。第3步【热加工｜人工：human_1执行操作/介入；人工时段及用时待审；资源：灶具+锅具；过程时间：20分钟（原文或原文换算；非已批准执行值）；核对：档位适用设备及人工巡视要求待确认】方太灶具调至6段火（中火），煮土豆。第4步【人工｜人工：human_1；约2分钟（旧稿估时，待审）；资源：基础厨具/操作台；过程时间：待补】煮好的土豆捞出，用勺子碾成土豆泥备用。第5步【人工｜人工：human_1；约3分钟（旧稿估时，待审）；资源：刀具+砧板；过程时间：待补】洋葱、培根切碎，番茄切大片。第6步【热加工｜人工：human_1执行操作/介入；人工时段及用时待审；资源：灶具+锅具；过程时间：待补；旧稿建议约5分钟（待审核，不能直接采用）；核对：过程持续时间/状态终点待补】热锅热油，将洋葱、培根倒入翻炒，炒香即可盛出。第7步【人工｜人工：human_1；约2分钟（旧稿估时，待审）；资源：基础厨具/操作台；过程时间：待补】将洋葱、培根倒入到土豆泥中。第8步【人工｜人工：human_1；约2分钟（旧稿估时，待审）；资源：基础厨具/操作台；过程时间：待补】加入食盐、黑胡椒粉、纯牛奶搅拌均匀。第9步【人工｜人工：human_1；约2分钟（旧稿估时，待审）；资源：基础厨具/操作台；过程时间：待补】将土豆泥装入到盘中，将番茄片平放于土豆上。第10步【人工｜人工：human_1；约2分钟（旧稿估时，待审）；资源：基础厨具/操作台；过程时间：待补；核对：撒料/装盘是中间操作，不表示整道菜完成】均匀地淋上番茄酱。第11步【人工｜人工：human_1；约2分钟（旧稿估时，待审）；资源：基础厨具/操作台；过程时间：待补】将马苏里拉芝士碎铺在表面。第12步【热加工｜人工：human_1执行操作/介入；人工时段及用时待审；资源：烤制设备（程序能力待核实）；过程时间：待补；旧稿建议约15分钟（待审核，不能直接采用）；核对：过程持续时间/状态终点待补；核实设备程序的模式、温度、时长和触发事件】打开方太智能烹饪设备，选择“开始烹饪”按键，按屏幕提示操作。第13步【人工｜人工：human_1执行操作/介入；人工时段及用时待审；资源：烤制设备+操作台；过程时间：待补】烤好后取出芝士番茄土豆泥。"
"5d638e17a9114174727c8d77","草莓蛋挞","A料：蛋挞皮8个；牛奶200毫升；淡奶油50克；蛋黄1个；蜂蜜20克；鸡蛋1个；细砂糖40克；草莓40克","第1步【人工｜人工：human_1；约2分钟（旧稿估时，待审）；资源：灶具+锅具；过程时间：待补】将牛奶倒入锅中，加入淡奶油。第2步【人工｜人工：human_1；约2分钟（旧稿估时，待审）；资源：基础厨具/操作台；过程时间：待补】倒入细砂糖。第3步【热加工｜人工：human_1执行操作/介入；人工时段及用时待审；资源：灶具+锅具；过程时间：待补；旧稿建议约2分钟（待审核，不能直接采用）；核对：按正文保留实际供热资源；人工操作段与被动加热段仍需分别审核；过程持续时间/状态终点待补】拌匀，用小火加热至细砂糖完全溶化。第4步【人工｜人工：human_1；约2分钟（旧稿估时，待审）；资源：基础厨具/操作台；过程时间：待补】蛋黄和鸡蛋倒入容器中，搅拌均匀。第5步【人工｜人工：human_1；约2分钟（旧稿估时，待审）；资源：基础厨具/操作台；过程时间：待补】倒入蜂蜜，混合均匀。第6步【人工｜人工：human_1；约2分钟（旧稿估时，待审）；资源：基础厨具/操作台；过程时间：待补】将煮好的牛奶液倒入蛋液中，混合均匀，制成布丁液。第7步【人工｜人工：human_1；约2分钟（旧稿估时，待审）；资源：筛网；过程时间：待补】将布丁液过筛至另一个容器中，这样可使布丁成品的口感更细腻。第8步【人工｜人工：human_1；约3分钟（旧稿估时，待审）；资源：刀具+砧板；过程时间：待补】草莓切成小粒，将草莓丁逐个放入挞皮中，逐个倒入布丁液。第9步【人工｜人工：human_1；约2分钟（旧稿估时，待审）；资源：烤制设备；过程时间：待补；核对：必须先完成预热；预热目标及持续时间待补】放入预热好的烤箱中。第10步【热加工｜人工：human_1执行操作/介入；人工时段及用时待审；资源：烤制设备；过程时间：20分钟（原文或原文换算；非已批准执行值）；核对：原文常规烘焙与设备清单模式的对应关系待审】选择“常规烘焙”模式，以180℃烤20分钟。第11步【人工｜人工：human_1；约1分钟（旧稿估时，待审）；资源：基础厨具/操作台；过程时间：待补】取出，再逐个放上草莓粒即可。"
"64706f406f734220a4e24b57","竹荪排骨汤","主料：排骨300克；竹荪50克；辅料：干香菇2朵；料酒10毫升；生姜30克；小葱2根；食盐2克；香油5毫升；枸杞5克；香菜2根","第1步【说明｜不计独立工时；核对：标题不单独累计2分钟，具体动作见后续】准备食材。第2步【人工｜人工：human_1；约2分钟（旧稿估时，待审）；资源：基础厨具/操作台；过程时间：待补；核对：修复上一修订稿按关键词断句造成的不完整表达】将竹荪、干香菇放入温水中。第3步【等待｜人工：等待本身不占厨师；进出/检查需human_1另计；资源：承载容器/存放区（条件待确认）；过程时间：待补；旧稿建议约30分钟（待审核，不能直接采用）；核对：过程持续时间/状态终点待补】泡发备用。第4步【人工｜人工：human_1；约3分钟（旧稿估时，待审）；资源：刀具+砧板；过程时间：待补】生姜切片，小葱洗净打成葱节。第5步【人工｜人工：human_1；约3分钟（旧稿估时，待审）；资源：刀具+砧板；过程时间：待补】香菜洗净切碎备用。第6步【热加工｜人工：human_1执行操作/介入；人工时段及用时待审；资源：灶具+锅具；过程时间：待补；旧稿建议约5分钟（待审核，不能直接采用）；核对：过程持续时间/状态终点待补；原文8/9档段火与设备清单1–7冲突，保留原值待核实】方太灶具调至8段火（大火），倒入开水，放入姜片及葱节，加入料酒，下排骨焯水。第7步【人工｜人工：human_1；约2分钟（旧稿估时，待审）；资源：基础厨具/操作台；过程时间：待补】焯好的排骨沥干，置于大碗中。第8步【人工｜人工：human_1；约1分钟（旧稿估时，待审）；资源：基础厨具/操作台；过程时间：待补】放入泡发的竹荪、香菇以及枸杞，加入清水淹没，盖上保鲜膜。第9步【人工｜人工：human_1；约2分钟（旧稿估时，待审）；资源：烤盘/蒸烤盘；过程时间：待补】将装有食材的盘子放入蒸烤架/蒸烤盘。第10步【热加工｜人工：human_1执行操作/介入；人工时段及用时待审；资源：蒸制/蒸烤设备（模式及腔体待确认）、烤盘/蒸烤盘；过程时间：待补；旧稿建议约90分钟（待审核，不能直接采用）；核对：过程持续时间/状态终点待补；核实设备程序的模式、温度、时长和触发事件】开启电源，取出水箱加满水，将蒸烤盘/蒸烤架放入中间层，选择【开始烹饪】按键，按屏幕提示操作即可。第11步【人工｜人工：human_1；约2分钟（旧稿估时，待审）；资源：基础厨具/操作台；过程时间：待补】蒸好取出，加入香油、食盐调味。第12步【人工｜人工：human_1；约2分钟（旧稿估时，待审）；资源：基础厨具/操作台；过程时间：待补】烹饪结束，放上香菜碎点缀，即可享用。"
"645c58f7614c1208ae1f5a60","蒸茄龙","主料：长茄子2根；肉糜150克；辅料：蚝油5克；料酒8毫升；姜3片；葱2根；大蒜5瓣；糖10克；盐3克；生抽10毫升；香油5毫升","第1步【说明｜不计独立工时；核对：标题不单独累计2分钟，具体动作见后续】食材准备。第2步【人工｜人工：human_1；约2分钟（旧稿估时，待审）；资源：基础厨具/操作台；过程时间：待补】肉馅中加入葱姜末、盐、料酒、生抽、食用油、香油。第3步【人工｜人工：human_1；约2分钟（旧稿估时，待审）；资源：基础厨具/操作台；过程时间：待补】朝一个方向稍稍搅打上劲。第4步【人工｜人工：human_1；约3分钟（旧稿估时，待审）；资源：刀具+砧板；过程时间：待补】长茄子去蒂切成夹刀片。第5步【人工｜人工：human_1；约3分钟（旧稿估时，待审）；资源：刀具+砧板；过程时间：待补】切好的茄子每片之间塞满肉馅。第6步【人工｜人工：human_1；约2分钟（旧稿估时，待审）；资源：基础厨具/操作台；过程时间：待补】码好放入盘中。第7步【热加工｜人工：human_1执行操作/介入；人工时段及用时待审；资源：蒸制/蒸烤设备（模式及腔体待确认）；过程时间：待补；旧稿建议约15分钟（待审核，不能直接采用）；核对：过程持续时间/状态终点待补；核实设备程序的模式、温度、时长和触发事件】开启电源，取出水箱加满水，选择“开始烹饪”按键，按屏幕提示操作。第8步【热加工｜人工：human_1执行操作/介入；人工时段及用时待审；资源：灶具+锅具；过程时间：待补；旧稿建议约2分钟（待审核，不能直接采用）；核对：按正文保留实际供热资源；人工操作段与被动加热段仍需分别审核；过程持续时间/状态终点待补】炒锅放底油，放入葱姜蒜末、糖、蚝油爆香，倒入蒸茄子的汤汁。第9步【人工｜人工：human_1；约2分钟（旧稿估时，待审）；资源：基础厨具/操作台；过程时间：待补】热好的汤汁浇在茄龙上即可。"
"647ea23d85ea9528599ccb51","香辣烤小龙虾","A料：小龙虾调料200克；啤酒600克；黄瓜半根；青椒半个；主料：新鲜小龙虾1000克","第1步【人工｜人工：human_1；约3分钟（旧稿估时，待审）；资源：基础厨具/操作台；过程时间：待补】将小龙虾清洗干净。第2步【热加工｜人工：human_1执行操作/介入；人工时段及用时待审；资源：灶具+锅具；过程时间：待补；旧稿建议约2分钟（待审核，不能直接采用）；核对：按正文保留实际供热资源；人工操作段与被动加热段仍需分别审核；过程持续时间/状态终点待补】将小龙虾专用调料与300g啤酒混合加热直至调料融化。第3步【人工｜人工：human_1；约3分钟（旧稿估时，待审）；资源：刀具+砧板；过程时间：待补】将黄瓜切成细条，青椒切成圈。第4步【人工｜人工：human_1；约2分钟（旧稿估时，待审）；资源：烤盘/蒸烤盘；过程时间：待补】在蒸烤盘上铺一层铝箔纸，取2斤小龙虾平铺在烤盘上。第5步【人工｜人工：human_1；约2分钟（旧稿估时，待审）；资源：基础厨具/操作台；过程时间：待补】撒上黄瓜条和青椒圈，倒入啤酒调料。第6步【热加工｜人工：human_1执行操作/介入；人工时段及用时待审；资源：烤制设备（程序能力待核实）、烤盘/蒸烤盘；过程时间：待补；旧稿建议约20分钟（待审核，不能直接采用）；核对：过程持续时间/状态终点待补；核实设备程序的模式、温度、时长和触发事件】开启电源，请将蒸烤盘放入第2层并关门，点击“开始”键，按屏幕提示操作，开始烹饪。"
"5cc7e0404a21a4301960aef1","糯米烧麦","A料：糯米400g；煮熟五花肉100g；饺子皮40张；B料：松子20g；干香菇10g；水煮笋50g；食用油3T；香葱5g；生姜5g；料酒2T；白糖1T；老抽10g；生抽10g；香油1/2t；肉汤50g；味精1/2t","第1步【人工｜人工：human_1执行操作/介入；人工时段及用时待审；资源：容器；过程时间：待补】将糯米放入温水中。第2步【等待｜人工：等待本身不占厨师；进出/检查需human_1另计；资源：容器；过程时间：4小时（原文或原文换算；非已批准执行值）】提前浸泡糯米。第3步【人工｜人工：human_1执行操作/介入；人工时段及用时待审；资源：操作台+蒸制设备；过程时间：待补】糯米沥水后加水，使浸泡后的糯米与加入的水总重量约820克；放无孔蒸盘，装入蒸箱。第4步【热加工｜人工：human_1执行操作/介入；人工时段及用时待审；资源：蒸制设备；过程时间：40分钟（原文或原文换算；非已批准执行值）】选择普通蒸100℃，将糯米蒸至成熟。第5步【人工｜人工：human_1执行操作/介入；人工时段及用时待审；资源：蒸制设备；过程时间：待补】取出蒸熟的糯米。第6步【等待｜人工：等待本身不占厨师；进出/检查需human_1另计；资源：容器；过程时间：待补；核对：冷却时长和终点待补；过程持续时间/状态终点待补】将糯米放凉。第7步【人工｜人工：human_1执行操作/介入；人工时段及用时待审；资源：锅具；过程时间：待补】将猪五花肉、笋放入水锅中。第8步【热加工｜人工：human_1执行操作/介入；人工时段及用时待审；资源：灶具+锅具；过程时间：待补；核对：煮制时长/火力待补；过程持续时间/状态终点待补】将猪五花肉和笋煮熟，保留煮肉的汤。第9步【人工｜人工：human_1；约3分钟（旧稿估时，待审）；资源：刀具+砧板；过程时间：待补】去掉猪皮改刀切成小丁，笋切成丁。第10步【热加工｜人工：human_1执行操作/介入；人工时段及用时待审；资源：灶具+锅具；过程时间：待补；旧稿建议约5分钟（待审核，不能直接采用）；核对：过程持续时间/状态终点待补】炒锅烧热，放猪油，将肉丁下锅煸炒。第11步【热加工｜人工：human_1执行操作/介入；人工时段及用时待审；资源：灶具+锅具；过程时间：待补；旧稿建议约5分钟（待审核，不能直接采用）；核对：过程持续时间/状态终点待补】然后加葱姜末炒香，加入料酒、老抽，白糖，味精，煮肉的汤烧沸。第12步【人工｜人工：human_1；约2分钟（旧稿估时，待审）；资源：灶具+锅具；过程时间：待补】将糯米饭拨散，倒入炒锅内拌匀。第13步【热加工｜人工：human_1执行操作/介入；人工时段及用时待审；资源：灶具+锅具；过程时间：待补；核对：持续时间及火力待补；过程持续时间/状态终点待补】继续处理至汤汁被糯米吸干，加入猪油、松子拌和。第14步【人工｜人工：human_1执行操作/介入；人工时段及用时待审；资源：锅具+操作台；过程时间：待补】出锅，拌入香油。第15步【等待｜人工：等待本身不占厨师；进出/检查需human_1另计；资源：容器；过程时间：待补；核对：冷却后才可包烧麦，时长待补；过程持续时间/状态终点待补】将松子糯米馅心冷却。第16步【人工｜人工：human_1；约5分钟（旧稿估时，待审）；资源：擀面杖+操作台；过程时间：待补】将饺子皮擀成直径9厘米左右，中间较厚的皮子。第17步【人工｜人工：human_1；约2分钟（旧稿估时，待审）；资源：基础厨具/操作台；过程时间：待补】皮子摊在左手掌中，糯米馅心约30克放在皮子中间，然后左手将皮子齐腰捏拢，右手用刮板在皮子口上将糯米压平，即成糯米烧卖生坯40个。第18步【人工｜人工：human_1执行操作/介入；人工时段及用时待审；资源：蒸盘；过程时间：待补；核对：固定两批来自原文，不随排程合成一批】将40个生坯分为两批，每批20个；第一批放有孔蒸盘。第19步【人工｜人工：human_1执行操作/介入；人工时段及用时待审；资源：蒸制设备；过程时间：待补；核对：核实设备程序的模式、温度、时长和触发事件】将第一批蒸盘放入蒸箱中间层，取出水箱加满水，选择“开始烹饪”并按屏幕提示设置。第20步【热加工｜人工：human_1执行操作/介入；人工时段及用时待审；资源：蒸制设备；过程时间：待补；核对：每批模式/温度/时长待补；原修订15分钟未审核；过程持续时间/状态终点待补】蒸制第一批20个烧麦。第21步【人工｜人工：human_1执行操作/介入；人工时段及用时待审；资源：蒸制设备+蒸盘；过程时间：待补】第一批完成后取出；将第二批20个生坯放入蒸盘并装入同一蒸制设备。第22步【热加工｜人工：human_1执行操作/介入；人工时段及用时待审；资源：蒸制设备；过程时间：待补；核对：每批参数待审；不得用第一批完成替代第二批；过程持续时间/状态终点待补】蒸制第二批20个烧麦。第23步【人工｜人工：human_1执行操作/介入；人工时段及用时待审；资源：蒸制设备；过程时间：待补】第二批完成后取出；两批均完成后才满足40个成品需求。第24步【说明｜不计独立工时】40个生坯成型原建议人工2分钟需专项审核；不得默认为每个2分钟或全部2分钟已批准。"
"5caf2ec7e78bfc455f2d5cb0","清蒸带鱼","主料：带鱼400克；辅料：姜丝5克；葱丝5克；盐2克；鸡粉2克；料酒4毫升；生抽5毫升；食用油10毫升","第1步【人工｜人工：human_1；约3分钟（旧稿估时，待审）；资源：刀具+砧板；过程时间：待补】处理干净的带鱼切成块。第2步【人工｜人工：human_1；约2分钟（旧稿估时，待审）；资源：基础厨具/操作台；过程时间：待补】把带鱼块装入碗中，放入适量盐、鸡粉，淋入料酒，放入少许姜丝。第3步【等待｜人工：等待本身不占厨师；进出/检查需human_1另计；资源：承载容器/存放区（条件待确认）；过程时间：5分钟（原文或原文换算；非已批准执行值）】腌渍5分钟。第4步【人工｜人工：human_1；约2分钟（旧稿估时，待审）；资源：蒸盘；过程时间：待补】把调好味的带鱼块码入蒸盘中。第5步【人工｜人工：human_1；约2分钟（旧稿估时，待审）；资源：蒸制/蒸烤设备（模式及腔体待确认）；过程时间：待补】水箱注水，放入设备，再放入蒸盘。第6步【热加工｜人工：human_1执行操作/介入；人工时段及用时待审；资源：蒸制/蒸烤设备（模式及腔体待确认）；过程时间：待补；旧稿建议约10分钟（待审核，不能直接采用）；核对：过程持续时间/状态终点待补；核实设备程序的模式、温度、时长和触发事件】选择“开始烹饪”按键，按屏幕提示操作。第7步【人工｜人工：human_1；约1分钟（旧稿估时，待审）；资源：基础厨具/操作台+烹饪设备（承接前一热操作）；过程时间：待补】打开箱门，取出蒸好的带鱼，放上备好的葱丝，浇入适量生抽。第8步【热加工｜人工：human_1执行操作/介入；人工时段及用时待审；资源：灶具+锅具；过程时间：待补；旧稿建议约5分钟（待审核，不能直接采用）；核对：过程持续时间/状态终点待补】烧热炒锅，倒入适量食用油，烧至八成热，将热油浇在鱼块上即可。"
"65433d6a45256c3ad7c270ab","手工鸡蛋豆腐","主料：鸡蛋3个；淡豆浆150毫升","第1步【说明｜不计独立工时；核对：标题不单独累计2分钟，具体动作见后续】食材准备。第2步【人工｜人工：human_1；约2分钟（旧稿估时，待审）；资源：基础厨具/操作台；过程时间：待补】取一浅口碗，垫上一层保鮮膜。第3步【人工｜人工：human_1；约2分钟（旧稿估时，待审）；资源：筛网；过程时间：待补】鸡蛋打散过筛待用，将豆浆与蛋液混合拌勻过筛，倒入碗中，再用用保鮮膜将容器封住，用牙签扎几个小孔。第4步【热加工｜人工：human_1执行操作/介入；人工时段及用时待审；资源：蒸制/蒸烤设备（模式及腔体待确认）；过程时间：待补；旧稿建议约15分钟（待审核，不能直接采用）；核对：过程持续时间/状态终点待补；核实设备程序的模式、温度、时长和触发事件】放入方太智能烹饪设备，开启电源，取出水箱加满水，选择“开始烹饪”按键，按屏幕提示操作。"
"645c5889614c1208ae1f5a24","立夏饭","主料：大米200克；腊肠50克；咸肉40克；辅料：胡萝卜20克；笋25克；香菇5朵；豌豆5克","第1步【说明｜不计独立工时；核对：标题不单独累计2分钟，具体动作见后续】食材准备。第2步【人工｜人工：human_1；约2分钟（旧稿估时，待审）；资源：基础厨具/操作台；过程时间：待补】将食材处理成小丁。第3步【热加工｜人工：human_1执行操作/介入；人工时段及用时待审；资源：灶具+锅具；过程时间：待补；旧稿建议约5分钟（待审核，不能直接采用）；核对：过程持续时间/状态终点待补】方太电磁灶开至5段中火，炒锅先将腊肠和肉丁煸炒出油。第4步【热加工｜人工：human_1执行操作/介入；人工时段及用时待审；资源：灶具+锅具；过程时间：待补；旧稿建议约2分钟（待审核，不能直接采用）；核对：按正文保留实际供热资源；人工操作段与被动加热段仍需分别审核；过程持续时间/状态终点待补】下入剩下的菜丁，将炒好的蔬菜肉倒入碗中，加入大米，倒入和食材齐平的水。第5步【热加工｜人工：human_1执行操作/介入；人工时段及用时待审；资源：蒸制/蒸烤设备（模式及腔体待确认）；过程时间：待补；旧稿建议约35分钟（待审核，不能直接采用）；核对：过程持续时间/状态终点待补；核实设备程序的模式、温度、时长和触发事件】开启电源，取出水箱加满水，选择“开始烹饪”按键，按屏幕提示操作。第6步【人工｜人工：human_1；约2分钟（旧稿估时，待审）；资源：基础厨具/操作台；过程时间：待补】拌匀之后就可以吃啦。"
"668759f0bfbee3388538968e","嫩烤鸡胸肉","A料：市售冰鲜鸡胸肉1块；蒜末10克；柠檬1个；研磨黑胡椒海盐2.5克；橄榄油3克","第1步【人工｜人工：human_1；约3分钟（旧稿估时，待审）；资源：刀具+砧板；过程时间：待补】柠檬切片后，将鸡胸肉清洗干净擦干水分与所有调料混合均匀。第2步【等待｜人工：等待本身不占厨师；进出/检查需human_1另计；资源：承载容器/存放区（条件待确认）；过程时间：1h（原文或原文换算；非已批准执行值）】腌制1h。第3步【人工｜人工：human_1；约1分钟（旧稿估时，待审）；资源：烤盘/蒸烤盘；过程时间：待补】蒸烤盘上铺上锡纸，放上腌制好的鸡胸肉。第4步【人工｜人工：human_1；约2分钟（旧稿估时，待审）；资源：烤盘/蒸烤盘；过程时间：待补】将蒸烤盘放入烹饪机腔体第三层。第5步【人工｜人工：human_1；约2分钟（旧稿估时，待审）；资源：食物温度探针；过程时间：待补；核对：探针能力和腔体/中心温度终点待核实】将食物探针插入鸡胸肉（确保食物探针上的三个温度检测点全部插入食物并且位于食物中心位置）。第6步【人工｜人工：human_1执行操作/介入；人工时段及用时待审；资源：带食物探针的烤制设备；过程时间：待补；核对：两个目标温度和设备探针能力待核实；探针能力和腔体/中心温度终点待核实】将食物探针插头插入腔体插槽；在探针模式选择便捷程序-鸡胸肉，设置腔体温度和食物中心温度。第7步【热加工｜人工：human_1执行操作/介入；人工时段及用时待审；资源：带食物探针的烤制设备；过程时间：待补；核对：原文未给目标温度、预估时长；不得只用固定分钟数替代中心温度判定；过程持续时间/状态终点待补；核实设备程序的模式、温度、时长和触发事件】运行鸡胸肉程序，按已确认的中心温度终点结束。第8步【说明｜不计独立工时；核对：探针能力和腔体/中心温度终点待核实】探针能力及腔体/中心目标温度缺失，需确认；不是填一个加热分钟数就能执行。"
"5e6f131cd8dcd921c6736129","蒸咸蛋酿苦瓜","主料：苦瓜260克；熟咸蛋黄50克；辅料：咖喱膏8克；盐2克；白糖2克；鸡粉1克；水淀粉10毫升；料酒10毫升；食用油10毫升","第1步【人工｜人工：human_1；约3分钟（旧稿估时，待审）；资源：刀具+砧板；过程时间：待补】苦瓜切小段，去除瓜瓤。第2步【人工｜人工：human_1；约3分钟（旧稿估时，待审）；资源：刀具+砧板；过程时间：待补】熟咸蛋黄切碎末。第3步【人工｜人工：human_1；约5分钟（旧稿估时，待审）；资源：刀具+砧板、蒸盘；过程时间：待补】取切好的苦瓜段，填入蛋黄末，压紧，放入蒸盘中。第4步【人工｜人工：human_1；约2分钟（旧稿估时，待审）；资源：蒸制/蒸烤设备（模式及腔体待确认）；过程时间：待补】水箱注水，放入电蒸箱，再放入装有食材的蒸盘。第5步【热加工｜人工：human_1执行操作/介入；人工时段及用时待审；资源：蒸制/蒸烤设备（模式及腔体待确认）；过程时间：5分钟（原文或原文换算；非已批准执行值）】选择“普通蒸”模式，以100℃蒸5分钟至熟。第6步【热加工｜人工：human_1执行操作/介入；人工时段及用时待审；资源：灶具+锅具；过程时间：待补；旧稿建议约5分钟（待审核，不能直接采用）；核对：过程持续时间/状态终点待补】炒锅置旺火上，注入清水，煮沸，放入咖喱膏，搅散，待其溶化，加盐、鸡粉、白糖、水淀粉，调成味汁，盛出浇在菜肴上即可。"
"5caf2e8fe78bfc455f2d5caa","红豆糯米糕","A料：糯米粉150g；蜜红豆48g；牛奶130g；B料：鸡蛋1个；细砂糖30g；黄油30g；干酵母2g","第1步【热加工｜人工：human_1执行操作/介入；人工时段及用时待审；资源：热水浴+容器；过程时间：待补；核对：供热资源及时长待补；过程持续时间/状态终点待补】将黄油隔水融化。第2步【等待｜人工：等待本身不占厨师；进出/检查需human_1另计；资源：容器；过程时间：待补；核对：冷却时间待补；过程持续时间/状态终点待补】黄油放至常温。第3步【人工｜人工：human_1执行操作/介入；人工时段及用时待审；资源：手动打蛋器+料理盆；过程时间：待补】加入鸡蛋、细砂糖、牛奶，用手动打蛋器搅拌均匀。第4步【人工｜人工：human_1；约2分钟（旧稿估时，待审）；资源：电动/手动打蛋器、筛网；过程时间：待补】加入过筛的糯米粉和干酵母，并用手动打蛋器搅拌均匀。第5步【人工｜人工：human_1执行操作/介入；人工时段及用时待审；资源：裱花袋+模具；过程时间：待补；核对：最后一句是操作注意事项，不另计发酵40分钟】将面糊装入裱花袋，挤到六连硅胶模中至1/3满；每个面糊表面放8g蜜红豆，继续填入剩余面糊。切记不要加得太满，避免酵母发酵溢出模具孔。第6步【等待｜人工：等待本身不占厨师；进出/检查需human_1另计；资源：模具；过程时间：30分钟（原文或原文换算；非已批准执行值）；核对：原文半个小时】将装好的模具静置。第7步【人工｜人工：human_1执行操作/介入；人工时段及用时待审；资源：烤箱+模具；过程时间：待补；核对：核实设备程序的模式、温度、时长和触发事件】将模具放在烤架上，装入烤箱第3层，选择“开始烹饪”，按屏幕提示设置。第8步【热加工｜人工：human_1执行操作/介入；人工时段及用时待审；资源：烤箱；过程时间：待补；核对：模式、温度、时长待补；过程持续时间/状态终点待补；核实设备程序的模式、温度、时长和触发事件】运行红豆糯米糕烘烤程序。"
"5caf2ddbe78bfc455f2d5c96","糖霜饼干","A料：低筋面粉110g；细杏仁粉15g；黄油60g；细砂糖35g；牛奶15g；B料：蛋白粉5g；糖粉150g；凉开水25g；水溶性食用色素适量","第1步【人工｜人工：human_1执行操作/介入；人工时段及用时待审；资源：刀具+操作台；过程时间：待补】黄油切小块。第2步【等待｜人工：等待本身不占厨师；进出/检查需human_1另计；资源：容器；过程时间：待补；核对：软化时长和终点待补；过程持续时间/状态终点待补】将黄油在室温软化。第3步【人工｜人工：human_1执行操作/介入；人工时段及用时待审；资源：电动打蛋器；过程时间：待补】加入细砂糖，用电动打蛋器打发至体积蓬松、颜色变浅。第4步【人工｜人工：human_1；约2分钟（旧稿估时，待审）；资源：基础厨具/操作台；过程时间：待补】加入牛奶，继续搅打均匀，使其呈质地细腻状。第5步【人工｜人工：human_1；约2分钟（旧稿估时，待审）；资源：筛网；过程时间：待补】筛入低筋面粉，加入杏仁粉，用刮刀搅拌均匀。第6步【人工｜人工：human_1执行操作/介入；人工时段及用时待审；资源：擀面杖+操作台；过程时间：待补】将面团放烘焙纸上，盖保鲜袋，擀为0.5厘米厚的均匀面片。第7步【等待｜人工：等待本身不占厨师；进出/检查需human_1另计；资源：冰箱冷冻区；过程时间：待补；核对：以冻硬为原文终点，温度与时长待补；过程持续时间/状态终点待补】将面片放入冰箱冷冻至冻硬。第8步【人工｜人工：human_1；约1分钟（旧稿估时，待审）；资源：烤盘/蒸烤盘；过程时间：待补】取出冻硬的面片，用饼干模刻出形状，移入垫有烘焙纸的烤盘中，刻完后剩余的面皮合并压实后参照以上步骤再次操作，直至面皮基本用完。第9步【热加工｜人工：human_1执行操作/介入；人工时段及用时待审；资源：烤制设备、烤制设备、烤盘/蒸烤盘；过程时间：待补；旧稿建议约15分钟（待审核，不能直接采用）；核对：过程持续时间/状态终点待补；核实设备程序的模式、温度、时长和触发事件】把烤盘放入烤箱第3层，选择“开始烹饪”按键，按屏幕提示操作。第10步【说明｜不计独立工时；核对：为参数适用条件，不另加一次烘烤】如饼干模具大小有差异，烘烤时间需审核调整。第11步【人工｜人工：human_1执行操作/介入；人工时段及用时待审；资源：烤箱；过程时间：待补】烤制完成后取出饼干。第12步【等待｜人工：等待本身不占厨师；进出/检查需human_1另计；资源：烤架；过程时间：待补；核对：冷却时间待补；过程持续时间/状态终点待补】将饼干放凉。第13步【人工｜人工：human_1；约2分钟（旧稿估时，待审）；资源：基础厨具/操作台；过程时间：待补】将蛋白粉、糖粉、凉开水倒入小碗中搅拌均匀，凉开水的量依据所需糖霜的稀稠度酌情加减。第14步【人工｜人工：human_1；约2分钟（旧稿估时，待审）；资源：基础厨具/操作台；过程时间：待补】将糖霜调入色素搅拌均匀（也可不加）。第15步【人工｜人工：human_1执行操作/介入；人工时段及用时待审；资源：裱花袋+操作台；过程时间：待补】裱花袋剪合适大小的口子，装裱花嘴（常用最小号圆嘴）及糖霜，在饼干上画图样。第16步【等待｜人工：等待本身不占厨师；进出/检查需human_1另计；资源：烤架；过程时间：待补；核对：时间及环境条件待补；过程持续时间/状态终点待补】放在烤架上晾干，至糖霜全部变硬。"
"5c86417e98d5bc7e184a90a8","抹茶红豆白玉卷","A料：糯米粉100g；粘米粉25g；牛奶150ml；黄油15g；白砂糖25g；B料：鸡蛋4个；水60ml；植物油25g；白砂糖75g；抹茶粉10g；低筋面粉60g；C料：红豆沙55g；水20ml；吉利丁5g；淡奶油65g；D料：淡奶油300g；白砂糖25g","第1步【人工｜人工：human_1执行操作/介入；人工时段及用时待审；资源：操作台+蒸制设备；过程时间：待补】红豆沙55g加水20ml拌匀，放入方太蒸箱。第2步【热加工｜人工：human_1执行操作/介入；人工时段及用时待审；资源：蒸制设备；过程时间：3分钟（原文或原文换算；非已批准执行值）；核对：蒸制模式原文未给】设置100℃蒸制红豆沙。第3步【人工｜人工：human_1；约2分钟（旧稿估时，待审）；资源：基础厨具/操作台；过程时间：待补】趁热加入泡软的吉利丁5g拌匀成红豆糊。第4步【人工｜人工：human_1；约2分钟（旧稿估时，待审）；资源：电动/手动打蛋器；过程时间：待补】淡奶油65g用手持电动打蛋器打至5成发，有轻微纹路流动性。第5步【人工｜人工：human_1；约2分钟（旧稿估时，待审）；资源：成型模具+冰箱（温区由相邻存储工序确定）；过程时间：待补】倒入红豆糊拌匀，灌入爱心模具内，进冰箱。第6步【等待｜人工：等待本身不占厨师；进出/检查需human_1另计；资源：冰箱冷冻区；过程时间：3小时（原文或原文换算；非已批准执行值）】冷冻3小时。第7步【人工｜人工：human_1执行操作/介入；人工时段及用时待审；资源：操作台+蒸制设备；过程时间：待补】糯米粉和粘米粉混合，加入白砂糖25g、牛奶150ml、融化的液体黄油15g，拌成细腻面糊，放方太蒸箱。第8步【热加工｜人工：human_1执行操作/介入；人工时段及用时待审；资源：蒸制设备；过程时间：20分钟（原文或原文换算；非已批准执行值）；核对：蒸制模式原文未给】设置100℃蒸制糯米皮面糊。第9步【人工｜人工：human_1；约6分钟（旧稿估时，待审）；资源：电动/手动打蛋器；过程时间：待补】4只蛋清边打发边分2次加入75g砂糖，打发至拉起打蛋器有一个弯弯的尖角备用。第10步【人工｜人工：human_1；约2分钟（旧稿估时，待审）；资源：筛网；过程时间：待补】混合水60ml和色拉油25ml，筛入低粉60g和抹茶粉10g搅拌拌匀，加入4个蛋黄，搅拌成顺滑的抹茶蛋黄糊。第11步【人工｜人工：human_1；约2分钟（旧稿估时，待审）；资源：基础厨具/操作台；过程时间：待补】分两次加入蛋白糊，拌匀制作成抹茶蛋糕糊。第12步【人工｜人工：human_1；约2分钟（旧稿估时，待审）；资源：烤盘/蒸烤盘；过程时间：待补】倒入铺好油纸的烤盘内，抹平表面，轻轻震出气泡。第13步【热加工｜人工：human_1执行操作/介入；人工时段及用时待审；资源：烤制设备、烤制设备；过程时间：待补；旧稿建议约18分钟（待审核，不能直接采用）；核对：过程持续时间/状态终点待补；核实设备程序的模式、温度、时长和触发事件】放入方太烤箱中层，选择“开始烹饪”按键，按屏幕提示操作。第14步【人工｜人工：human_1；约3分钟（旧稿估时，待审）；资源：刀具+砧板；过程时间：待补】取出放在网架上晾凉后，切成20X5cm的抹茶蛋糕片2片。第15步【人工｜人工：human_1；约2分钟（旧稿估时，待审）；资源：电动/手动打蛋器；过程时间：待补】淡奶油300g加入白砂糖25g，用电动打蛋器中速打至9成发，呈现硬挺状。第16步【等待｜人工：等待本身不占厨师；进出/检查需human_1另计；资源：容器；过程时间：待补；核对：原文使用冷却的面团；等待终点及时长待补；过程持续时间/状态终点待补】等待糯米皮面团冷却。第17步【人工｜人工：human_1执行操作/介入；人工时段及用时待审；资源：擀面杖+操作台；过程时间：待补】桌面撒玉米淀粉，将冷却的糯米皮擀成20X25cm长方形；铺油纸后翻面，将油纸垫下面。第18步【人工｜人工：human_1；约5分钟（旧稿估时，待审）；资源：基础厨具/操作台；过程时间：待补】糯米皮最顶端处放一片抹茶蛋糕，挤上奶油夹层，放入制作好的红豆奶冻，再挤上奶油夹层，最上层放入另外一片抹茶蛋糕片，卷成蛋糕卷。第19步【人工｜人工：human_1；约2分钟（旧稿估时，待审）；资源：基础厨具/操作台+冰箱（温区由相邻存储工序确定）；过程时间：待补】按照步骤卷好的两条蛋糕卷放入冰箱。第20步【等待｜人工：等待本身不占厨师；进出/检查需human_1另计；资源：冰箱冷冻区；过程时间：2小时（原文或原文换算；非已批准执行值）】冷冻定型2小时。第21步【人工｜人工：human_1；约3分钟（旧稿估时，待审）；资源：刀具+砧板；过程时间：待补】切片即可享用。第22步【说明｜不计独立工时】红豆糊所用泡软吉利丁以及融化黄油为前置半成品；泡发/融化工艺还需补齐。"
"5d664a986601a865649f9aba","大理石饼干","A料：低筋面粉150克；黄油80克；糖粉60克；蛋白25克；香草粉5克；B料：低筋面粉78克；可可粉12克；黄油48克；糖粉36克；鸡蛋液15克","第1步【人工｜人工：human_1；约2分钟（旧稿估时，待审）；资源：基础厨具/操作台；过程时间：待补】把低筋面粉倒在容器中，放入香草粉。第2步【人工｜人工：human_1；约2分钟（旧稿估时，待审）；资源：基础厨具/操作台；过程时间：待补】倒入糖粉、蛋清，搅匀。第3步【人工｜人工：human_1；约2分钟（旧稿估时，待审）；资源：基础厨具/操作台；过程时间：待补】倒入黄油。第4步【人工｜人工：human_1；约2分钟（旧稿估时，待审）；资源：基础厨具/操作台；过程时间：待补】将材料混合均匀。第5步【人工｜人工：human_1；约6分钟（旧稿估时，待审）；资源：基础厨具/操作台；过程时间：待补】揉搓成香草面团。第6步【人工｜人工：human_1；约2分钟（旧稿估时，待审）；资源：基础厨具/操作台；过程时间：待补】把低筋面粉倒在另一个容器中，放入可可粉。第7步【人工｜人工：human_1；约2分钟（旧稿估时，待审）；资源：基础厨具/操作台；过程时间：待补】倒入白糖、鸡蛋，用刮板搅匀。第8步【人工｜人工：human_1；约2分钟（旧稿估时，待审）；资源：基础厨具/操作台；过程时间：待补】加入黄油。第9步【人工｜人工：human_1；约6分钟（旧稿估时，待审）；资源：基础厨具/操作台；过程时间：待补】将材料混合均匀，揉搓圆，制成巧克力面团。第10步【人工｜人工：human_1；约2分钟（旧稿估时，待审）；资源：基础厨具/操作台；过程时间：待补】将巧克力面团、香草面团混合均匀。第11步【人工｜人工：human_1；约6分钟（旧稿估时，待审）；资源：基础厨具/操作台；过程时间：待补】揉搓成直径为4厘米的长条状。第12步【人工｜人工：human_1；约2分钟（旧稿估时，待审）；资源：基础厨具/操作台+冰箱（温区由相邻存储工序确定）；过程时间：待补】用油纸将长条面团包住，放入冰箱。第13步【等待｜人工：等待本身不占厨师；进出/检查需human_1另计；资源：冰箱冷冻区；过程时间：20分钟（原文或原文换算；非已批准执行值）】冷冻20分钟至定型。第14步【人工｜人工：human_1；约3分钟（旧稿估时，待审）；资源：刀具+砧板；过程时间：待补】取出，撕去油纸，切成直径为0.5厘米等同的片状，制成饼干生坯。第15步【人工｜人工：human_1；约2分钟（旧稿估时，待审）；资源：烤盘/蒸烤盘；过程时间：待补】将生坯放入垫有油纸的烤盘中。第16步【人工｜人工：human_1；约2分钟（旧稿估时，待审）；资源：烤制设备；过程时间：待补】放入烤箱中。第17步【热加工｜人工：human_1执行操作/介入；人工时段及用时待审；资源：烤制设备；过程时间：15分钟（原文或原文换算；非已批准执行值）；核对：原文常规烘焙与设备清单模式的对应关系待审】选择“常规烘焙”模式，以180℃烤制15分钟.。第18步【人工｜人工：human_1；约1分钟（旧稿估时，待审）；资源：基础厨具/操作台+烹饪设备（承接前一热操作）；过程时间：待补】打开箱门，取出烤好的饼干即可。第19步【说明｜不计独立工时】原文“直径0.5厘米等同的片状”可能指厚度，不能在没有依据时自动改写尺寸含义。"
"65433a5545256c3ad7c26a5b","莲藕虾肉饼","主料：猪肉糜100克；咸鸭蛋蛋清1个；虾仁8个；莲藕150克；香菜2棵；香葱5克；咸蛋黄4个；辅料：白砂糖2克；料酒10毫升；白胡椒1克；盐3克","第1步【说明｜不计独立工时；核对：标题不单独累计2分钟，具体动作见后续】食材准备。第2步【人工｜人工：human_1；约3分钟（旧稿估时，待审）；资源：刀具+砧板；过程时间：待补】莲藕切丝、芫荽切碎、虾肉切丁备用。第3步【人工｜人工：human_1；约2分钟（旧稿估时，待审）；资源：刀具+砧板；过程时间：待补】将猪肉糜、虾肉、莲藕丝放入碗中，加入盐、糖、料酒，剁碎的香菜，少许葱花，一个咸鸭蛋的蛋清，白胡椒粉搅拌均匀。第4步【人工｜人工：human_1；约2分钟（旧稿估时，待审）；资源：基础厨具/操作台；过程时间：待补】然后将咸蛋黄铺在肉上面。第5步【热加工｜人工：human_1执行操作/介入；人工时段及用时待审；资源：蒸制/蒸烤设备（模式及腔体待确认）；过程时间：待补；旧稿建议约18分钟（待审核，不能直接采用）；核对：过程持续时间/状态终点待补；核实设备程序的模式、温度、时长和触发事件】放入方太智能烹饪设备，开启电源，取出水箱加满水，选择“开始烹饪”按键，按屏幕提示操作。"
"6889acfbf5dd4d1e1f228e84","沙参老鸭麦冬汤","主料：老鸭1500克；沙参30克；麦冬10克；辅料：盐10克；姜片15克；大葱段20克；黄酒20克；纯净水2000克","第1步【热加工｜人工：human_1执行操作/介入；人工时段及用时待审；资源：灶具+锅具；过程时间：待补；旧稿建议约5分钟（待审核，不能直接采用）；核对：过程持续时间/状态终点待补】将鸭块、姜片、葱段、料酒和没过食材的水放入锅中，开中大火进行焯水，结束后洗净鸭块。第2步【热加工｜人工：human_1执行操作/介入；人工时段及用时待审；资源：灶具+锅具；过程时间：待补；旧稿建议约5分钟（待审核，不能直接采用）；核对：过程持续时间/状态终点待补】再将焯好的鸭块进行煸炒出油，炒至微黄后，撇去多余的油脂。第3步【人工｜人工：human_1；约2分钟（旧稿估时，待审）；资源：灶具+锅具；过程时间：待补】将炒好的鸭块、沙参麦冬包和2000g纯净水放入砂锅中。第4步【热加工｜人工：human_1执行操作/介入；人工时段及用时待审；资源：蒸制/蒸烤设备（模式及腔体待确认）；过程时间：120分钟（原文或原文换算；非已批准执行值）】将其放在蒸烤架上，放入机器最底层，设置普通蒸100℃，120分钟。"
"5c81cf416dc6e123a037a1f0","原味墨西哥面包","A料：高筋面粉150克；牛奶75克；鸡蛋15克；白糖25克；黄油15克；酵母2克；盐1克；B料：糖粉30克；黄油28克；盐少许；鸡蛋27克；低筋面粉30克","第1步【人工｜人工：human_1；约6分钟（旧稿估时，待审）；资源：基础厨具/操作台；过程时间：待补】将A中除黄油外的所有原来混合揉成团,待面团揉至光滑，加入软化的黄油,继续揉面至完全扩展状态，即拉伸面团可以拉出薄膜，形成的薄膜不易破，破裂边沿处也较光滑。第2步【人工｜人工：human_1；约2分钟（旧稿估时，待审）；资源：基础厨具/操作台；过程时间：待补；核对：修复上一修订稿按关键词断句造成的不完整表达】将揉好的面团整圆，盖上保鲜膜，准备进行第一次发酵。第3步【等待｜人工：等待本身不占厨师；进出/检查需human_1另计；资源：烤箱（发酵能力待核实）；过程时间：1–2小时（原文或原文换算；非已批准执行值）；核对：按原文保留下界/区间或中文时间，不将下界当作唯一固定总时长；原文指定烤箱发酵，当前设备清单未声明该能力；当前烤箱清单未列原文低温发酵能力】发酵，选择烤箱“发酵”，设置35~40℃，时间1~2小时，发酵至两倍大。第4步【人工｜人工：human_1；约1分钟（旧稿估时，待审）；资源：成型模具；过程时间：待补；核对：修复上一修订稿按关键词断句造成的不完整表达】将面团取出排气，分割成三等分，滚圆，放入模具，准备第二次发酵。第5步【等待｜人工：等待本身不占厨师；进出/检查需human_1另计；资源：烤箱（发酵能力待核实）；过程时间：40–90分钟（原文或原文换算；非已批准执行值）；核对：按原文保留下界/区间或中文时间，不将下界当作唯一固定总时长；原文指定烤箱发酵，当前设备清单未声明该能力；当前烤箱清单未列原文低温发酵能力】发酵，选择烤箱“发酵”，设置35~40℃，时间40~90分钟，发酵至两倍大。第6步【人工｜人工：human_1执行操作/介入；人工时段及用时待审；资源：操作台；过程时间：待补；核对：与发酵并行的人工准备，不额外等待40分钟】发酵期间准备墨西哥酱：将软化的黄油加糖粉和盐搅匀，不要过分搅拌。第7步【人工｜人工：human_1；约2分钟（旧稿估时，待审）；资源：基础厨具/操作台；过程时间：待补】倒入低筋面粉，搅拌均匀,把墨西哥面糊装入裱花袋。第8步【人工｜人工：human_1；约2分钟（旧稿估时，待审）；资源：基础厨具/操作台；过程时间：待补】在面团上以螺旋状挤出墨西哥面糊，大约盖住面团的2/3即可。第9步【热加工｜人工：human_1执行操作/介入；人工时段及用时待审；资源：烤制设备（程序能力待核实）；过程时间：待补；旧稿建议约18分钟（待审核，不能直接采用）；核对：过程持续时间/状态终点待补；核实设备程序的模式、温度、时长和触发事件】选择“开始烹饪”按键，按屏幕提示操作。"
"64f5510a255d3b02f695fde1","腊味蒸素鸡","主料：素鸡300克；腊肠50克；腊肉50克；辅料：盐3克；糖3克；料酒10克；葱10克；姜10克","第1步【说明｜不计独立工时；核对：标题不单独累计2分钟，具体动作见后续】食材准备。第2步【人工｜人工：human_1；约3分钟（旧稿估时，待审）；资源：刀具+砧板；过程时间：待补】腊味切片，素鸡对半切开后切成5毫米的片，姜切丝，小葱切成葱花。第3步【人工｜人工：human_1；约2分钟（旧稿估时，待审）；资源：基础厨具/操作台；过程时间：待补】素鸡在盘底铺圈，撒上盐、糖、料酒。第4步【等待｜人工：等待本身不占厨师；进出/检查需human_1另计；资源：承载容器/存放区（条件待确认）；过程时间：待补；旧稿建议约15分钟（待审核，不能直接采用）；核对：过程持续时间/状态终点待补】腌制入味。第5步【人工｜人工：human_1；约2分钟（旧稿估时，待审）；资源：基础厨具/操作台；过程时间：待补】腊味铺在素鸡上面，加上姜丝。第6步【热加工｜人工：human_1执行操作/介入；人工时段及用时待审；资源：蒸制/蒸烤设备（模式及腔体待确认）；过程时间：待补；旧稿建议约15分钟（待审核，不能直接采用）；核对：过程持续时间/状态终点待补；核实设备程序的模式、温度、时长和触发事件】放入方太智能烹饪设备第2层，开启电源，取出水箱加满水，选择“开始烹饪”按键，按屏幕提示操作。第7步【人工｜人工：human_1；约2分钟（旧稿估时，待审）；资源：基础厨具/操作台；过程时间：待补】取出后撒上葱花即可食用。"
"5c8762bd98d5bc7e184a917c","烤鱿鱼干","主料：干鱿鱼1条；辅料：生抽5毫升；芥末5克","第1步【人工｜人工：human_1；约2分钟（旧稿估时，待审）；资源：基础厨具/操作台；过程时间：待补】将干鱿鱼表面的皮和胶板撕掉。第2步【人工｜人工：human_1；约2分钟（旧稿估时，待审）；资源：基础厨具/操作台；过程时间：待补】用竹签将干鱿鱼穿成串，待用。第3步【人工｜人工：human_1；约2分钟（旧稿估时，待审）；资源：烤制设备、烤盘/蒸烤盘；过程时间：待补】在烤盘中铺上锡纸，将干鱿鱼放到锡纸上，将烤盘置入烤箱中。第4步【热加工｜人工：human_1执行操作/介入；人工时段及用时待审；资源：烤制设备；过程时间：1分钟（原文或原文换算；非已批准执行值）；核对：240℃超出设备清单烤制最高230℃，不可静默裁剪；原文完全烧烤与设备清单模式的对应关系待审】选择“完全烧烤”模式，以240℃烤1分钟。第5步【人工｜人工：human_1；约2分钟（旧稿估时，待审）；资源：基础厨具/操作台；过程时间：待补】将烤好的鱿鱼干装入盘中，把鱿鱼干撕成细丝，摆上适量生抽和芥末，蘸着食用即可。"
"5fe1972d5f8f38795ea6fe7b","秘制叉烧","A料：梅花肉（或五花肉）400克；B料：老抽10克；生抽15克；红腐乳40克；细砂糖45克；五香粉1克；蒜蓉5克；蚝油25克；红糟或红腐乳汁18克","第1步【人工｜人工：human_1；约3分钟（旧稿估时，待审）；资源：刀具+砧板；过程时间：待补】用肉针（肉锤）在猪肉的正反两面扎孔（捶打），再将猪肉切成厚约 2cm，宽约 6cm 的肉块。第2步【人工｜人工：human_1；约2分钟（旧稿估时，待审）；资源：基础厨具/操作台；过程时间：待补】将肉块放入盆中，加入 B 中的腌料。第3步【人工｜人工：human_1；约2分钟（旧稿估时，待审）；资源：基础厨具/操作台；过程时间：待补】将肉块与腌料 B 揉捏均匀。第4步【人工｜人工：human_1；约2分钟（旧稿估时，待审）；资源：基础厨具/操作台+冰箱（温区由相邻存储工序确定）；过程时间：待补】装入保鲜袋中放入冰箱。第5步【等待｜人工：等待本身不占厨师；进出/检查需human_1另计；资源：冰箱冷藏区；过程时间：至少15小时（原文或原文换算；非已批准执行值）；核对：按原文保留下界/区间或中文时间，不将下界当作唯一固定总时长】冷藏 15 个小时以上使之充分入味。第6步【人工｜人工：human_1执行操作/介入；人工时段及用时待审；资源：冰箱冷藏区+操作台；过程时间：待补】将腌制好的肉从冰箱取出，沥去多余腌汁。第7步【等待｜人工：等待本身不占厨师；进出/检查需human_1另计；资源：容器；过程时间：待补；核对：原文为状态终点；原修订15分钟仅为未审核建议，回温条件及允许窗口待确认；过程持续时间/状态终点待补】等待肉块恢复至常温。第8步【人工｜人工：human_1；约2分钟（旧稿估时，待审）；资源：烤盘/蒸烤盘；过程时间：待补】烤架放在垫有锡纸的烤盘上，将肉块放在烤架上。第9步【热加工｜人工：human_1执行操作/介入；人工时段及用时待审；资源：烤制设备（程序能力待核实）；过程时间：待补；旧稿建议约35分钟（待审核，不能直接采用）；核对：过程持续时间/状态终点待补；核实设备程序的模式、温度、时长和触发事件】选择“开始烹饪”按键，按屏幕提示操作。第10步【人工｜人工：human_1；约1分钟（旧稿估时，待审）；资源：基础厨具/操作台；过程时间：待补】待烹饪结束，取出即可食用。"
"65f7f4ee85eb6c79dfb992ff","皂角银耳羹","A料：干银耳15克；干皂角米15克；干桃胶5克；干雪燕5克；水1500克；冰糖85克；红枣6个；枸杞12个；主料：干银耳30克；干桃胶30克；干皂角米15克；干雪燕5克；冰糖50克；水1200克；枸杞20粒；干红枣10颗","第1步【等待｜人工：等待本身不占厨师；进出/检查需human_1另计；资源：容器；过程时间：提前一天（原文或原文换算；非已批准执行值）；核对：原文为提前准备要求；具体起止与浸泡条件待审，不省略】干桃胶、干雪燕、干皂角米提前一天用冷水泡发。第2步【人工｜人工：human_1执行操作/介入；人工时段及用时待审；资源：操作台；过程时间：待补】挑去泡发食材中的杂质。第3步【人工｜人工：human_1执行操作/介入；人工时段及用时待审；资源：容器；过程时间：待补】将银耳放入温水。第4步【等待｜人工：等待本身不占厨师；进出/检查需human_1另计；资源：容器；过程时间：40分钟（原文或原文换算；非已批准执行值）】泡发银耳。第5步【人工｜人工：human_1执行操作/介入；人工时段及用时待审；资源：刀具+砧板；过程时间：待补】剪去银耳根部，切小朵备用。第6步【人工｜人工：human_1；约3分钟（旧稿估时，待审）；资源：基础厨具/操作台；过程时间：待补】红枣洗净备用。第7步【等待｜人工：等待本身不占厨师；进出/检查需human_1另计；资源：容器；过程时间：待补；核对：泡发条件与时长待补；过程持续时间/状态终点待补】枸杞泡发备用。第8步【人工｜人工：human_1；约2分钟（旧稿估时，待审）；资源：灶具+锅具；过程时间：待补】取一带盖大碗或砂锅，放入所有材料（除枸杞）。第9步【热加工｜人工：human_1执行操作/介入；人工时段及用时待审；资源：蒸制/蒸烤设备（模式及腔体待确认）；过程时间：待补；旧稿建议约90分钟（待审核，不能直接采用）；核对：过程持续时间/状态终点待补；核实设备程序的模式、温度、时长和触发事件】放在烤架上，放入蒸烤箱第二层，水箱加满水，按照屏端提示操作，点击确认键开始烹饪。第10步【人工｜人工：human_1执行操作/介入；人工时段及用时待审；资源：蒸制设备+操作台；过程时间：待补】蒸好后取出，撒上枸杞，可趁热食用。第11步【可选等待｜人工：等待本身不占厨师；进出/检查需human_1另计；资源：冰箱冷藏区；过程时间：待补；核对：冷藏属于可选食用路径，温度/时长待补；过程持续时间/状态终点待补】也可冷藏后食用。第12步【说明｜不计独立工时】原文要求提前一天泡发，不能按三分钟人工准备替代。"
"600e4f733f3ff83ca1e5191a","柠檬干","主料：新鲜柠檬300克","第1步【人工｜人工：human_1；约3分钟（旧稿估时，待审）；资源：刀具+砧板；过程时间：待补】将柠檬切成1-2mm厚的薄片。第2步【人工｜人工：human_1；约2分钟（旧稿估时，待审）；资源：基础厨具/操作台；过程时间：待补】将柠檬片平铺在蒸烤架上，放入机器中间层，关门。第3步【热加工｜人工：human_1执行操作/介入；人工时段及用时待审；资源：烤制设备（程序能力待核实）；过程时间：待补；旧稿建议约180分钟（待审核，不能直接采用）；核对：过程持续时间/状态终点待补；核实设备程序的模式、温度、时长和触发事件】开启电源，选择“开始烹饪”按键，按屏幕提示操作。"
"5d5665cea9114174727c8be4","培根披萨","A料：高筋面粉200克；酵母3克；黄油20克；水80毫升；盐1克；白糖10克；鸡蛋1个；B料：彩椒丁30克；玉米粒30克；培根片50克；番茄酱20克；芝士碎40克","第1步【人工｜人工：human_1；约2分钟（旧稿估时，待审）；资源：基础厨具/操作台；过程时间：待补】将酵母倒入清水中，加入细砂糖。第2步【人工｜人工：human_1；约2分钟（旧稿估时，待审）；资源：基础厨具/操作台；过程时间：待补】拌匀至溶化。第3步【人工｜人工：human_1；约2分钟（旧稿估时，待审）；资源：基础厨具/操作台；过程时间：待补】高筋面粉倒入容器中。第4步【人工｜人工：human_1；约2分钟（旧稿估时，待审）；资源：基础厨具/操作台；过程时间：待补】加入鸡蛋、酵母糖水。第5步【人工｜人工：human_1；约6分钟（旧稿估时，待审）；资源：基础厨具/操作台；过程时间：待补】用软刮混合均匀，揉搓成面团。第6步【人工｜人工：human_1；约2分钟（旧稿估时，待审）；资源：基础厨具/操作台；过程时间：待补】将面团稍微拉平。第7步【人工｜人工：human_1；约6分钟（旧稿估时，待审）；资源：基础厨具/操作台；过程时间：待补】从一端向另一端卷起来，反复揉搓成纯滑的面团。第8步【人工｜人工：human_1；约2分钟（旧稿估时，待审）；资源：基础厨具/操作台；过程时间：待补】加入黄油、盐。第9步【人工｜人工：human_1；约6分钟（旧稿估时，待审）；资源：基础厨具/操作台；过程时间：待补】封好口将黄油和盐包裹住，揉成面团，再将面团稍微拉平，反复揉搓成光滑的面团。第10步【人工｜人工：human_1；约5分钟（旧稿估时，待审）；资源：基础厨具/操作台；过程时间：待补】面团放入容器中，用保鲜膜包好。第11步【人工｜人工：human_1；约2分钟（旧稿估时，待审）；资源：烤制设备；过程时间：待补】放入烤箱中。第12步【等待｜人工：等待本身不占厨师；进出/检查需human_1另计；资源：烤箱（发酵能力待核实）；过程时间：30分钟（原文或原文换算；非已批准执行值）；核对：原文指定烤箱发酵，当前设备清单未声明该能力；当前烤箱清单未列原文低温发酵能力】选择“发酵”模式，以35℃发酵30分钟。第13步【人工｜人工：human_1；约1分钟（旧稿估时，待审）；资源：擀面杖+操作台；过程时间：待补】将发酵好的面团取出，用擀面杖擀平成圆形。第14步【人工｜人工：human_1；约2分钟（旧稿估时，待审）；资源：基础厨具/操作台；过程时间：待补】放入披萨盘中，刷上番茄酱。第15步【人工｜人工：human_1；约2分钟（旧稿估时，待审）；资源：基础厨具/操作台；过程时间：待补】放上培根片、玉米粒、彩椒丁，撒上芝士碎。第16步【人工｜人工：human_1；约2分钟（旧稿估时，待审）；资源：烤制设备；过程时间：待补】放入烤箱中。第17步【热加工｜人工：human_1执行操作/介入；人工时段及用时待审；资源：烤制设备；过程时间：10分钟（原文或原文换算；非已批准执行值）；核对：原文常规烘焙与设备清单模式的对应关系待审】选择“常规烘焙”模式，以180℃烤10分钟，取出即可。"
"5cc7eb394a21a4301960af00","银鱼蒸蛋","主料：银鱼干15克；鸡蛋3个；辅料：小葱1根；生姜1片（切丝）；盐1/4茶匙（1.8g）；白砂糖1/2茶匙（2.5g）；美味鲜1茶匙；水360g左右；芝麻油2滴","第1步【等待｜人工：等待本身不占厨师；进出/检查需human_1另计；资源：容器；过程时间：待补；核对：时间及泡发条件待补；过程持续时间/状态终点待补】将银鱼干泡入水中至变软。第2步【人工｜人工：human_1执行操作/介入；人工时段及用时待审；资源：操作台；过程时间：待补】沥干水分，放入汤碗。第3步【人工｜人工：human_1；约2分钟（旧稿估时，待审）；资源：基础厨具/操作台；过程时间：待补】将鸡蛋打碎，加入两倍的水（约360g左右）、盐、糖、姜丝，搅拌均匀后倒入装银鱼的碗中。第4步【热加工｜人工：human_1执行操作/介入；人工时段及用时待审；资源：蒸制/蒸烤设备（模式及腔体待确认）；过程时间：待补；旧稿建议约12分钟（待审核，不能直接采用）；核对：过程持续时间/状态终点待补；核实设备程序的模式、温度、时长和触发事件】将碗放在有孔蒸盘/蒸烤架上， 放入机器中间层，水箱加满水，选择“开始烹饪”按键，按屏幕提示操作。第5步【人工｜人工：human_1；约2分钟（旧稿估时，待审）；资源：基础厨具/操作台；过程时间：待补】待烹饪结束后，撒上葱花、美味鲜、芝麻油2滴，趁热食用即可。"
"5c871bef98d5bc7e184a90dd","香烤鲫鱼","主料：鲫鱼220克；辅料：姜片20克；干辣椒10克；葱花5克；盐1克；胡椒粉4克；料酒5毫升；食用油15毫升","第1步【人工｜人工：human_1；约3分钟（旧稿估时，待审）；资源：基础厨具/操作台；过程时间：待补】洗净的鲫鱼装盘，放上姜片和干辣椒。第2步【人工｜人工：human_1；约2分钟（旧稿估时，待审）；资源：基础厨具/操作台；过程时间：待补】往两面鱼身上淋入料酒，撒上盐和适量胡椒粉，抹匀。第3步【等待｜人工：等待本身不占厨师；进出/检查需human_1另计；资源：承载容器/存放区（条件待确认）；过程时间：10分钟（原文或原文换算；非已批准执行值）】腌渍10分钟至入味。第4步【人工｜人工：human_1；约2分钟（旧稿估时，待审）；资源：烤盘/蒸烤盘；过程时间：待补】在烤盘中铺上锡纸，将烤串放在烤架上，刷上适量食用油。第5步【人工｜人工：human_1；约2分钟（旧稿估时，待审）；资源：烤制设备、烤盘/蒸烤盘；过程时间：待补】将烤盘置入烤箱中。第6步【热加工｜人工：human_1执行操作/介入；人工时段及用时待审；资源：烤制设备；过程时间：20分钟（原文或原文换算；非已批准执行值）；核对：原文完全烧烤与设备清单模式的对应关系待审】选择“完全烧烤”模式，以200℃烤20分钟。第7步【人工｜人工：human_1；约1分钟（旧稿估时，待审）；资源：烤盘/蒸烤盘；过程时间：待补】取出烤盘，放上葱花即可。第8步【说明｜不计独立工时】正文“烤串”与前文鲫鱼的形态关系需核对，保留来源，不自行改鱼串数量。"
"5cc7e58a4a21a4301960aefc","温州鱼饼","主料：鮸鱼净鱼肉300g；辅料：猪肥膘60g；粗洋芋淀粉100g；葱白碎5g；蛋清10g；水20g；生姜10g；白糖1/2t(2.5克)；盐1/2t(3克)；鸡精1/2t(2克)；料酒1t(14克)","第1步【人工｜人工：human_1；约3分钟（旧稿估时，待审）；资源：基础厨具/操作台；过程时间：待补】鮸鱼洗净后取净鱼肉300g。第2步【人工｜人工：human_1；约2分钟（旧稿估时，待审）；资源：料理机、刀具+砧板；过程时间：待补】将鱼肉与猪肥膘一起用刀剁碎备用（或料理机搅碎备用）。第3步【人工｜人工：human_1；约2分钟（旧稿估时，待审）；资源：基础厨具/操作台；过程时间：待补】生姜用刀背拍碎后加入20g清水中。第4步【人工｜人工：human_1；约2分钟（旧稿估时，待审）；资源：基础厨具/操作台；过程时间：待补】稍微按压后取10g生姜水倒入鱼肉末中。第5步【人工｜人工：human_1；约2分钟（旧稿估时，待审）；资源：基础厨具/操作台；过程时间：待补】在鱼肉末中加入白糖1/2t，盐1/2t，鸡精1/2t，料酒1t，蛋清10g，葱白碎5g及粗洋芋淀粉100g。第6步【人工｜人工：human_1；约6分钟（旧稿估时，待审）；资源：基础厨具/操作台；过程时间：待补】拌匀后用手反复摔打使其上劲。第7步【人工｜人工：human_1；约5分钟（旧稿估时，待审）；资源：基础厨具/操作台；过程时间：待补】手上沾少许水，将鱼肉馅均分成两块，整形成两个长扁形的鱼饼（约长10cm*宽5cm*厚3cm）。第8步【热加工｜人工：human_1执行操作/介入；人工时段及用时待审；资源：灶具+锅具、蒸盘；过程时间：待补；旧稿建议约15分钟（待审核，不能直接采用）；核对：过程持续时间/状态终点待补】放入锅中煎至两面金黄色，放入盘后放入有孔蒸盘中。第9步【热加工｜人工：human_1执行操作/介入；人工时段及用时待审；资源：蒸制/蒸烤设备（模式及腔体待确认）；过程时间：待补；旧稿建议约15分钟（待审核，不能直接采用）；核对：过程持续时间/状态终点待补；核实设备程序的模式、温度、时长和触发事件】将有孔蒸盘（或蒸烤架）放入烹饪机中间层，选择“开始烹饪”按键，按屏幕提示操作。"
"5d6656036601a865649f9ae1","豆沙手撕包","主料：蛋黄15克；细砂糖50克；清水100毫升；高筋面250克；黄油35克；豆沙馅70克；辅料：酵母4克；奶粉10克","第1步【人工｜人工：human_1；约2分钟（旧稿估时，待审）；资源：基础厨具/操作台；过程时间：待补】将酵母倒入清水中，拌匀，至酵母溶化。第2步【人工｜人工：human_1；约2分钟（旧稿估时，待审）；资源：基础厨具/操作台；过程时间：待补】把高筋面粉倒在容器中，倒入奶粉、细砂糖。第3步【人工｜人工：human_1；约2分钟（旧稿估时，待审）；资源：基础厨具/操作台；过程时间：待补】加入酵母水。第4步【人工｜人工：human_1；约2分钟（旧稿估时，待审）；资源：基础厨具/操作台；过程时间：待补】倒入蛋黄。第5步【人工｜人工：human_1；约6分钟（旧稿估时，待审）；资源：基础厨具/操作台；过程时间：待补】用软刮充分拌匀，揉成面团。第6步【人工｜人工：human_1；约2分钟（旧稿估时，待审）；资源：基础厨具/操作台；过程时间：待补】将面团稍微拉平。第7步【人工｜人工：human_1；约6分钟（旧稿估时，待审）；资源：基础厨具/操作台；过程时间：待补】从一端向另一端卷起来，反复揉搓成纯滑的面团。第8步【人工｜人工：human_1；约2分钟（旧稿估时，待审）；资源：基础厨具/操作台；过程时间：待补】加入黄油。第9步【人工｜人工：human_1；约2分钟（旧稿估时，待审）；资源：基础厨具/操作台；过程时间：待补】封好口将黄油包裹住。第10步【人工｜人工：human_1；约6分钟（旧稿估时，待审）；资源：基础厨具/操作台；过程时间：待补】再将面团稍微拉平，反复揉搓成光滑的面团，放入容器中，用保鲜膜包好。第11步【人工｜人工：human_1；约2分钟（旧稿估时，待审）；资源：烤制设备；过程时间：待补】放入烤箱中。第12步【等待｜人工：等待本身不占厨师；进出/检查需human_1另计；资源：烤箱（发酵能力待核实）；过程时间：30分钟（原文或原文换算；非已批准执行值）；核对：原文指定烤箱发酵，当前设备清单未声明该能力；当前烤箱清单未列原文低温发酵能力】选择“发酵”模式，以35℃发酵30分钟。第13步【人工｜人工：human_1执行操作/介入；人工时段及用时待审；资源：烤箱+操作台；过程时间：待补；核对：修正原分类；既成状态或装料/收尾不再重复计作等待/热加工】将发酵好的面团取出，分成7个大小一样的剂子，约每个25克，搓圆。第14步【人工｜人工：human_1；约5分钟（旧稿估时，待审）；资源：擀面杖+操作台；过程时间：待补】用擀面杖擀成小面皮。第15步【人工｜人工：human_1；约2分钟（旧稿估时，待审）；资源：基础厨具/操作台；过程时间：待补】面皮上放上适量的豆沙馅，封口，收紧。第16步【人工｜人工：human_1；约2分钟（旧稿估时，待审）；资源：基础厨具/操作台；过程时间：待补】按照此方法将剩余的面团做好。第17步【人工｜人工：human_1；约2分钟（旧稿估时，待审）；资源：成型模具；过程时间：待补】将生坯放入中空模具中。第18步【人工｜人工：human_1；约2分钟（旧稿估时，待审）；资源：烤制设备；过程时间：待补】放入烤箱。第19步【等待｜人工：等待本身不占厨师；进出/检查需human_1另计；资源：烤箱（发酵能力待核实）；过程时间：20分钟（原文或原文换算；非已批准执行值）；核对：原文指定烤箱发酵，当前设备清单未声明该能力；当前烤箱清单未列原文低温发酵能力】选择“发酵”模式，以35℃发酵20分钟至两倍大。第20步【热加工｜人工：human_1执行操作/介入；人工时段及用时待审；资源：烤制设备；过程时间：12分钟（原文或原文换算；非已批准执行值）；核对：原文常规烘焙与设备清单模式的对应关系待审】将模式改成“常规烘焙”模式，以180℃烤12分钟。第21步【人工｜人工：human_1；约1分钟（旧稿估时，待审）；资源：基础厨具/操作台+烹饪设备（承接前一热操作）；过程时间：待补】打开箱门，取出即可。"
"66cec69b1142545e3856e07e","亲朋欢聚套餐","A料：猪肋排550克；蒜泥5克；盐2克；白糖3克；五香粉1克；孜然粉3克；辣椒粉3克；食用油10克；料酒10克；生抽10克；蚝油10克；老抽2克；B料：小龙虾500克；姜片30克；小葱段20克；啤酒50克；白灼汁60克；C料：土豆丝100克；胡萝卜丝100克；茼蒿叶50克；大米粉20克；盐3克；十三香3克；主料：嫩仔鸡1只（（净重1000g内））；奥尔良腌料80克；水70克","第1步【人工｜人工：human_1；约1分钟（旧稿估时，待审）；资源：基础厨具/操作台；过程时间：待补】将腌制好的鸡放入大号双耳盘中铺开，并将鸡翅用锡纸包裹好。第2步【人工｜人工：human_1；约2分钟（旧稿估时，待审）；资源：基础厨具/操作台+冰箱（温区由相邻存储工序确定）；过程时间：待补】取沥干的排骨，加入2g盐、3g白糖、5g蒜泥、1g五香粉、3g孜然粉、3g辣椒粉、10g食用油、10g料酒、10g生抽、10g蚝油和2g老抽，抓拌均匀放入盘中，放冰箱。第3步【等待｜人工：等待本身不占厨师；进出/检查需human_1另计；资源：冰箱冷藏区；过程时间：2小时（原文或原文换算；非已批准执行值）；核对：从本步或前一步放冰箱的上下文恢复共享冷藏占用】腌制2小时备用。第4步【人工｜人工：human_1；约1分钟（旧稿估时，待审）；资源：基础厨具/操作台；过程时间：待补】将腌制好的排骨均匀码放在中号碗中。第5步【人工｜人工：human_1；约2分钟（旧稿估时，待审）；资源：基础厨具/操作台；过程时间：待补】将处理好的小龙虾放入中号碗中，摆上30g姜片、20g小葱段，淋入50g啤酒。第6步【人工｜人工：human_1；约2分钟（旧稿估时，待审）；资源：基础厨具/操作台；过程时间：待补】将100g土豆丝、100g胡萝卜丝、50g茼蒿叶与20g米粉、3g盐、3g十三香粉充分混合均匀，放入小号碗中。第7步【人工｜人工：human_1；约3分钟（旧稿估时，待审）；资源：基础厨具/操作台；过程时间：待补】将200g大米洗净沥干放入小号碗中，再加入240g水，使米水充分混合均匀。第8步【人工｜人工：human_1；约2分钟（旧稿估时，待审）；资源：蒸制/蒸烤设备（模式及腔体待确认）、烤盘/蒸烤盘；过程时间：待补】将奥尔良烤鸡和香烤排骨置于蒸烤盘上放入机器第4层，蒸米饭置于蒸烤架上放入第1层。第9步【人工｜人工：human_1执行操作/介入；人工时段及用时待审；资源：套餐设备；过程时间：待补；核对：核实设备程序的模式、温度、时长和触发事件】取出水箱加满水，在设备/APP端进入“亲朋欢聚套餐”，选择“开始烹饪”并按屏幕提示设置。第10步【热加工｜人工：human_1执行操作/介入；人工时段及用时待审；资源：套餐设备；过程时间：待补；核对：总时长T、模式温度序列待补；前段为T−15分钟，原45分钟仅建议；过程持续时间/状态终点待补；核实设备程序的模式、温度、时长和触发事件】启动套餐程序，先处理鸡、排骨与米饭，运行至程序剩余15分钟。第11步【中途介入｜人工：human_1执行操作/介入；人工时段及用时待审；资源：套餐设备；过程时间：待补；核对：同一human_1执行；设备不停计占用，开门是否暂停计时待核实】当程序剩余15分钟时，将粉蒸三丝和清蒸小龙虾放入机器第1层烤架并关门。第12步【热加工｜人工：human_1执行操作/介入；人工时段及用时待审；资源：套餐设备；过程时间：程序剩余15分钟（原文或原文换算；非已批准执行值）；核对：后加入食材与先前食材有不同入场时点，不能视作全部同起同止；核实设备程序的模式、温度、时长和触发事件】在同一套餐程序中继续完成剩余烹饪。第13步【人工｜人工：human_1执行操作/介入；人工时段及用时待审；资源：套餐设备；过程时间：待补；核对：由完成边界补充；不作为原文新增工艺参数】程序结束后取出全部菜品。第14步【说明｜不计独立工时】原文直接使用腌制好的鸡、处理好的小龙虾；前置工艺需补，不能因菜谱未写而默认为已备好。第15步【说明｜不计独立工时】步骤有大米200g，食材清单缺该项；本版保留原食材列，登记待补，不能忽略米饭需求。"
"5e4f4107d8dcd921c6735f7d","披萨面团","主料：高筋面粉400g；水220g；橄榄油5g；酵母1大勺；细砂糖1大勺；盐2小勺","第1步【人工｜人工：human_1；约6分钟（旧稿估时，待审）；资源：基础厨具/操作台；过程时间：待补】将揉成团的面团，放入料理盆中盖上保鲜膜，静置。第2步【等待｜人工：等待本身不占厨师；进出/检查需human_1另计；资源：承载容器/存放区（条件待确认）；过程时间：待补；旧稿建议约60分钟（待审核，不能直接采用）；核对：过程持续时间/状态终点待补】发酵至两倍大。第3步【人工｜人工：human_1执行操作/介入；人工时段及用时待审；资源：擀面杖+操作台+披萨盘；过程时间：待补】选择厚底200g/个或薄底120g/个面团，擀圆放入9寸披萨盘，均匀按压并用叉子间隔插孔。第4步【条件分支｜人工：human_1执行操作/介入；人工时段及用时待审；资源：冰箱冷冻区或烤箱；过程时间：待补；核对：分支选择和各自温度时长待审核；过程持续时间/状态终点待补】成型后可选择冷冻保存，或进入烤箱烤成熟披萨胚；两条路径不同时强制执行。第5步【复合工序｜人工：human_1执行操作/介入；人工时段及用时待审；资源：烤箱+操作台；过程时间：待补；核对：两段烤制参数及馅料物料待补；不能压成单个60分钟节点；过程持续时间/状态终点待补】选择即食烤制路径时，先烤成熟披萨胚，再填入馅料、撒上芝士并烤熟。第6步【说明｜不计独立工时】面团起点是揉成团的半成品；如无库存/备料证据，需要补齐揉面配方和前置步骤。"
"63495f5a728bf96da1acfa3a","油醋汁剁肉饼蒸和乐蟹","主料：五花肉250克；和乐蟹2只（500克）；辅料：香菇25克；马蹄25克；菜脯7克；葱花3克；鸡蛋清10克；葱花3克；生粉4克；花生油10毫升；玉米油30毫升；陈醋12毫升；蒸鱼豉油12毫升；盐2克；鸡粉3克；白糖9克","第1步【人工｜人工：human_1；约3分钟（旧稿估时，待审）；资源：刀具+砧板；过程时间：待补】将五花肉、香菇、马蹄分别切成玉米粒大小备用，菜脯切成小粒备用。第2步【人工｜人工：human_1；约3分钟（旧稿估时，待审）；资源：刀具+砧板；过程时间：待补】将切好的五花肉、香菇、马蹄、菜脯放入碗中，再加入盐、2克鸡粉、1克白砂糖、2克生粉、鸡蛋清和葱花沿一个方向用力搅拌均匀至起粘稠备用。第3步【人工｜人工：human_1；约6分钟（旧稿估时，待审）；资源：基础厨具/操作台；过程时间：待补】将和乐蟹宰杀好后，将壳掀开，用刀将蟹肉斩成八件，蟹钳用刀背拍裂开，用10毫升花生油、2克生粉、1克鸡粉一起拌均匀备用。第4步【人工｜人工：human_1；约2分钟（旧稿估时，待审）；资源：基础厨具/操作台；过程时间：待补】将调好味的肉馅放入圆盘内，用手按压成圆饼状，厚度约1厘米。第5步【人工｜人工：human_1；约2分钟（旧稿估时，待审）；资源：基础厨具/操作台；过程时间：待补】将蟹肉整齐摆放在肉饼上，再将蟹膏分别均匀摆在蟹肉上，盖上蟹壳即可。第6步【人工｜人工：human_1执行操作/介入；人工时段及用时待审；资源：蒸制设备；过程时间：待补；核对：核实设备程序的模式、温度、时长和触发事件】选择“开始烹饪”并按屏幕提示设置。第7步【热加工｜人工：human_1执行操作/介入；人工时段及用时待审；资源：蒸制设备；过程时间：待补；核对：预热目标和时长待补；过程持续时间/状态终点待补】执行预热并等待预热完成提示。第8步【人工｜人工：human_1执行操作/介入；人工时段及用时待审；资源：蒸制设备；过程时间：待补；核对：合并两次相邻的预热后放入描述，只计一次装料】预热完成后，将装有菜品的蒸烤架放入第2层。第9步【热加工｜人工：human_1执行操作/介入；人工时段及用时待审；资源：蒸制设备；过程时间：待补；核对：模式、温度、运行时长待补；过程持续时间/状态终点待补】装料后继续烹饪。"
"5c80d49c6dc6e123a037a1c5","珍珠爆浆蛋糕","A料：鸡蛋4个；细砂糖50克；柠檬汁10滴；B料：牛奶80克；红茶包3包；食用油30克；低筋面粉80克；玉米淀粉15克；盐0.5g；C料：黑珍珠120克；红糖50克；水适量；D料：淡奶油400克；细砂糖20克","第1步【热加工｜人工：human_1执行操作/介入；人工时段及用时待审；资源：灶具+锅具；过程时间：待补；核对：加热时长待补；过程持续时间/状态终点待补】炖锅加入80g牛奶和茶包，煮沸。第2步【人工｜人工：human_1执行操作/介入；人工时段及用时待审；资源：灶具；过程时间：待补】关火。第3步【等待｜人工：等待本身不占厨师；进出/检查需human_1另计；资源：锅具；过程时间：待补；核对：浸出时间与终点待补；过程持续时间/状态终点待补】将茶包在牛奶中焖出茶香。第4步【人工｜人工：human_1；约2分钟（旧稿估时，待审）；资源：基础厨具/操作台；过程时间：待补】将蛋黄和蛋清分开，分别装入两个料理盆中。第5步【人工｜人工：human_1执行操作/介入；人工时段及用时待审；资源：筛网+操作台；过程时间：待补；核对：修正原分类；既成状态或装料/收尾不再重复计作等待/热加工】依次将浸泡出茶香的牛奶、盐、食用油、过筛的低筋面粉加入放有蛋黄的料理盆中，注意每加一种原料需要翻拌至完全混合后再加下一种原料，最后将浸泡过牛奶的2包茶包撕开，将茶叶加入面糊中拌匀。第6步【人工｜人工：human_1；约6分钟（旧稿估时，待审）；资源：电动/手动打蛋器；过程时间：待补】在蛋清中加入柠檬汁，用打蛋器中高档搅打蛋清至粗泡状态时加入三分之一细砂糖，继续搅打，分两次加入剩下的细砂糖，直至将蛋白打发成中性发泡状态（提起打蛋器，蛋白呈鸟嘴状即略弯曲的状态）。第7步【人工｜人工：human_1；约2分钟（旧稿估时，待审）；资源：成型模具；过程时间：待补】取三分之一的蛋白加入到蛋黄糊中，翻拌均匀（刮刀从底部往上翻拌，不要画圈搅拌），再将面糊倒入到剩余的蛋白中，翻拌均匀，倒入8寸戚风蛋糕模具中，将模具轻震两下，把内部大气泡震出。第8步【热加工｜人工：human_1执行操作/介入；人工时段及用时待审；资源：烤制设备、烤制设备、烤盘/蒸烤盘；过程时间：待补；旧稿建议约40分钟（待审核，不能直接采用）；核对：过程持续时间/状态终点待补；核实设备程序的模式、温度、时长和触发事件】将烤盘放入烤箱第2层，选择“开始烹饪”按键，按屏幕提示操作。第9步【人工｜人工：human_1执行操作/介入；人工时段及用时待审；资源：烤箱+烤架；过程时间：待补】烘烤完成后取出蛋糕，倒扣。第10步【等待｜人工：等待本身不占厨师；进出/检查需human_1另计；资源：烤架；过程时间：待补；核对：冷却时长待补；过程持续时间/状态终点待补】将蛋糕晾凉。第11步【人工｜人工：human_1执行操作/介入；人工时段及用时待审；资源：操作台；过程时间：待补】脱模备用。第12步【热加工｜人工：human_1执行操作/介入；人工时段及用时待审；资源：灶具+锅具；过程时间：待补；核对：烧开时长待补；过程持续时间/状态终点待补】炖锅加入适量水并煮沸。第13步【人工｜人工：human_1执行操作/介入；人工时段及用时待审；资源：灶具+锅具；过程时间：待补】放入黑珍珠。第14步【热加工｜人工：human_1执行操作/介入；人工时段及用时待审；资源：灶具+锅具；过程时间：约8分钟（原文或原文换算；非已批准执行值）】煮黑珍珠。第15步【人工｜人工：human_1执行操作/介入；人工时段及用时待审；资源：锅具+容器；过程时间：待补】将煮好的黑珍珠倒入碗中。第16步【等待｜人工：等待本身不占厨师；进出/检查需human_1另计；资源：容器；过程时间：3分钟（原文或原文换算；非已批准执行值）】在碗中焖黑珍珠。第17步【热加工｜人工：human_1执行操作/介入；人工时段及用时待审；资源：灶具+锅具；过程时间：待补；旧稿建议约2分钟（待审核，不能直接采用）；核对：按正文保留实际供热资源；人工操作段与被动加热段仍需分别审核；过程持续时间/状态终点待补】锅中放入红糖，加少许水，加热使红糖融化，捞出黑珍珠放入红糖中拌匀。第18步【等待｜人工：等待本身不占厨师；进出/检查需human_1另计；资源：容器；过程时间：约20分钟（原文或原文换算；非已批准执行值）】黑珍珠在红糖中浸泡。第19步【条件分支｜人工：human_1执行操作/介入；人工时段及用时待审；资源：水浴设备；过程时间：待补；核对：保温为条件分支；温度、设备、允许保温窗口待核实；过程持续时间/状态终点待补】若此时蛋糕尚未准备好，可将红糖珍珠水浴保温至需要使用。第20步【人工｜人工：human_1；约6分钟（旧稿估时，待审）；资源：基础厨具/操作台；过程时间：待补】将淡奶油加入细砂糖打发至六成发，如老酸奶状。第21步【人工｜人工：human_1；约1分钟（旧稿估时，待审）；资源：基础厨具/操作台；过程时间：待补】在晾凉的蛋糕中间挖一圆柱状坑，直径约8厘米，注意底不要挖穿，在坑的底部挤少许打发的淡奶油，加入浸泡红糖的珍珠。第22步【人工｜人工：human_1；约3分钟（旧稿估时，待审）；资源：刀具+砧板；过程时间：待补】将剩余的淡奶油由中间向四周挤满蛋糕胚，再将剩余的红糖黑珍珠放在蛋糕正中间，切块即可食用。"
"6528fa7e45256c3ad7c25fcb","豆沙松糕","主料：粘米粉200克；糯米粉80克；辅料：水150克；绵白糖40克；豆沙馅150克","第1步【说明｜不计独立工时；核对：标题不单独累计2分钟，具体动作见后续】食材准备。第2步【人工｜人工：human_1；约2分钟（旧稿估时，待审）；资源：基础厨具/操作台；过程时间：待补】粘米粉、糯米粉、绵白糖混合均匀。第3步【人工｜人工：human_1；约2分钟（旧稿估时，待审）；资源：基础厨具/操作台；过程时间：待补】边加水边翻拌成半湿的状态，再用双手搓成潮湿、松散的粉粒。第4步【人工｜人工：human_1；约2分钟（旧稿估时，待审）；资源：筛网；过程时间：待补】将搓好的粉过筛。第5步【人工｜人工：human_1；约2分钟（旧稿估时，待审）；资源：成型模具；过程时间：待补】在模具底部喷上少许油，取一半细粉倒入铺平。第6步【热加工｜人工：human_1执行操作/介入；人工时段及用时待审；资源：蒸制/蒸烤设备（模式及腔体待确认）；过程时间：待补；旧稿建议约25分钟（待审核，不能直接采用）；核对：过程持续时间/状态终点待补；核实设备程序的模式、温度、时长和触发事件】放入方太智能烹饪设备，开启电源，取出水箱加满水，选择“开始烹饪”按键，按屏幕提示操作。第7步【人工｜人工：human_1；约2分钟（旧稿估时，待审）；资源：基础厨具/操作台；过程时间：待补】取出，铺上豆沙馅。第8步【人工｜人工：human_1；约2分钟（旧稿估时，待审）；资源：基础厨具/操作台；过程时间：待补】将剩下的细粉倒入盖住豆沙馅，表面刮平。第9步【热加工｜人工：human_1执行操作/介入；人工时段及用时待审；资源：蒸制/蒸烤设备（模式及腔体待确认）；过程时间：25分钟（原文或原文换算；非已批准执行值）】再次放入方太智能烹饪设备，选择蒸模式-普通蒸，100℃，25分钟，无需预热。第10步【人工｜人工：human_1执行操作/介入；人工时段及用时待审；资源：蒸制设备；过程时间：待补】第二段蒸制结束后取出松糕。第11步【等待｜人工：等待本身不占厨师；进出/检查需human_1另计；资源：容器；过程时间：待补；核对：原文明确需放凉，时长待补；过程持续时间/状态终点待补】将松糕放凉。第12步【人工｜人工：human_1执行操作/介入；人工时段及用时待审；资源：刀具+操作台；过程时间：待补】放凉后切块即可。"
"662e07388b2aa2265e115477","法式羊排","主料：调味法式羊排4块","第1步【等待｜人工：等待本身不占厨师；进出/检查需human_1另计；资源：冰箱冷藏区；过程时间：待补；核对：原文使用冷藏解冻后的物料；无完成证据时不得省略，解冻温度时长待补；过程持续时间/状态终点待补】调味法式羊排需冷藏解冻。第2步【人工｜人工：human_1执行操作/介入；人工时段及用时待审；资源：蒸烤设备+操作台；过程时间：待补；核对：核实设备程序的模式、温度、时长和触发事件】取解冻后的羊排，放垫有油纸的烤盘，装入蒸烤一体机第2层，开启电源，按屏幕提示启动程序。第3步【热加工｜人工：human_1执行操作/介入；人工时段及用时待审；资源：蒸烤设备；过程时间：待补；核对：模式、温度和时长待补；过程持续时间/状态终点待补；核实设备程序的模式、温度、时长和触发事件】运行法式羊排程序。"
"68eefee6f5dd4d1e1f228fee","茯苓饼干","主料：低筋面粉80克；玉米淀粉20克；茯苓粉50克；黄油30克；鸡蛋1个（60）；白砂糖20克","第1步【热加工｜人工：human_1执行操作/介入；人工时段及用时待审；资源：热水浴+容器；过程时间：待补；核对：热水来源、温度及软化时长待补；过程持续时间/状态终点待补】黄油放入盆中隔热水软化。第2步【人工｜人工：human_1执行操作/介入；人工时段及用时待审；资源：操作台；过程时间：待补】加入鸡蛋液混合均匀。第3步【人工｜人工：human_1；约6分钟（旧稿估时，待审）；资源：筛网；过程时间：待补】将过筛后的茯苓粉、玉米淀粉及白砂糖加入黄油和鸡蛋液中充分搅拌，再加入低筋面粉揉成面团。第4步【等待｜人工：等待本身不占厨师；进出/检查需human_1另计；资源：承载容器/存放区（条件待确认）；过程时间：10–15分钟（原文或原文换算；非已批准执行值）；核对：按原文保留下界/区间或中文时间，不将下界当作唯一固定总时长】静置10-15分钟。第5步【人工｜人工：human_1；约5分钟（旧稿估时，待审）；资源：擀面杖+操作台、成型模具、烤盘/蒸烤盘；过程时间：待补】面团放在硅油纸上，上面覆盖保鲜膜，用擀面杖压成薄片，用模具刻成特定形状，放入蒸烤盘中。第6步【人工｜人工：human_1执行操作/介入；人工时段及用时待审；资源：烤制设备；过程时间：待补】将蒸烤盘放在机器中间层。第7步【热加工｜人工：human_1执行操作/介入；人工时段及用时待审；资源：烤制设备；过程时间：30分钟（原文或原文换算；非已批准执行值）】设置全开烤150℃烤制。"
"6544c6c245256c3ad7c27455","本帮白切鸡","主料：鸡（南汇九斤黄）2000克；辅料：八角2个；桂皮5克；香叶4片；小茴香3克；花椒2克；沙姜2克；姜30克；葱30克；盐10克；糖25克；黄酒20克；鲜味宝2克；生抽50克；水200克","第1步【人工｜人工：human_1；约5分钟（旧稿估时，待审）；资源：基础厨具/操作台；过程时间：待补】洗净的鸡先用盐、葱段和姜片均匀按摩，按摩好后将葱段和姜片填入鸡肚子内。第2步【人工｜人工：human_1；约2分钟（旧稿估时，待审）；资源：基础厨具/操作台；过程时间：待补】在鸡身淋上适量黄酒抹匀。第3步【等待｜人工：等待本身不占厨师；进出/检查需human_1另计；资源：承载容器/存放区（条件待确认）；过程时间：15分钟（原文或原文换算；非已批准执行值）】腌制15分钟。第4步【人工｜人工：human_1；约2分钟（旧稿估时，待审）；资源：烤盘/蒸烤盘；过程时间：待补】在蒸烤盘上放上几片姜片，把处理好的鸡放在姜片上。第5步【热加工｜人工：human_1执行操作/介入；人工时段及用时待审；资源：蒸制/蒸烤设备（模式及腔体待确认）、烤盘/蒸烤盘；过程时间：待补；旧稿建议约45分钟（待审核，不能直接采用）；核对：过程持续时间/状态终点待补；核实设备程序的模式、温度、时长和触发事件】将蒸烤盘放入方太智能烹饪设备第2层，开启电源，取出水箱加满水，选择“开始烹饪”按键，按屏幕提示操作。第6步【人工｜人工：human_1执行操作/介入；人工时段及用时待审；资源：锅具；过程时间：待补】另取一锅，加入水、八角、桂皮、香叶、小茴香、花椒和沙姜。第7步【热加工｜人工：human_1执行操作/介入；人工时段及用时待审；资源：灶具+锅具；过程时间：30分钟（原文或原文换算；非已批准执行值）】用小火煮香料。第8步【人工｜人工：human_1执行操作/介入；人工时段及用时待审；资源：锅具+操作台；过程时间：待补】捞出煮好的香料，留汤汁备用。第9步【人工｜人工：human_1执行操作/介入；人工时段及用时待审；资源：锅具；过程时间：待补】汤汁中加入生抽、白糖、鲜味宝和剩下的黄酒。第10步【热加工｜人工：human_1执行操作/介入；人工时段及用时待审；资源：灶具+锅具；过程时间：待补；核对：烧开时长待补；过程持续时间/状态终点待补】中小火烧开。第11步【热加工｜人工：human_1执行操作/介入；人工时段及用时待审；资源：灶具+锅具；过程时间：10分钟（原文或原文换算；非已批准执行值）】烧开后继续煮制。第12步【人工｜人工：human_1执行操作/介入；人工时段及用时待审；资源：灶具；过程时间：待补】关火。第13步【等待｜人工：等待本身不占厨师；进出/检查需human_1另计；资源：容器；过程时间：待补；核对：冷却时长待补；过程持续时间/状态终点待补】待调味汁冷却。第14步【人工｜人工：human_1执行操作/介入；人工时段及用时待审；资源：操作台；过程时间：待补】加入姜末和葱花，制成蘸料。第15步【人工｜人工：human_1执行操作/介入；人工时段及用时待审；资源：蒸制设备+冰水容器；过程时间：待补】将蒸好的鸡取出，迅速放入冰水。第16步【等待｜人工：等待本身不占厨师；进出/检查需human_1另计；资源：冰水容器；过程时间：待补；核对：冷却终点、时长及冰水条件待补；过程持续时间/状态终点待补】用冰水冷却鸡肉。第17步【人工｜人工：human_1执行操作/介入；人工时段及用时待审；资源：刀具+操作台；过程时间：待补】从冰水中取出冷却好的鸡肉，切块摆盘。"
"6510fb7845256c3ad7c25cd8","京韵酱香烤鸡","主料：鸡1只；辅料：洋葱150克；大蒜20克；姜20克；生抽30克；蚝油25克；料酒30克；五香粉10克；盐8克；油40克","第1步【说明｜不计独立工时；核对：标题不单独累计2分钟，具体动作见后续】食材准备。第2步【人工｜人工：human_1；约3分钟（旧稿估时，待审）；资源：刀具+砧板；过程时间：待补】洋葱切末，大蒜切末，装入大碗中。第3步【人工｜人工：human_1；约2分钟（旧稿估时，待审）；资源：基础厨具/操作台；过程时间：待补】加入五香粉、蚝油、生抽、料酒、油。第4步【人工｜人工：human_1；约2分钟（旧稿估时，待审）；资源：基础厨具/操作台；过程时间：待补】搅拌均匀，制成腌料。第5步【人工｜人工：human_1；约5分钟（旧稿估时，待审）；资源：刀具+砧板；过程时间：待补】姜切成姜丝，塞入鸡腹。第6步【人工｜人工：human_1；约5分钟（旧稿估时，待审）；资源：基础厨具/操作台；过程时间：待补】腌料一部分填入鸡肚，另一部分抹在鸡表面，用手给鸡按摩入味。第7步【人工｜人工：human_1；约2分钟（旧稿估时，待审）；资源：基础厨具/操作台；过程时间：待补】鸡表面撒上盐，继续按摩入味。第8步【等待｜人工：等待本身不占厨师；进出/检查需human_1另计；资源：承载容器/存放区（条件待确认）；过程时间：至少6小时（原文或原文换算；非已批准执行值）；核对：按原文保留下界/区间或中文时间，不将下界当作唯一固定总时长】腌制6小时以上。第9步【热加工｜人工：human_1执行操作/介入；人工时段及用时待审；资源：烤制设备（程序能力待核实）、烤盘/蒸烤盘；过程时间：待补；旧稿建议约50分钟（待审核，不能直接采用）；核对：过程持续时间/状态终点待补；核实设备程序的模式、温度、时长和触发事件】腌好后的鸡放在铺有锡纸的烤盘中，打开方太智能烹饪设备，选择“开始烹饪”按键，按屏幕提示操作。"
"65433d7145256c3ad7c270fb","金银蒜蒸鸡胸肉","主料：鸡胸肉350克；蒜50克；辅料：蒸鱼豉油20克；黑胡椒粉2克；淀粉10克；油50克","第1步【说明｜不计独立工时；核对：标题不单独累计2分钟，具体动作见后续】食材准备。第2步【人工｜人工：human_1；约3分钟（旧稿估时，待审）；资源：刀具+砧板；过程时间：待补】鸡胸肉洗净擦干水分后，正反两面都横切几刀，但是不要切断。第3步【人工｜人工：human_1；约2分钟（旧稿估时，待审）；资源：基础厨具/操作台；过程时间：待补】加入蒸鱼豉油、黑胡椒粉、淀粉，抓匀。第4步【等待｜人工：等待本身不占厨师；进出/检查需human_1另计；资源：承载容器/存放区（条件待确认）；过程时间：1小时（原文或原文换算；非已批准执行值）】腌制1小时。第5步【人工｜人工：human_1；约3分钟（旧稿估时，待审）；资源：刀具+砧板；过程时间：待补】腌好的鸡胸肉斜切厚片，如果比较大片就再对半切开。第6步【人工｜人工：human_1执行操作/介入；人工时段及用时待审；资源：刀具+砧板；过程时间：待补】大蒜切末，分成两半，一半留用。第7步【热加工｜人工：human_1执行操作/介入；人工时段及用时待审；资源：灶具+锅具；过程时间：待补；核对：油温、时长及人工操作待审；过程持续时间/状态终点待补】另一半蒜末入油锅，炸至金黄后捞出。第8步【人工｜人工：human_1；约3分钟（旧稿估时，待审）；资源：刀具+砧板；过程时间：待补】将腌制好的鸡胸肉放入碗里，撒上切好的蒜末和炸过的金蒜。第9步【热加工｜人工：human_1执行操作/介入；人工时段及用时待审；资源：蒸制/蒸烤设备（模式及腔体待确认）；过程时间：待补；旧稿建议约15分钟（待审核，不能直接采用）；核对：过程持续时间/状态终点待补；核实设备程序的模式、温度、时长和触发事件】放入方太智能烹饪设备，开启电源，取出水箱加满水，选择“开始烹饪”按键，按屏幕提示操作。"
"5caf2ce0e78bfc455f2d5c7a","土豆焖饭","A料：米150克；水180；B料：土豆2个；蒜3瓣；料酒5克；豆瓣酱10克；老抽5克；生抽5克；糖5克；葱1根","第1步【人工｜人工：human_1执行操作/介入；人工时段及用时待审；资源：操作台+蒸制设备；过程时间：待补】米洗净，加入180g清水，装入方太蒸箱。第2步【热加工｜人工：human_1执行操作/介入；人工时段及用时待审；资源：蒸制设备；过程时间：20分钟（原文或原文换算；非已批准执行值）】使用普通蒸100℃蒸米饭。第3步【人工｜人工：human_1；约3分钟（旧稿估时，待审）；资源：刀具+砧板；过程时间：待补】大蒜切片，土豆削皮切小块泡在水里备用。第4步【热加工｜人工：human_1执行操作/介入；人工时段及用时待审；资源：灶具+锅具；过程时间：待补；旧稿建议约5分钟（待审核，不能直接采用）；核对：过程持续时间/状态终点待补】炒锅入油，油烧热后倒入大蒜片爆香。第5步【热加工｜人工：human_1执行操作/介入；人工时段及用时待审；资源：灶具+锅具；过程时间：待补；旧稿建议约5分钟（待审核，不能直接采用）；核对：过程持续时间/状态终点待补】倒入沥干后的土豆块，翻炒至边角边边略略焦黄。第6步【热加工｜人工：human_1执行操作/介入；人工时段及用时待审；资源：灶具+锅具；过程时间：待补；旧稿建议约5分钟（待审核，不能直接采用）；核对：过程持续时间/状态终点待补】转小火，放入豆瓣酱炒香，再加入料酒、生抽、老抽、糖翻炒均匀上色，关火。第7步【人工｜人工：human_1执行操作/介入；人工时段及用时待审；资源：蒸制设备+操作台；过程时间：待补】取出蒸好的米饭，将炒过的土豆、大蒜片倒入并搅拌均匀，再装回蒸箱。第8步【热加工｜人工：human_1执行操作/介入；人工时段及用时待审；资源：蒸制设备；过程时间：25分钟（原文或原文换算；非已批准执行值）】继续用普通蒸100℃蒸制。第9步【说明｜不计独立工时】食材清单水180未写单位，正文给180g；保留原食材列，标准化时可引用正文单位证据。"
"6543408e45256c3ad7c2744b","蒜蓉粉丝烤茄子","主料：茄子1个；辅料：粉丝25克；猪肉末50克；葱5克；蒜20克；小米辣5克；孜然粉5克；五香粉5克；胡椒粉5克；辣椒粉3克；花椒粉5克；盐5克；生抽10克；食用油15克","第1步【人工｜人工：human_1；约2分钟（旧稿估时，待审）；资源：基础厨具/操作台；过程时间：待补】将粉丝放入温水。第2步【等待｜人工：等待本身不占厨师；进出/检查需human_1另计；资源：承载容器/存放区（条件待确认）；过程时间：20分钟（原文或原文换算；非已批准执行值）】浸泡20分钟。第3步【人工｜人工：human_1；约3分钟（旧稿估时，待审）；资源：刀具+砧板；过程时间：待补】将茄子洗净 从中间切开。第4步【人工｜人工：human_1；约3分钟（旧稿估时，待审）；资源：刀具+砧板；过程时间：待补】将葱 小米辣 蒜切末。第5步【人工｜人工：human_1；约3分钟（旧稿估时，待审）；资源：刀具+砧板；过程时间：待补】将切好的葱末 小米辣 蒜末放入碗中 加入孜然粉 五香粉 胡椒粉 辣椒粉 花椒粉 生抽 盐 混合均匀制成蒜蓉酱。第6步【热加工｜人工：human_1执行操作/介入；人工时段及用时待审；资源：灶具+锅具；过程时间：待补；旧稿建议约2分钟（待审核，不能直接采用）；核对：按正文保留实际供热资源；人工操作段与被动加热段仍需分别审核；过程持续时间/状态终点待补；原文8/9档段火与设备清单1–7冲突，保留原值待核实】取锅倒油 打开方太磁控电磁灶 调至8档大火。第7步【热加工｜人工：human_1执行操作/介入；人工时段及用时待审；资源：灶具+锅具；过程时间：待补；旧稿建议约5分钟（待审核，不能直接采用）；核对：按正文保留实际供热资源；人工操作段与被动加热段仍需分别审核；过程持续时间/状态终点待补】将油烧热后浇入调好的蒜蓉酱中 搅拌均匀。第8步【热加工｜人工：human_1执行操作/介入；人工时段及用时待审；资源：灶具+锅具；过程时间：待补；旧稿建议约2分钟（待审核，不能直接采用）；核对：按正文保留实际供热资源；人工操作段与被动加热段仍需分别审核；过程持续时间/状态终点待补；原文8/9档段火与设备清单1–7冲突，保留原值待核实】另起一锅 倒油 打开方太磁控电磁灶 调至8档大火。第9步【热加工｜人工：human_1执行操作/介入；人工时段及用时待审；资源：灶具+锅具；过程时间：待补；旧稿建议约5分钟（待审核，不能直接采用）；核对：过程持续时间/状态终点待补】油热后放入猪肉末翻炒 加入料酒和生抽在旺火中迅速搅拌 使汁水快速收干 盛出备用。第10步【人工｜人工：human_1；约2分钟（旧稿估时，待审）；资源：烤盘/蒸烤盘；过程时间：待补】将准备好的茄子放入铺有锡纸的烤盘中 用刷子在茄子表面刷一层油。第11步【热加工｜人工：human_1执行操作/介入；人工时段及用时待审；资源：烤制设备（程序能力待核实）；过程时间：待补；旧稿建议约20分钟（待审核，不能直接采用）；核对：过程持续时间/状态终点待补；核实设备程序的模式、温度、时长和触发事件】打开方太智能烹饪设备 选择“开始烹饪”按键  按屏幕提示操作。第12步【人工｜人工：human_1执行操作/介入；人工时段及用时待审；资源：烤箱+操作台；过程时间：待补；核对：修正原分类；既成状态或装料/收尾不再重复计作等待/热加工】烤制完成 取出茄子 在茄子上铺上粉丝 放上炒好的猪肉末。第13步【人工｜人工：human_1；约2分钟（旧稿估时，待审）；资源：基础厨具/操作台；过程时间：待补】均匀地撒上调好的蒜蓉酱。第14步【人工｜人工：human_1执行操作/介入；人工时段及用时待审；资源：烤箱；过程时间：待补】将加好粉丝、肉末和蒜蓉酱的茄子再次放入烤箱。第15步【热加工｜人工：human_1执行操作/介入；人工时段及用时待审；资源：烤箱；过程时间：10分钟（原文或原文换算；非已批准执行值）；核对：第二段模式、温度原文未明确，不自动继承未知首段】进行第二段烘烤。第16步【人工｜人工：human_1执行操作/介入；人工时段及用时待审；资源：烤箱+操作台；过程时间：待补；核对：修正原分类；既成状态或装料/收尾不再重复计作等待/热加工】烤制完成 取出茄子 撒上葱花 放上小米辣装饰即可。"
"5dad486b6601a865649f9c15","香菇烤芦笋","A料：芦笋130克；新鲜香菇3朵；B料：蒜5瓣；盐2克；橄榄油15毫升；黑胡椒3克","第1步【人工｜人工：human_1；约3分钟（旧稿估时，待审）；资源：刀具+砧板；过程时间：待补】洗净芦笋，去除根部和硬皮，新鲜香菇去蒂头切片，蒜切成蒜末。第2步【人工｜人工：human_1；约2分钟（旧稿估时，待审）；资源：烤盘/蒸烤盘；过程时间：待补；核对：撒料/装盘是中间操作，不表示整道菜完成】把芦笋平铺在铺上了锡纸的烤盘上，撒上盐、黑胡椒和一半蒜末，再淋上10毫升橄榄油。第3步【人工｜人工：human_1；约2分钟（旧稿估时，待审）；资源：烤制设备；过程时间：待补】放入烤箱中。第4步【热加工｜人工：human_1执行操作/介入；人工时段及用时待审；资源：烤制设备；过程时间：8分钟（原文或原文换算；非已批准执行值）；核对：原文完全烧烤与设备清单模式的对应关系待审】选择“完全烧烤”模式，以190℃烤8分钟。第5步【热加工｜人工：human_1执行操作/介入；人工时段及用时待审；资源：灶具+锅具；过程时间：待补；旧稿建议约5分钟（待审核，不能直接采用）；核对：过程持续时间/状态终点待补】烤芦笋的同时，用平底锅中火加热，不加油直接加入香菇片和剩余蒜末，改小火煎至，中途需翻面。第6步【热加工｜人工：human_1执行操作/介入；人工时段及用时待审；资源：灶具+锅具；过程时间：待补；旧稿建议约2分钟（待审核，不能直接采用）；核对：按正文保留实际供热资源；人工操作段与被动加热段仍需分别审核；过程持续时间/状态终点待补】待香菇微缩但未出水时，加入盐、黑胡椒和剩余橄榄油翻搅。第7步【人工｜人工：human_1；约1分钟（旧稿估时，待审）；资源：烤盘/蒸烤盘；过程时间：待补】把芦笋从烤盘中取出，放入长盘中，再放上香菇即可。第8步【说明｜不计独立工时】烤箱与炒锅可并行，主动人工仍只能human_1；翻面时点和持续时间待审。"
"5fe197255f8f38795ea6fe79","麻辣对虾","A料：新鲜对虾300~400g；B料：盐1/4茶匙；料酒1茶匙；C料：食用油3汤匙；朝天椒4个；生姜末5克；蒜末30克；料酒1汤匙；盐1/4茶匙；生抽1茶匙；老抽1/2茶匙；鸡精1/2茶匙；花椒油1/4茶匙","第1步【人工｜人工：human_1；约3分钟（旧稿估时，待审）；资源：刀具+砧板；过程时间：待补】将对虾洗净，剪去须脚，用刀从背部剖开。第2步【人工｜人工：human_1；约2分钟（旧稿估时，待审）；资源：基础厨具/操作台；过程时间：待补】用B中的盐抹匀，再倒入料酒。第3步【等待｜人工：等待本身不占厨师；进出/检查需human_1另计；资源：承载容器/存放区（条件待确认）；过程时间：10分钟（原文或原文换算；非已批准执行值）】腌渍10分钟。第4步【热加工｜人工：human_1执行操作/介入；人工时段及用时待审；资源：灶具+锅具；过程时间：待补；核对：炒制时长和档位待确认；过程持续时间/状态终点待补】将炒锅加热，倒入C中的食用油、朝天椒、姜末、蒜末，小火煸炒至香辣味出现。第5步【人工｜人工：human_1执行操作/介入；人工时段及用时待审；资源：锅具+容器；过程时间：待补】将炒香的配料盛于小碗中。第6步【等待｜人工：等待本身不占厨师；进出/检查需human_1另计；资源：容器；过程时间：待补；核对：冷却终点及时长待补；过程持续时间/状态终点待补】等待配料冷却。第7步【人工｜人工：human_1执行操作/介入；人工时段及用时待审；资源：操作台；过程时间：待补】冷却后加入料酒、盐、生抽、老抽、鸡精、花椒油拌匀。第8步【人工｜人工：human_1执行操作/介入；人工时段及用时待审；资源：操作台+蒸制设备；过程时间：待补；核对：本步不重复计算8分钟烹饪，不占灶具】将炒香后的配料和对虾在盘中翻拌均匀，放有孔蒸盘，装入机器中间层，取出水箱加满水。第9步【热加工｜人工：human_1执行操作/介入；人工时段及用时待审；资源：蒸制/蒸烤设备（模式及腔体待确认）；过程时间：待补；旧稿建议约8分钟（待审核，不能直接采用）；核对：过程持续时间/状态终点待补；核实设备程序的模式、温度、时长和触发事件】选择“开始烹饪”按键，按屏幕提示操作。第10步【人工｜人工：human_1；约2分钟（旧稿估时，待审）；资源：基础厨具/操作台；过程时间：待补】烹饪结束后取出，撒上葱花即可食用。"
"65795214c458a177d8438b22","血糯米仙草奶茶","主料：牛奶200毫升；仙草冻粉20克；血糯米20克；红茶包2个；辅料：椰汁少许；白砂糖适量；凉开水60毫升","第1步【说明｜不计独立工时；核对：标题不单独累计2分钟，具体动作见后续】食材准备。第2步【热加工｜人工：human_1执行操作/介入；人工时段及用时待审；资源：灶具+锅具；过程时间：待补；核对：加热时长和终点待补；过程持续时间/状态终点待补】牛奶放小锅中，加白砂糖小火煮，放入红茶包一起加热。第3步【人工｜人工：human_1执行操作/介入；人工时段及用时待审；资源：灶具；过程时间：待补】奶茶煮好后关火。第4步【等待｜人工：等待本身不占厨师；进出/检查需human_1另计；资源：容器；过程时间：待补；核对：冷却时长待补；过程持续时间/状态终点待补】将奶茶冷却。第5步【人工｜人工：human_1；约2分钟（旧稿估时，待审）；资源：基础厨具/操作台；过程时间：待补】仙草冻粉加凉水搅拌至无颗粒状。第6步【人工｜人工：human_1；约2分钟（旧稿估时，待审）；资源：灶具+锅具；过程时间：待补】加入小锅中，倒入开水。第7步【热加工｜人工：human_1执行操作/介入；人工时段及用时待审；资源：灶具+锅具；过程时间：待补；旧稿建议约2分钟（待审核，不能直接采用）；核对：按正文保留实际供热资源；人工操作段与被动加热段仍需分别审核；过程持续时间/状态终点待补】边小火加热边搅拌直至沸腾，即可制成糊。第8步【人工｜人工：human_1；约2分钟（旧稿估时，待审）；资源：基础厨具/操作台；过程时间：待补】关火后将糊放入方形保鲜盒。第9步【等待｜人工：等待本身不占厨师；进出/检查需human_1另计；资源：保鲜盒；过程时间：约4小时（原文或原文换算；非已批准执行值）；核对：与血糯米浸泡并行，不依编号强制串行】将仙草糊冷却至凝固。第10步【等待｜人工：等待本身不占厨师；进出/检查需human_1另计；资源：独立浸泡容器；过程时间：待补；核对：原文未单独给浸泡时长，不能自动等同4小时；浸泡完成后才可蒸制；过程持续时间/状态终点待补】在仙草糊冷却的同时浸泡血糯米。第11步【人工｜人工：human_1；约3分钟（旧稿估时，待审）；资源：刀具+砧板；过程时间：待补】冻好后倒扣切成小方块。第12步【热加工｜人工：human_1执行操作/介入；人工时段及用时待审；资源：蒸制/蒸烤设备（模式及腔体待确认）；过程时间：待补；旧稿建议约35分钟（待审核，不能直接采用）；核对：过程持续时间/状态终点待补；核实设备程序的模式、温度、时长和触发事件】血糯米放入方太智能烹饪设备，开启电源，取出水箱加满水，选择“开始烹饪”按键，按屏幕提示操作。第13步【人工｜人工：human_1；约2分钟（旧稿估时，待审）；资源：基础厨具/操作台；过程时间：待补】将蒸熟的血糯米加一点椰汁混合均匀，放入杯中，再加冻块，最后倒入奶茶即可。第14步【说明｜不计独立工时】仙草糊4小时凝固和血糯米浸泡并行；原文未明确泡米时长及环境条件。"
"5c8622ee98d5bc7e184a908b","粉蒸藕丁","A料：莲藕300克；大米粉（原味粗颗粒）80克；B料：蚝油8克；黄豆酱10克；生抽4克；蒸鱼豉油5克；白糖4克；盐1克；食用油20克","第1步【人工｜人工：human_1；约3分钟（旧稿估时，待审）；资源：刀具+砧板；过程时间：待补】将莲藕清洗干净，切成2cm*2cm*2cm的丁，放入清水中浸泡，清洗干净泥沙，沥干水分，放入料理盆中。第2步【人工｜人工：human_1；约2分钟（旧稿估时，待审）；资源：基础厨具/操作台；过程时间：待补】将B中所有原料加入藕丁中，混合均匀，再加入原味粗颗粒大米粉拌匀，使莲藕均匀沾上调料和米粉，将调好味的藕丁放入盘中。第3步【热加工｜人工：human_1执行操作/介入；人工时段及用时待审；资源：蒸制/蒸烤设备（模式及腔体待确认）；过程时间：待补；旧稿建议约30分钟（待审核，不能直接采用）；核对：过程持续时间/状态终点待补；核实设备程序的模式、温度、时长和触发事件】将盘放入蒸盘/蒸烤架中，放入机器中间层，选择“开始烹饪”按键，按屏幕提示操作。第4步【人工｜人工：human_1；约1分钟（旧稿估时，待审）；资源：基础厨具/操作台；过程时间：待补】烹饪结束后取出，即可趁热食用。"
"66dea6480d586d528ee9dd7c","烹香酷炒汇","A料：葱花20克；小米椒3个；洋葱30克；姜丝10克；小葱20克；大蒜末15克；葱段10克；红椒40克；B料：酸汤肥牛调料1袋；生抽35克；盐7克；食用油80克；黑胡椒碎适量；纯净水370克；豆瓣酱20克；白糖4克；白酒3克；蚝油15克；孜然粉2克；辣椒粉1克；主料：熟米饭400克；蛋黄2个；火腿肠1根；胡萝卜40克；肥牛卷200克；金针菇150克；莴笋150克；对虾300克；芹菜40克；五花肉50克；豆腐100克；大白菜120克；土豆250克","第1步【人工｜人工：human_1；约3分钟（旧稿估时，待审）；资源：刀具+砧板；过程时间：待补】黄金炒饭制作：1根火腿肠和40g胡萝卜切丁。第2步【人工｜人工：human_1；约2分钟（旧稿估时，待审）；资源：基础厨具/操作台；过程时间：待补】米饭中加入2个鸡蛋黄、火腿肠丁、胡萝卜丁、5g生抽、3g盐和20g食用油搅拌均匀，铺入大号双耳盘中。第3步【人工｜人工：human_1；约3分钟（旧稿估时，待审）；资源：基础厨具/操作台；过程时间：待补】酸汤肥牛制作：200g肥牛卷用开水冲烫两遍，洗净血水备用。第4步【人工｜人工：human_1；约3分钟（旧稿估时，待审）；资源：刀具+砧板；过程时间：待补】150g金针菇切去根部，150g莴笋去皮切片，1个小米椒切碎。第5步【人工｜人工：human_1；约2分钟（旧稿估时，待审）；资源：基础厨具/操作台；过程时间：待补；核对：撒料/装盘是中间操作，不表示整道菜完成】将金针菇、莴笋垫入中号盘中，撒上小米椒，摆入肥牛，倒入酸汤肥牛调料包和300g纯净水。第6步【人工｜人工：human_1；约3分钟（旧稿估时，待审）；资源：基础厨具/操作台；过程时间：待补】香辣虾制作：300g对虾洗净，开背去虾线。第7步【人工｜人工：human_1；约3分钟（旧稿估时，待审）；资源：刀具+砧板；过程时间：待补】40g芹菜和20g小葱切段，30g洋葱切条。第8步【人工｜人工：human_1；约2分钟（旧稿估时，待审）；资源：基础厨具/操作台；过程时间：待补】对虾加入10g姜丝、小葱、25g食用油、20g豆瓣酱、2g白糖、10g生抽、3g白酒、1g盐，混匀。第9步【等待｜人工：等待本身不占厨师；进出/检查需human_1另计；资源：承载容器/存放区（条件待确认）；过程时间：10分钟（原文或原文换算；非已批准执行值）】腌制10分钟。第10步【人工｜人工：human_1；约1分钟（旧稿估时，待审）；资源：基础厨具/操作台；过程时间：待补】芹菜和洋葱铺在中号盘中，均匀摆上腌制好的对虾。第11步【人工｜人工：human_1；约3分钟（旧稿估时，待审）；资源：刀具+砧板；过程时间：待补】白菜炖豆腐制作：50g五花肉切片，加入3g生抽。第12步【等待｜人工：等待本身不占厨师；进出/检查需human_1另计；资源：承载容器/存放区（条件待确认）；过程时间：5分钟（原文或原文换算；非已批准执行值）】腌制5分钟。第13步【人工｜人工：human_1；约3分钟（旧稿估时，待审）；资源：刀具+砧板；过程时间：待补】100g豆腐和120g大白菜切块，2个小米椒切碎。第14步【人工｜人工：human_1；约2分钟（旧稿估时，待审）；资源：基础厨具/操作台；过程时间：待补】取一小碗，将15g大蒜末、小米椒碎、15g食用油、15g生抽、2g盐、5g蚝油、2g白糖、70g纯净水料混合均匀备用。第15步【人工｜人工：human_1；约2分钟（旧稿估时，待审）；资源：基础厨具/操作台；过程时间：待补】小号碗中依次铺上五花肉片、豆腐和大白菜，再将料汁倒入。第16步【人工｜人工：human_1；约3分钟（旧稿估时，待审）；资源：刀具+砧板；过程时间：待补】家常土豆片制作：250g土豆切薄片。第17步【人工｜人工：human_1；约2分钟（旧稿估时，待审）；资源：基础厨具/操作台；过程时间：待补】土豆中加入20g食用油、2g孜然粉、1g辣椒粉、5g生抽、1g盐和10g蚝油拌匀，放入小号碗中。第18步【人工｜人工：human_1；约3分钟（旧稿估时，待审）；资源：刀具+砧板；过程时间：待补】10g小葱切段，40g红椒切丝，备用。第19步【人工｜人工：human_1执行操作/介入；人工时段及用时待审；资源：套餐设备；过程时间：待补；核对：核实设备程序的模式、温度、时长和触发事件】打开设备，在设备/APP端进入“烹香酷炒汇”，选择“开始烹饪”并按屏幕提示设置。第20步【热加工｜人工：human_1执行操作/介入；人工时段及用时待审；资源：套餐设备；过程时间：待补；核对：预热目标及时长待补；过程持续时间/状态终点待补】执行预热，等待预热完成。第21步【人工｜人工：human_1执行操作/介入；人工时段及用时待审；资源：套餐设备；过程时间：待补】预热结束后，将黄金炒饭、香辣虾置蒸烤盘放第1层；酸汤肥牛、白菜炖豆腐、家常土豆片置蒸烤架放第3层。第22步【热加工｜人工：human_1执行操作/介入；人工时段及用时待审；资源：套餐设备；过程时间：待补；核对：首段模式、温度、时长及提示触发点待补；过程持续时间/状态终点待补；核实设备程序的模式、温度、时长和触发事件】运行第一段烹饪，直到屏幕提示需要取出翻拌。第23步【中途介入｜人工：human_1执行操作/介入；人工时段及用时待审；资源：套餐设备+操作台；过程时间：待补；核对：同一human_1执行；介入时长及开门是否暂停程序待审；核实设备程序的模式、温度、时长和触发事件】按屏幕提示取出菜品；土豆片加小葱段和红椒丝，黄金炒饭翻拌并盖锡箔纸（小心烫伤），其余菜品适当翻拌，再放回原位。第24步【热加工｜人工：human_1执行操作/介入；人工时段及用时待审；资源：套餐设备；过程时间：待补；核对：后段模式、温度、时长待补；原总35分钟未审核；过程持续时间/状态终点待补】放回后继续完成第二段烹饪。第25步【人工｜人工：human_1执行操作/介入；人工时段及用时待审；资源：套餐设备；过程时间：待补；核对：完成边界补充】全部烹饪结束后取出。第26步【说明｜不计独立工时】多菜固定套餐保留同腔体分层和中途翻拌；原35分钟建议值不能代替预热和各运行段。"
"5c82027a6dc6e123a037a209","荷叶蒸蟹饭","A料：青蟹1只；荷叶1张；糯米200克；B料：猪肉50克；盐1/6t；料酒1t；生抽1/2t；C料：姜2克；葱1克；食用油1.5T；盐1/6t；生抽0.6t；干香菇15克；胡萝卜50克","第1步【等待｜人工：等待本身不占厨师；进出/检查需human_1另计；资源：容器；过程时间：2小时（原文或原文换算；非已批准执行值）】将糯米浸泡。第2步【人工｜人工：human_1执行操作/介入；人工时段及用时待审；资源：操作台+蒸制设备；过程时间：待补】泡好后沥干，平铺纱布，纱布放无孔蒸盘，将蒸盘装入蒸箱中间层。第3步【热加工｜人工：human_1执行操作/介入；人工时段及用时待审；资源：蒸制/蒸烤设备（模式及腔体待确认）；过程时间：35分钟（原文或原文换算；非已批准执行值）】开启电源，取出水箱加满水，选择“普通蒸”模式，设置100℃、35分钟，按确认键，开始烹饪。第4步【人工｜人工：human_1；约3分钟（旧稿估时，待审）；资源：刀具+砧板；过程时间：待补；核对：修复上一修订稿按关键词断句造成的不完整表达】猪肉切成肉丁，用B中原料拌匀。第5步【等待｜人工：等待本身不占厨师；进出/检查需human_1另计；资源：承载容器/存放区（条件待确认）；过程时间：15分钟（原文或原文换算；非已批准执行值）】腌制15分钟。第6步【人工｜人工：human_1执行操作/介入；人工时段及用时待审；资源：刀具+砧板；过程时间：待补】将青蟹刷洗干净，剁开。第7步【等待｜人工：等待本身不占厨师；进出/检查需human_1另计；资源：容器；过程时间：待补；核对：泡发时长待补；过程持续时间/状态终点待补】将干香菇泡发。第8步【人工｜人工：human_1执行操作/介入；人工时段及用时待审；资源：刀具+砧板；过程时间：待补】泡发后的香菇切丁，胡萝卜切丁，姜切末，葱切葱花。第9步【人工｜人工：human_1；约2分钟（旧稿估时，待审）；资源：灶具+锅具；过程时间：待补】热锅，倒入食用油，放入C剩余原料炒熟。第10步【人工｜人工：human_1；约2分钟（旧稿估时，待审）；资源：基础厨具/操作台；过程时间：待补】将炒好的饭盛在荷叶上，然后在饭上面按照完整青蟹的模样摆放好蟹块。第11步【人工｜人工：human_1；约2分钟（旧稿估时，待审）；资源：蒸盘；过程时间：待补】将摆置好的荷叶蟹饭放在盘内，将盘子放在有孔蒸盘/蒸烤架上，放入机器中间层。第12步【热加工｜人工：human_1执行操作/介入；人工时段及用时待审；资源：蒸制/蒸烤设备（模式及腔体待确认）；过程时间：18分钟（原文或原文换算；非已批准执行值）】开启电源，取出水箱加满水，选择“普通蒸”模式，设置100℃、18分钟，按确认键，开始烹饪，待烹饪结束后，取出趁热食用。第13步【说明｜不计独立工时】炒饭步骤原文只写C剩余原料，但成品需与蒸熟糯米衔接，需核实混合时点与物料投入。"
"5d54ecfea9114174727c8b5b","红枣酥饼","A料：中筋面粉600克；糖粉60克；猪油240克；清水260毫升；B料：低筋面粉340克；猪油120克；红枣碎馅20克","第1步【人工｜人工：human_1；约2分钟（旧稿估时，待审）；资源：基础厨具/操作台；过程时间：待补】将A料的食材倒入碗中，搅拌均匀。第2步【人工｜人工：human_1；约6分钟（旧稿估时，待审）；资源：基础厨具/操作台；过程时间：待补】揉成光滑的面团后搓粗条，制成油皮。第3步【人工｜人工：human_1；约2分钟（旧稿估时，待审）；资源：基础厨具/操作台；过程时间：待补】取B料食材倒入碗中，搅拌匀制面团，制成油酥。第4步【人工｜人工：human_1；约3分钟（旧稿估时，待审）；资源：刀具+砧板；过程时间：待补】油皮分切数个38克的小剂，油酥分切成数个16克小面团。第5步【人工｜人工：human_1；约2分钟（旧稿估时，待审）；资源：基础厨具/操作台；过程时间：待补】油皮压扁。第6步【人工｜人工：human_1；约5分钟（旧稿估时，待审）；资源：基础厨具/操作台；过程时间：待补】包住油酥，由下而上的卷起。第7步【人工｜人工：human_1；约5分钟（旧稿估时，待审）；资源：擀面杖+操作台；过程时间：待补】再擀制成擀制成椭圆的面片。第8步【人工｜人工：human_1；约5分钟（旧稿估时，待审）；资源：基础厨具/操作台；过程时间：待补】从面片一端向另一端卷起。第9步【人工｜人工：human_1；约5分钟（旧稿估时，待审）；资源：擀面杖+操作台；过程时间：待补】再擀平，然后再从一端向另一端卷起。第10步【人工｜人工：human_1；约2分钟（旧稿估时，待审）；资源：基础厨具/操作台；过程时间：待补】用手指按压接口处。第11步【人工｜人工：human_1；约2分钟（旧稿估时，待审）；资源：基础厨具/操作台；过程时间：待补】再从两端对折。第12步【人工｜人工：human_1；约5分钟（旧稿估时，待审）；资源：擀面杖+操作台；过程时间：待补】再用擀面杖擀成圆形的面皮。第13步【人工｜人工：human_1；约5分钟（旧稿估时，待审）；资源：基础厨具/操作台；过程时间：待补】填入枣馅儿，包入馅料边捏边旋转，使饼皮完全包裹住内陷。第14步【人工｜人工：human_1；约2分钟（旧稿估时，待审）；资源：烤盘/蒸烤盘；过程时间：待补】将酥饼生坯放入垫有油纸的烤盘。第15步【人工｜人工：human_1；约2分钟（旧稿估时，待审）；资源：烤制设备；过程时间：待补】将酥饼压扁，放入烤箱。第16步【热加工｜人工：human_1执行操作/介入；人工时段及用时待审；资源：烤制设备；过程时间：17分钟（原文或原文换算；非已批准执行值）；核对：原文常规烘焙与设备清单模式的对应关系待审】选择“常规烘焙”模式，以180℃烤17分钟即可。"
"5c80cea36dc6e123a037a1be","香辣烤鸡爪","A料：鸡爪750g；B料：水1400g；老抽1.5汤匙；生抽2汤匙；料酒1汤匙；盐1/8茶匙；大葱1段；生姜2片；八角1个；桂皮1块；香叶2片；C料：蚝油1T；孜然粉1g；辣椒1g","第1步【人工｜人工：human_1；约2分钟（旧稿估时，待审）；资源：刀具+砧板；过程时间：待补】将鸡爪清净，剪去指窝处的老茧和指甲。第2步【人工｜人工：human_1执行操作/介入；人工时段及用时待审；资源：锅具；过程时间：待补】锅中放鸡爪，加清水没过鸡爪。第3步【热加工｜人工：human_1执行操作/介入；人工时段及用时待审；资源：灶具+锅具；过程时间：待补；核对：烧开时长待补；过程持续时间/状态终点待补】大火煮至水开。第4步【热加工｜人工：human_1执行操作/介入；人工时段及用时待审；资源：灶具+锅具；过程时间：约10分钟（原文或原文换算；非已批准执行值）】水开后继续煮鸡爪。第5步【人工｜人工：human_1执行操作/介入；人工时段及用时待审；资源：灶具+水槽；过程时间：待补】关火，捞出鸡爪，用冷水冲洗干净。第6步【人工｜人工：human_1执行操作/介入；人工时段及用时待审；资源：锅具；过程时间：待补】锅中加入1400g水和B中所有调料，放入鸡爪。第7步【热加工｜人工：human_1执行操作/介入；人工时段及用时待审；资源：灶具+锅具；过程时间：待补；核对：烧开时长待补；过程持续时间/状态终点待补】大火烧开。第8步【热加工｜人工：human_1执行操作/介入；人工时段及用时待审；资源：灶具+锅具；过程时间：约40分钟（原文或原文换算；非已批准执行值）；核对：保留中途翻拌；次数、触发点、每次人工时长待审】水开后转中火炖煮约40分钟；后期水少时必须间歇翻拌，直至鸡爪可用筷子戳烂并收汁上色。第9步【人工｜人工：human_1执行操作/介入；人工时段及用时待审；资源：灶具+操作台；过程时间：待补】关火捞出鸡爪，放入大碗。第10步【人工｜人工：human_1；约2分钟（旧稿估时，待审）；资源：灶具+锅具；过程时间：待补】取5T锅中剩余的浓稠汤汁加入鸡爪中。第11步【人工｜人工：human_1；约2分钟（旧稿估时，待审）；资源：烤盘/蒸烤盘；过程时间：待补】再加入蚝油、孜然粉和辣椒粉，与鸡爪拌匀，将拌匀的鸡爪摆放在垫有烘焙纸的烤盘中。第12步【热加工｜人工：human_1执行操作/介入；人工时段及用时待审；资源：烤制设备、烤制设备、烤盘/蒸烤盘；过程时间：待补；旧稿建议约15分钟（待审核，不能直接采用）；核对：过程持续时间/状态终点待补；核实设备程序的模式、温度、时长和触发事件】将烤盘放入烤箱第3层，选择“开始烹饪”按键，按屏幕提示操作。"
"5fe197285f8f38795ea6fe7a","玛格丽特","A料：鸡蛋1.5个；B料：黄油68克；糖粉32克；C料：低筋粉68克；玉米淀粉68克；盐1克","第1步【人工｜人工：human_1执行操作/介入；人工时段及用时待审；资源：锅具；过程时间：待补】鸡蛋洗净放入锅中，加冷水浸没。第2步【热加工｜人工：human_1执行操作/介入；人工时段及用时待审；资源：灶具+锅具；过程时间：15分钟（原文或原文换算；非已批准执行值）；核对：原文计时起点未明确，待审核】将鸡蛋煮熟。第3步【人工｜人工：human_1执行操作/介入；人工时段及用时待审；资源：筛网+操作台；过程时间：待补】取出蛋黄，碾压过筛备用。第4步【等待｜人工：等待本身不占厨师；进出/检查需human_1另计；资源：容器；过程时间：待补；核对：软化时长和终点待补；过程持续时间/状态终点待补】将黄油室温软化。第5步【人工｜人工：human_1执行操作/介入；人工时段及用时待审；资源：操作台+筛网；过程时间：待补】加入糖粉拌匀，再加过筛蛋黄和匀；加入过筛粉类及盐，揉匀成团，装保鲜袋。第6步【等待｜人工：等待本身不占厨师；进出/检查需human_1另计；资源：冰箱冷藏区；过程时间：0.5–1小时（原文或原文换算；非已批准执行值）；核对：按原文保留下界/区间或中文时间，不将下界当作唯一固定总时长】冷藏0.5 ～ 1 小时至变硬。第7步【人工｜人工：human_1；约2分钟（旧稿估时，待审）；资源：烤盘/蒸烤盘；过程时间：待补】称取15g/ 个面团，搓成圆球，用大拇指按一下中间至周围有裂缝，然后均匀放在垫有油纸的蒸烤盘上，约16 个。第8步【热加工｜人工：human_1执行操作/介入；人工时段及用时待审；资源：烤制设备（程序能力待核实）；过程时间：待补；旧稿建议约18分钟（待审核，不能直接采用）；核对：过程持续时间/状态终点待补；核实设备程序的模式、温度、时长和触发事件】放入机器中间层，选择“开始烹饪”按键，按屏幕提示操作。第9步【人工｜人工：human_1执行操作/介入；人工时段及用时待审；资源：烤制设备；过程时间：待补】烘烤结束后取出饼干。第10步【等待｜人工：等待本身不占厨师；进出/检查需human_1另计；资源：烤架；过程时间：待补；核对：冷却时间待补；过程持续时间/状态终点待补】晾凉后即可食用。第11步【可选方法｜人工：human_1执行操作/介入；人工时段及用时待审；资源：饼干盒/密封袋；过程时间：待补；核对：密封保存不等于使用真空封口机】也可装入饼干盒或密封袋，密封干燥保存。"
"6528fa4745256c3ad7c25d61","紫甘蓝沙拉","主料：紫甘蓝300克；芝麻菜50克；火腿30克；三色藜麦30克；辅料：油醋汁蘸料30毫升；黑胡椒2克","第1步【说明｜不计独立工时；核对：标题不单独累计2分钟，具体动作见后续】食材准备。第2步【人工｜人工：human_1；约3分钟（旧稿估时，待审）；资源：基础厨具/操作台；过程时间：待补】羽衣甘蓝洗净去茎留叶，芝麻菜洗净。第3步【人工｜人工：human_1；约2分钟（旧稿估时，待审）；资源：基础厨具/操作台；过程时间：待补】羽衣甘蓝和芝麻菜，均撕碎备用，三色藜麦加入30毫升水。第4步【热加工｜人工：human_1执行操作/介入；人工时段及用时待审；资源：蒸制/蒸烤设备（模式及腔体待确认）；过程时间：待补；旧稿建议约20分钟（待审核，不能直接采用）；核对：过程持续时间/状态终点待补；核实设备程序的模式、温度、时长和触发事件】将三色藜麦放入方太智能烹饪设备，开启电源，取出水箱加满水，选择“开始烹饪”按键，按屏幕提示操作。第5步【人工｜人工：human_1；约1分钟（旧稿估时，待审）；资源：基础厨具/操作台；过程时间：待补】蒸熟的藜麦，取出。第6步【等待｜人工：等待本身不占厨师；进出/检查需human_1另计；资源：承载容器/存放区（条件待确认）；过程时间：待补；旧稿建议约20分钟（待审核，不能直接采用）；核对：过程持续时间/状态终点待补】放凉备用。第7步【人工｜人工：human_1；约2分钟（旧稿估时，待审）；资源：基础厨具/操作台；过程时间：待补】将火腿、藜麦、羽衣甘蓝、芝麻菜放入碗里，加入油醋汁搅拌均匀。第8步【人工｜人工：human_1；约2分钟（旧稿估时，待审）；资源：基础厨具/操作台；过程时间：待补】撒上黑胡椒即可。"
"65781f17c458a177d8438652","巴斯克蛋糕","主料：奶油奶酪350克；辅料：鸡蛋4个；淡奶油180克；玉米淀粉12克；细砂糖80克","第1步【热加工｜人工：human_1执行操作/介入；人工时段及用时待审；资源：热水浴+容器；过程时间：待补；核对：热水来源、温度及融化时间待补；过程持续时间/状态终点待补】奶油奶酪放盆中，隔热水融成膏体状。第2步【人工｜人工：human_1；约2分钟（旧稿估时，待审）；资源：基础厨具/操作台；过程时间：待补】在融化的奶油奶酪中加入细砂糖，搅打至顺滑。第3步【人工｜人工：human_1；约2分钟（旧稿估时，待审）；资源：基础厨具/操作台；过程时间：待补】加入鸡蛋，搅打至完全融合。第4步【人工｜人工：human_1；约2分钟（旧稿估时，待审）；资源：筛网；过程时间：待补】加入淡奶油和玉米淀粉，混合均匀后过筛备用。第5步【人工｜人工：human_1；约2分钟（旧稿估时，待审）；资源：成型模具、烤盘/蒸烤盘；过程时间：待补】倒入铺好油纸的6寸蛋糕模具中，将模具放入蒸烤盘中央。第6步【热加工｜人工：human_1执行操作/介入；人工时段及用时待审；资源：烤制设备（程序能力待核实）；过程时间：待补；旧稿建议约30分钟（待审核，不能直接采用）；核对：过程持续时间/状态终点待补；核实设备程序的模式、温度、时长和触发事件】开启电源，选择“开始烹饪”按键，按屏幕提示操作。第7步【人工｜人工：human_1执行操作/介入；人工时段及用时待审；资源：烤制设备；过程时间：待补】烹饪结束后取出蛋糕模具。第8步【等待｜人工：等待本身不占厨师；进出/检查需human_1另计；资源：模具；过程时间：待补；核对：冷却时长待补；过程持续时间/状态终点待补】将蛋糕放凉。第9步【等待｜人工：等待本身不占厨师；进出/检查需human_1另计；资源：冰箱冷藏区；过程时间：2小时（原文或原文换算；非已批准执行值）；核对：原文两小时，不是旧标注60分钟】放凉后放入冰箱冷藏。第10步【人工｜人工：human_1执行操作/介入；人工时段及用时待审；资源：操作台；过程时间：待补】冷藏完成后脱模。"
"58e70b109f6429675ec805ed","蒜蓉粉丝蒸扇贝","主料：新鲜扇贝6个；辅料：龙口粉丝40克；小葱1根；红彩椒0.25个；食用油75克；蒜末50克；生抽20克；料酒15克；鸡精1克；白胡椒粉0.1克","第1步【人工｜人工：human_1；约2分钟（旧稿估时，待审）；资源：基础厨具/操作台；过程时间：待补】将扇贝外壳刷洗干净，用薄汤勺紧贴扇贝较平的外壳壁慢慢撬开，再将扇贝肉从壳上剔下，去除内脏和鳃，留下圆柱形的肉、月牙形的黄和围边，在扇贝肉上划斜刀。第2步【人工｜人工：human_1执行操作/介入；人工时段及用时待审；资源：刀具+容器；过程时间：待补】将B中龙口粉丝切成约8cm长，放入开水。第3步【等待｜人工：等待本身不占厨师；进出/检查需human_1另计；资源：容器；过程时间：约10分钟（原文或原文换算；非已批准执行值）；核对：可与下一切配步骤并行，泡软后才可装扇贝】用开水将粉丝泡软。第4步【人工｜人工：human_1执行操作/介入；人工时段及用时待审；资源：刀具+砧板；过程时间：待补；核对：在粉丝浸泡期间进行】小葱切葱花、红彩椒切细粒。第5步【热加工｜人工：human_1执行操作/介入；人工时段及用时待审；资源：灶具+锅具；过程时间：待补；旧稿建议约1分钟（待审核，不能直接采用）；核对：按正文保留实际供热资源；人工操作段与被动加热段仍需分别审核；过程持续时间/状态终点待补】油蒜末：将炒锅加热，放入食用油75g，加入蒜末，小火煸香，待蒜末呈淡黄色时盛出备用。第6步【人工｜人工：human_1；约2分钟（旧稿估时，待审）；资源：基础厨具/操作台；过程时间：待补】调味汁：取一小碗，加入蒜末50g，生抽20g，料酒15g，鸡精1g，白胡椒粉0.1g，搅匀备用。第7步【人工｜人工：human_1；约2分钟（旧稿估时，待审）；资源：基础厨具/操作台；过程时间：待补】取凹面贝壳，放入粉丝，粉丝用手卷一下使其聚拢，再将扇贝肉整齐地排放粉丝上，用小勺舀取调味汁，均匀地浇在扇贝肉上，然后再舀取油蒜末浇在扇贝肉上，最后将粉丝扇贝放在平盘上。第8步【人工｜人工：human_1；约2分钟（旧稿估时，待审）；资源：蒸制/蒸烤设备（模式及腔体待确认）；过程时间：待补】将盘子放在附送的有孔盘或架子上，放入设备第2层。第9步【热加工｜人工：human_1执行操作/介入；人工时段及用时待审；资源：蒸制/蒸烤设备（模式及腔体待确认）；过程时间：待补；旧稿建议约8分钟（待审核，不能直接采用）；核对：过程持续时间/状态终点待补；核实设备程序的模式、温度、时长和触发事件】开启电源，取出水箱加满水，选择“开始烹饪”按键，按屏幕提示操作。第10步【人工｜人工：human_1；约2分钟（旧稿估时，待审）；资源：基础厨具/操作台；过程时间：待补】烹饪结束后取出，撒上葱花、红彩椒粒点缀，趁热食用。第11步【说明｜不计独立工时】蒜末在油蒜末与调味汁间的数量分配需核对，不能把原文50g无依据重复使用。"
"5dad41646601a865649f9c06","蔬菜塔","主料：薄切土豆片150克；西葫芦150克；胡萝卜150克；红彩椒50克；辅料：盐2克；黑胡椒3克；橄榄油10毫升；黄油20克","第1步【人工｜人工：human_1；约3分钟（旧稿估时，待审）；资源：刀具+砧板；过程时间：待补】在烤箱容器中刷上橄榄油，铺上薄切土豆片，撒上黑胡椒和盐，淋上橄榄油。第2步【人工｜人工：human_1；约2分钟（旧稿估时，待审）；资源：基础厨具/操作台；过程时间：待补；核对：必须先完成预热；预热目标及持续时间待补】将处理好的土豆片放入预热好的烤箱。第3步【热加工｜人工：human_1执行操作/介入；人工时段及用时待审；资源：烤制设备；过程时间：25分钟（原文或原文换算；非已批准执行值）；核对：原文鼓风烧烤与设备清单模式的对应关系待审】选择“鼓风烧烤”模式，以200℃烤25分钟。第4步【人工｜人工：human_1；约3分钟（旧稿估时，待审）；资源：刀具+砧板；过程时间：待补】西葫芦、胡萝卜、红彩椒均切丁备用。第5步【热加工｜人工：human_1执行操作/介入；人工时段及用时待审；资源：灶具+锅具；过程时间：待补；旧稿建议约2分钟（待审核，不能直接采用）；核对：按正文保留实际供热资源；人工操作段与被动加热段仍需分别审核；过程持续时间/状态终点待补】把所有蔬菜放入沸水中汆烫片刻后捞出沥干备用。第6步【热加工｜人工：human_1执行操作/介入；人工时段及用时待审；资源：灶具+锅具；过程时间：待补；旧稿建议约2分钟（待审核，不能直接采用）；核对：按正文保留实际供热资源；人工操作段与被动加热段仍需分别审核；过程持续时间/状态终点待补】平底锅烧热，放入黄油。第7步【热加工｜人工：human_1执行操作/介入；人工时段及用时待审；资源：灶具+锅具；过程时间：待补；旧稿建议约2分钟（待审核，不能直接采用）；核对：按正文保留实际供热资源；人工操作段与被动加热段仍需分别审核；过程持续时间/状态终点待补】黄油融化时加入所有蔬菜，再加入盐和黑胡椒翻搅片刻。第8步【人工｜人工：human_1；约2分钟（旧稿估时，待审）；资源：基础厨具/操作台；过程时间：待补】将炒好的蔬菜丁装入烤好的土豆塔中即可。"
"6492a828933a4b7277dee6aa","蜜豆卷馒头","主料：蜜豆50克；面粉150克；辅料：酵母1.5克；糖10克；水70毫升","第1步【说明｜不计独立工时；核对：标题不单独累计2分钟，具体动作见后续】食材准备。第2步【人工｜人工：human_1执行操作/介入；人工时段及用时待审；资源：容器；过程时间：待补】准备150克面粉；将1.5克酵母粉与10克糖用70克温水化开。第3步【等待｜人工：等待本身不占厨师；进出/检查需human_1另计；资源：容器；过程时间：2分钟（原文或原文换算；非已批准执行值）】酵母糖水静置。第4步【人工｜人工：human_1执行操作/介入；人工时段及用时待审；资源：操作台；过程时间：待补】倒入面粉，揉成光滑面团。第5步【等待｜人工：等待本身不占厨师；进出/检查需human_1另计；资源：承载容器/存放区（条件待确认）；过程时间：待补；旧稿建议约60分钟（待审核，不能直接采用）；核对：过程持续时间/状态终点待补】发酵2倍大。第6步【人工｜人工：human_1执行操作/介入；人工时段及用时待审；资源：操作台；过程时间：2分钟（原文或原文换算；非已批准执行值）；核对：这是主动人工，不是被动等待】将发酵好的面团揉面排气。第7步【人工｜人工：human_1执行操作/介入；人工时段及用时待审；资源：操作台；过程时间：待补】分割成大概40克左右的小面团。第8步【人工｜人工：human_1；约2分钟（旧稿估时，待审）；资源：基础厨具/操作台；过程时间：待补】继续把小面团揉圆。第9步【人工｜人工：human_1；约5分钟（旧稿估时，待审）；资源：擀面杖+操作台；过程时间：待补】擀成圆形，饺子皮形状。第10步【人工｜人工：human_1；约2分钟（旧稿估时，待审）；资源：基础厨具/操作台；过程时间：待补】放蜜豆陷。第11步【人工｜人工：human_1；约5分钟（旧稿估时，待审）；资源：擀面杖+操作台；过程时间：待补】包起来，擀成椭圆形。第12步【人工｜人工：human_1；约5分钟（旧稿估时，待审）；资源：基础厨具/操作台；过程时间：待补】卷起来，依此做好全部面团。第13步【人工｜人工：human_1；约2分钟（旧稿估时，待审）；资源：蒸盘；过程时间：待补；核对：修复上一修订稿按关键词断句造成的不完整表达】将成型面团放入蒸盘，准备二次发酵。第14步【等待｜人工：等待本身不占厨师；进出/检查需human_1另计；资源：承载容器/存放区（条件待确认）；过程时间：10分钟左右（原文或原文换算；非已批准执行值）】发酵，10分钟左右。第15步【热加工｜人工：human_1执行操作/介入；人工时段及用时待审；资源：蒸制/蒸烤设备（模式及腔体待确认）；过程时间：待补；旧稿建议约15分钟（待审核，不能直接采用）；核对：过程持续时间/状态终点待补；核实设备程序的模式、温度、时长和触发事件】放入方太智能烹饪设备第2层，开启电源，取出水箱加满水，选择“开始烹饪”按键，按屏幕提示操作。"
