"菜谱id","名称","食材清单","烹饪步骤"
"5d54bae2a9114174727c8b20","鸡翅包饭","主料：鸡翅3个；去皮胡萝卜60克；洋葱1个；火腿肠1根；生米60克；水90克；辅料：韩式辣椒酱20克；食用油10毫升；料酒5毫升；盐3克；胡椒粉5克","第1步【id=op_001_01｜时间=180秒；资源=human_1；前置=无；参数=不适用；来源=原文及AI估计】洋葱、胡萝卜均洗净切碎。；投入=ingredient_002,ingredient_003；产出=veg
第2步【id=op_002_01｜时间=180秒；资源=human_1；前置=无；参数=不适用；来源=原文及AI估计】火腿肠先切细条，再切碎。；投入=ingredient_004；产出=ham
第3步【id=op_003_01｜时间=540秒；资源=human_1；前置=无；参数=不适用；来源=原文及AI估计】鸡翅洗净，去骨，翅尖处留骨，装入碗中。；投入=ingredient_001；产出=wings
第4步【id=op_004_01｜时间=120秒；资源=human_1；前置=op_003_01；参数=不适用；来源=原文及AI估计】碗中加盐、油、胡椒粉、料酒。；投入=wings,ingredient_008,ingredient_009,ingredient_010,ingredient_011；产出=seasoned
第5步【id=op_005_01｜时间=900秒；资源=fridge_cold_1；前置=op_004_01；参数=temperature_c=4,mode=冷藏；来源=原文及AI估计】腌渍。；投入=seasoned；产出=marinated
第6步【id=op_1000_01｜时间=120秒；资源=human_1；前置=无；参数=不适用；来源=原文及AI估计】淘洗60克生米，加入90克水，制成约150克熟米饭；投入=ingredient_005,ingredient_006；产出=flow_001_00_00,flow_001_00_01
第7步【id=op_1000_02｜时间=60秒；资源=human_1,steam_oven_1；前置=op_1000_01；参数=temperature_c=100,mode=普通蒸；来源=原文及AI估计】米水装入蒸箱；投入=flow_001_00_00,flow_001_00_01；产出=flow_001_01_00,flow_001_01_01
第8步【id=op_1000_03｜时间=1500秒；资源=steam_oven_1；前置=op_1000_02；参数=temperature_c=100,mode=普通蒸；来源=原文及AI估计】普通蒸100℃蒸米饭；投入=flow_001_01_00,flow_001_01_01；产出=flow_001_02_00,flow_001_02_01
第9步【id=op_1000_04｜时间=60秒；资源=human_1,steam_oven_1；前置=op_1000_03；参数=temperature_c=100,mode=普通蒸；来源=原文及AI估计】取出并拨松米饭；投入=flow_001_02_00,flow_001_02_01；产出=rice
第10步【id=op_006_01｜时间=240秒；资源=human_1,stove_choice；前置=op_001_01,op_002_01,op_1000_04；参数=power_level=7；来源=原文及AI估计】锅中注油烧热，放入蔬菜、火腿肠、米饭炒匀。；投入=veg,ham,rice,ingredient_008；产出=fried_rice
第11步【id=op_007_01｜时间=90秒；资源=human_1,stove_choice；前置=op_006_01；参数=power_level=7；来源=原文及AI估计】加盐、胡椒粉、韩式辣椒酱拌炒片刻，盛出装碗。；投入=fried_rice,ingredient_007,ingredient_010,ingredient_011；产出=filling
第12步【id=op_008_01｜时间=360秒；资源=human_1；前置=op_005_01,op_007_01；参数=不适用；来源=原文及AI估计】将炒饭装入鸡翅中，用牙签封口，翅尖用锡纸包住。；投入=marinated,filling；产出=stuffed
第13步【id=op_009_01｜时间=120秒；资源=human_1；前置=op_008_01；参数=不适用；来源=原文及AI估计】烤盘内铺上一层锡纸，在锡纸上刷油，放入鸡翅，鸡翅表面刷油。；投入=stuffed,ingredient_008；产出=oiled
第14步【id=op_010_01｜时间=30秒；资源=human_1,oven_1；前置=op_009_01；参数=temperature_c=180,mode=上下火；来源=原文及AI估计】将烤盘放入烤箱中。；投入=oiled；产出=loaded
第15步【id=op_011_01｜时间=60秒；资源=human_1,oven_1；前置=op_010_01；参数=temperature_c=180,mode=上下火；来源=原文及AI估计】设置设备程序/补水；鸡翅包饭；投入=无食物投入；产出=无食物产出
第16步【id=op_011_02｜时间=600秒；资源=oven_1；前置=op_011_01；参数=temperature_c=180,mode=上下火；来源=原文及AI估计】预热/升温；鸡翅包饭；投入=无食物投入；产出=无食物产出
第17步【id=op_011_03｜时间=900秒；资源=oven_1；前置=op_011_02,op_010_01；参数=temperature_c=180,mode=上下火；来源=原文及AI估计】关上烤箱门，选择“常规烘焙”模式，以180℃烤15分钟。；投入=loaded；产出=cooked
第18步【id=op_012_01｜时间=30秒；资源=human_1,oven_1；前置=op_011_03；参数=temperature_c=180,mode=上下火；来源=原文及AI估计】打开烤箱门，将烤好的鸡翅包饭取出即可。；投入=cooked；产出=dish
第19步【id=op_999_01｜时间=60秒；资源=human_1；前置=op_012_01；参数=不适用；来源=原文及AI估计】确认全部必需分支完成并装盘上桌；投入=dish；产出=finaldish"
"6510fb3545256c3ad7c25c9c","苹果芒果派","主料：中筋面粉170克；细砂糖5克；盐0.5克；无盐黄油115克；蛋液20克；辅料：芒果200克；苹果200克；香草精2克；玉米淀粉5克；细砂糖8克；蛋液20克；粗糖8克；蜂蜜50克；补充：水50克","第1步【id=op_002_01｜时间=120秒；资源=human_1；前置=无；参数=不适用；来源=原文及AI估计】主料中的面粉、糖、盐混合均匀。；投入=ingredient_001,ingredient_002,ingredient_003；产出=powders
第2步【id=op_003_01｜时间=120秒；资源=human_1；前置=op_002_01；参数=不适用；来源=原文及AI估计】加入黄油丁，再加入50克水。；投入=powders,ingredient_004,ingredient_014；产出=butter_mix
第3步【id=op_004_01｜时间=120秒；资源=human_1；前置=op_003_01；参数=不适用；来源=原文及AI估计】用手搓成面包屑状。；投入=butter_mix；产出=crumbs
第4步【id=op_005_01｜时间=360秒；资源=human_1；前置=op_004_01；参数=不适用；来源=原文及AI估计】均匀地倒入1份蛋液，混匀，稍揉几下使其形成面团。；投入=crumbs,ingredient_005；产出=dough
第5步【id=op_006_01｜时间=120秒；资源=human_1；前置=op_005_01；参数=不适用；来源=原文及AI估计】将面团分为均等的两份，分别用保鲜膜包裹起来，放冰箱。；投入=dough；产出=wrapped
第6步【id=op_007_01｜时间=3600秒；资源=fridge_cold_1；前置=op_006_01；参数=temperature_c=4,mode=冷藏；来源=原文及AI估计】冷藏1小时。；投入=wrapped；产出=cold_dough
第7步【id=op_008_01｜时间=180秒；资源=human_1；前置=op_007_01；参数=不适用；来源=原文及AI估计】苹果切成厚片，芒果削皮去核切片，加入香草精。；投入=ingredient_006,ingredient_007,ingredient_008；产出=fruit
第8步【id=op_009_01｜时间=120秒；资源=human_1；前置=op_008_01；参数=不适用；来源=原文及AI估计】再将淀粉与细砂糖加入水果片中，拌匀。；投入=fruit,ingredient_009,ingredient_010；产出=fruit_filling
第9步【id=op_010_01｜时间=300秒；资源=human_1；前置=op_009_01,op_007_01；参数=不适用；来源=原文及AI估计】面团从冰箱中取出，案板上撒少许面粉，将面团擀开成直径约为25cm的圆形。；投入=cold_dough；产出=skins
第10步【id=op_011_01｜时间=30秒；资源=human_1；前置=op_010_01,op_009_01；参数=不适用；来源=原文及AI估计】将一半的水果放入派皮中间，边缘留出约3cm的边，依次往同一个方向折起派皮。；投入=skins,fruit_filling；产出=raw_pies
第11步【id=op_012_01｜时间=120秒；资源=human_1；前置=op_011_01；参数=不适用；来源=原文及AI估计】将派皮放在铺有锡纸的蒸烤盘上，周围刷上蛋液，撒些粗糖。；投入=raw_pies,ingredient_011,ingredient_012；产出=glazed
第12步【id=op_013_01｜时间=60秒；资源=human_1,oven_1；前置=op_012_01；参数=temperature_c=180,mode=上下火；来源=原文及AI估计】设置设备程序/补水；苹果芒果派；投入=无食物投入；产出=无食物产出
第13步【id=op_013_02｜时间=600秒；资源=oven_1；前置=op_013_01；参数=temperature_c=180,mode=上下火；来源=原文及AI估计】预热/升温；苹果芒果派；投入=无食物投入；产出=无食物产出
第14步【id=op_013_03｜时间=1500秒；资源=oven_1；前置=op_013_02,op_012_01；参数=temperature_c=180,mode=上下火；来源=原文及AI估计】打开方太智能烹饪设备，选择“开始烹饪”按键，按屏幕提示操作。；投入=glazed；产出=baked
第15步【id=op_014_01｜时间=120秒；资源=human_1,oven_1；前置=op_013_03；参数=temperature_c=180,mode=上下火；来源=原文及AI估计】将烤好的派从烤箱中取出，把蜂蜜刷在表面即可。；投入=baked,ingredient_013；产出=dish
第16步【id=op_999_01｜时间=60秒；资源=human_1；前置=op_014_01；参数=不适用；来源=原文及AI估计】确认全部必需分支完成并装盘上桌；投入=dish；产出=finaldish"
"5c8646fe98d5bc7e184a90bc","鸡仔饼","A料：猪肥肉100g；细砂糖60g；白酒20g；B料：中筋面粉200g；酥花生碎30g；白芝麻30g；盐3g；麦芽糖75g；五香粉1g；白胡椒粉1g；南乳汁12g；蒜蓉30g；C料：鸡蛋1个","第1步【id=op_001_01｜时间=180秒；资源=human_1；前置=无；参数=不适用；来源=原文及AI估计】将肥肉洗净切粒装大碗内，加入细砂糖和白酒拌匀后，包上保鲜膜。；投入=ingredient_001,ingredient_002,ingredient_003；产出=meat_mix
第2步【id=op_002_01｜时间=86400秒；资源=fridge_freezer_1；前置=op_001_01；参数=temperature_c=-18,mode=冷冻；来源=原文及AI估计】冷冻24小时以上，制成冰肉。；投入=meat_mix；产出=ice_meat
第3步【id=op_003_01｜时间=480秒；资源=human_1；前置=op_002_01；参数=不适用；来源=原文及AI估计】将中筋面粉过筛，放入料理盆中，加入冰肉和B中其它原料，揉合成面团。；投入=ice_meat,ingredient_004,ingredient_005,ingredient_006,ingredient_007,ingredient_008,ingredient_009,ingredient_010,ingredient_011,ingredient_012；产出=dough
第4步【id=op_004_01｜时间=600秒；资源=human_1；前置=op_003_01；参数=不适用；来源=原文及AI估计】将面团分成每个约重25g的剂子，再逐一搓圆，放入铺有油纸的烤盘里，压成饼状。；投入=dough；产出=blanks
第5步【id=op_005_01｜时间=180秒；资源=human_1；前置=op_004_01；参数=不适用；来源=原文及AI估计】取鸡蛋一个磕破，分离出蛋黄，将蛋黄放入碗里，用毛刷给每个饼表面刷上蛋黄液。；投入=blanks,ingredient_013；产出=glazed,egg_white
第6步【id=op_006_01｜时间=60秒；资源=human_1,oven_1；前置=op_005_01；参数=temperature_c=180,mode=上下火；来源=原文及AI估计】设置设备程序/补水；鸡仔饼；投入=无食物投入；产出=无食物产出
第7步【id=op_006_02｜时间=600秒；资源=oven_1；前置=op_006_01；参数=temperature_c=180,mode=上下火；来源=原文及AI估计】预热/升温；鸡仔饼；投入=无食物投入；产出=无食物产出
第8步【id=op_006_03｜时间=60秒；资源=human_1,oven_1；前置=op_006_02,op_005_01；参数=temperature_c=180,mode=上下火；来源=原文及AI估计】装入本步骤食材；投入=glazed；产出=flow_006_00_00
第9步【id=op_006_04｜时间=1080秒；资源=oven_1；前置=op_006_03；参数=temperature_c=180,mode=上下火；来源=原文及AI估计】打开烤箱，把烤盘放入第3层，选择“开始烹饪”按键，按屏幕提示操作。；投入=flow_006_00_00；产出=baked
第10步【id=op_007_01｜时间=30秒；资源=human_1,oven_1；前置=op_006_04；参数=temperature_c=180,mode=上下火；来源=原文及AI估计】烹饪结束后取出即可。；投入=baked；产出=dish
第11步【id=op_999_01｜时间=60秒；资源=human_1；前置=op_007_01；参数=不适用；来源=原文及AI估计】确认全部必需分支完成并装盘上桌；投入=dish；产出=finaldish"
"6492a7a5933a4b7277dee0cf","酿苦瓜","主料：苦瓜2根；猪肉馅250克；葱5克；生粉5克；料酒8克；盐4克","第1步【id=op_002_01｜时间=120秒；资源=human_1；前置=无；参数=不适用；来源=原文及AI估计】猪肉糜，生粉，料酒，葱，盐搅拌上劲。；投入=ingredient_002,ingredient_003,ingredient_004,ingredient_005,ingredient_006；产出=meat_filling
第2步【id=op_003_01｜时间=180秒；资源=human_1；前置=op_002_01；参数=不适用；来源=原文及AI估计】苦瓜洗净、切去头尾，切成小段，去瓤、籽。；投入=ingredient_001；产出=melon
第3步【id=op_004_01｜时间=180秒；资源=human_1,stove_choice；前置=op_003_01；参数=power_level=7；来源=原文及AI估计】将苦瓜入沸水烫熟后捞出。；投入=melon；产出=blanched
第4步【id=op_005_01｜时间=120秒；资源=无独占资源；前置=op_004_01；参数=不适用；来源=原文及AI估计】将烫熟的苦瓜过凉。；投入=blanched；产出=cooled
第5步【id=op_006_01｜时间=120秒；资源=human_1；前置=op_005_01,op_002_01；参数=不适用；来源=原文及AI估计】把肉糜塞入苦瓜内，压紧。；投入=cooled,meat_filling；产出=stuffed
第6步【id=op_007_01｜时间=60秒；资源=human_1,steam_oven_1；前置=op_006_01；参数=temperature_c=100,mode=普通蒸；来源=原文及AI估计】设置设备程序/补水；酿苦瓜；投入=无食物投入；产出=无食物产出
第7步【id=op_007_02｜时间=300秒；资源=steam_oven_1；前置=op_007_01；参数=temperature_c=100,mode=普通蒸；来源=原文及AI估计】预热/升温；酿苦瓜；投入=无食物投入；产出=无食物产出
第8步【id=op_007_03｜时间=60秒；资源=human_1,steam_oven_1；前置=op_007_02,op_006_01；参数=temperature_c=100,mode=普通蒸；来源=原文及AI估计】装入本步骤食材；投入=stuffed；产出=flow_006_00_00
第9步【id=op_007_04｜时间=900秒；资源=steam_oven_1；前置=op_007_03；参数=temperature_c=100,mode=普通蒸；来源=原文及AI估计】放入方太智能烹饪设备第2层，开启电源，取出水箱加满水，选择“开始烹饪”按键，按屏幕提示操作。；投入=flow_006_00_00；产出=flow_006_01_00
第10步【id=op_8001_01｜时间=60秒；资源=human_1,steam_oven_1；前置=op_007_04；参数=temperature_c=100,mode=普通蒸；来源=原文及AI估计】本次加工结束，移出食物并释放设备；投入=flow_006_01_00；产出=dish
第11步【id=op_999_01｜时间=60秒；资源=human_1；前置=op_8001_01；参数=不适用；来源=原文及AI估计】确认全部必需分支完成并装盘上桌；投入=dish；产出=finaldish"
"61e6c51fec6e1d65587067e1","低温牛排","A料：牛排2片（170g/片，厚度2cm）；B料：海盐2克；黑胡椒碎适量；C料：黄油20克；蒜瓣1片；洋葱200克；黑胡椒汁适量；补充：西兰花50克","第1步【id=op_001_01｜时间=43200秒；资源=fridge_cold_1；前置=无；参数=temperature_c=4,mode=冷藏；来源=原文及AI估计】牛排解冻。；投入=ingredient_001；产出=thawed
第2步【id=op_002_01｜时间=120秒；资源=human_1；前置=op_001_01；参数=不适用；来源=原文及AI估计】清洗牛排，用厨房纸巾吸干血水，两面撒少许海盐、黑胡椒碎，装入专用食品密封袋并抽真空。；投入=thawed,ingredient_002,ingredient_003；产出=sealed
第3步【id=op_003_01｜时间=90秒；资源=human_1,oven_1；前置=op_002_01；参数=temperature_c=180,mode=上下火；来源=原文及AI估计】将牛排放入蒸烤架，放入蒸烤箱第二层；取出水箱加满水，按屏幕提示设置。；投入=sealed；产出=flow_003_00_00
第4步【id=op_1000_01｜时间=180秒；资源=human_1；前置=无；参数=不适用；来源=原文及AI估计】补充西兰花50克并洗净切小朵；投入=ingredient_008；产出=flow_009_00_00
第5步【id=op_1000_02｜时间=300秒；资源=stove_choice；前置=op_1000_01；参数=power_level=7；来源=原文及AI估计】锅内烧开焯西兰花用水；投入=flow_009_00_00；产出=flow_009_01_00
第6步【id=op_1000_03｜时间=180秒；资源=human_1,stove_choice；前置=op_1000_02；参数=power_level=7；来源=原文及AI估计】西兰花入沸水焯熟；投入=flow_009_01_00；产出=flow_009_02_00
第7步【id=op_1000_04｜时间=30秒；资源=human_1,stove_choice；前置=op_1000_03；参数=power_level=7；来源=原文及AI估计】捞出沥干西兰花；投入=flow_009_02_00；产出=broccoli
第8步【id=op_8004_01｜时间=60秒；资源=human_1,oven_1；前置=op_003_01；参数=temperature_c=180,mode=上下火；来源=原文及AI估计】本次加工结束，移出食物并释放设备；投入=flow_003_00_00；产出=loaded
第9步【id=op_004_01｜时间=300秒；资源=steam_oven_1；前置=op_8004_01；参数=temperature_c=60,mode=鲜嫩蒸；来源=原文及AI估计】预热/升温；低温牛排；投入=无食物投入；产出=无食物产出
第10步【id=op_004_02｜时间=3600秒；资源=steam_oven_1；前置=op_004_01,op_8004_01；参数=temperature_c=60,mode=鲜嫩蒸；来源=原文及AI估计】运行低温牛排程序，完成低温处理。；投入=loaded；产出=flow_004_00_00
第11步【id=op_8002_01｜时间=60秒；资源=human_1,steam_oven_1；前置=op_004_02；参数=temperature_c=60,mode=鲜嫩蒸；来源=原文及AI估计】本次加工结束，移出食物并释放设备；投入=flow_004_00_00；产出=low_cooked
第12步【id=op_005_01｜时间=180秒；资源=human_1；前置=op_8002_01；参数=不适用；来源=原文及AI估计】将蒜切片，洋葱切条。；投入=ingredient_005,ingredient_006；产出=garlic,onion
第13步【id=op_006_01｜时间=30秒；资源=human_1,steam_oven_1；前置=op_005_01,op_8002_01；参数=temperature_c=60,mode=鲜嫩蒸；来源=原文及AI估计】取出低温处理完成的牛排，沥干表面水分。；投入=low_cooked；产出=dry_steak
第14步【id=op_007_01｜时间=120秒；资源=human_1,stove_choice；前置=op_006_01,op_005_01；参数=power_level=7；来源=原文及AI估计】平底锅中放入黄油、蒜片，加热至油温180℃。；投入=ingredient_004,garlic；产出=garlic_butter
第15步【id=op_008_01｜时间=120秒；资源=human_1,stove_choice；前置=op_007_01,op_006_01,op_005_01；参数=power_level=5；来源=原文及AI估计】放入牛排及洋葱，中火（1600w）煎至两面微焦。；投入=garlic_butter,dry_steak,onion；产出=flow_008_00_00,flow_008_00_01,flow_008_00_02
第16步【id=op_8000_01｜时间=60秒；资源=human_1,stove_choice；前置=op_008_01；参数=power_level=7；来源=原文及AI估计】本次加工结束，移出食物并释放设备；投入=flow_008_00_00,flow_008_00_01,flow_008_00_02；产出=seared
第17步【id=op_009_01｜时间=120秒；资源=human_1；前置=op_8000_01,op_1000_04；参数=不适用；来源=原文及AI估计】浇上黑胡椒汁，点缀煮熟的西兰花。；投入=seared,broccoli,ingredient_007；产出=dish
第18步【id=op_999_01｜时间=60秒；资源=human_1；前置=op_009_01；参数=不适用；来源=原文及AI估计】确认全部必需分支完成并装盘上桌；投入=dish；产出=finaldish"
"6577d480c458a177d8438637","三味蒸鳗鱼&香茅烤鳗鱼同烹","主料：鳗鱼2条；香茅草150克；辅料：豆豉酱30克；蒜蓉酱30克；剁椒酱30克；姜片23克；葱段15克；盐1克；料酒10克；白胡椒粉3克；生抽50克；照烧汁150克；黄酒200克；白糖30克；葱花5克；葱丝5克","第1步【id=op_001_01｜时间=180秒；资源=human_1；前置=无；参数=不适用；来源=原文及AI估计】宰杀好的鳗鱼洗净擦干，切成3厘米的段备用。；投入=ingredient_001；产出=eel
第2步【id=op_002_01｜时间=120秒；资源=human_1；前置=op_001_01；参数=不适用；来源=原文及AI估计】香茅草轻轻拍碎，激发出香味。；投入=ingredient_002；产出=lemongrass
第3步【id=op_003_01｜时间=30秒；资源=human_1；前置=op_002_01,op_001_01；参数=不适用；来源=原文及AI估计】把鳗鱼段放入碗中,加入料酒、姜片、葱段、白胡椒和盐。；投入=eel,ingredient_006,ingredient_007,ingredient_008,ingredient_009,ingredient_010；产出=seasoned
第4步【id=op_004_01｜时间=600秒；资源=fridge_cold_1；前置=op_003_01；参数=temperature_c=4,mode=冷藏；来源=原文及AI估计】腌制10分钟。；投入=seasoned；产出=marinated
第5步【id=op_005_01｜时间=120秒；资源=human_1；前置=op_004_01；参数=不适用；来源=原文及AI估计】将腌制好的鳗鱼夹出，分成两份。；投入=marinated；产出=eel_a,eel_b
第6步【id=op_006_01｜时间=60秒；资源=human_1,stove_choice；前置=op_005_01；参数=power_level=7；来源=原文及AI估计】取1锅，开大火档加热，加入生抽、照烧汁、黄酒和白糖，搅拌均匀。；投入=ingredient_011,ingredient_012,ingredient_013,ingredient_014；产出=sauce_hot
第7步【id=op_007_01｜时间=180秒；资源=human_1,stove_choice；前置=op_006_01；参数=power_level=7；来源=原文及AI估计】煮沸后关火，倒入碗中。；投入=sauce_hot；产出=boiled
第8步【id=op_008_01｜时间=600秒；资源=无独占资源；前置=op_007_01；参数=不适用；来源=原文及AI估计】放凉备用。；投入=boiled；产出=sauce
第9步【id=op_009_01｜时间=180秒；资源=human_1；前置=op_008_01,op_005_01；参数=不适用；来源=原文及AI估计】把1份鳗鱼放入蒸盘中，分成三列，分别放上豆豉酱、蒜蓉酱和剁椒酱。；投入=eel_a,ingredient_003,ingredient_004,ingredient_005；产出=three_flavours
第10步【id=op_010_01｜时间=120秒；资源=human_1；前置=op_009_01；参数=不适用；来源=原文及AI估计】将蒸盘放置在蒸烤架中备用。；投入=three_flavours；产出=tray_a
第11步【id=op_011_01｜时间=30秒；资源=human_1；前置=op_010_01,op_005_01,op_008_01；参数=不适用；来源=原文及AI估计】将另1份鳗鱼，放入放凉的照烧汁里。；投入=eel_b,sauce；产出=soaking
第12步【id=op_012_01｜时间=1200秒；资源=无独占资源；前置=op_011_01；参数=不适用；来源=原文及AI估计】浸泡20分钟入味。；投入=soaking；产出=seasoned_b
第13步【id=op_013_01｜时间=120秒；资源=human_1；前置=op_012_01,op_002_01；参数=不适用；来源=原文及AI估计】蒸烤盘上铺好锡纸，把拍碎的香茅草平铺在盘底。；投入=lemongrass；产出=herb_tray
第14步【id=op_014_01｜时间=120秒；资源=human_1；前置=op_013_01,op_012_01；参数=不适用；来源=原文及AI估计】把腌制好的的鳗鱼段放在香茅上。；投入=seasoned_b,herb_tray；产出=tray_b
第15步【id=op_015_01｜时间=60秒；资源=human_1,oven_1；前置=op_014_01；参数=temperature_c=180,mode=加湿烤,humidity=中；来源=原文及AI估计】设置设备程序/补水；三味蒸鳗鱼&香茅烤鳗鱼同烹；投入=无食物投入；产出=无食物产出
第16步【id=op_015_02｜时间=600秒；资源=oven_1；前置=op_015_01；参数=temperature_c=180,mode=加湿烤,humidity=中；来源=原文及AI估计】预热/升温；三味蒸鳗鱼&香茅烤鳗鱼同烹；投入=无食物投入；产出=无食物产出
第17步【id=op_015_03｜时间=60秒；资源=human_1,oven_1；前置=op_015_02,op_010_01,op_014_01；参数=temperature_c=180,mode=加湿烤,humidity=中；来源=原文及AI估计】装入本步骤食材；投入=tray_a,tray_b；产出=flow_015_00_00,flow_015_00_01
第18步【id=op_015_04｜时间=1080秒；资源=oven_1；前置=op_015_03；参数=temperature_c=180,mode=加湿烤,humidity=中；来源=原文及AI估计】分别将蒸烤架放入方太智能烹饪设备第1层，蒸烤盘放入烹饪机第3层，开启电源，取出水箱加满水，选择“开始烹饪”按键，按屏幕提示操作。；投入=flow_015_00_00,flow_015_00_01；产出=flow_015_01_00,flow_015_01_01
第19步【id=op_8001_01｜时间=60秒；资源=human_1,oven_1；前置=op_015_04；参数=temperature_c=180,mode=加湿烤,humidity=中；来源=原文及AI估计】本次加工结束，移出食物并释放设备；投入=flow_015_01_00,flow_015_01_01；产出=cooked_a,cooked_b
第20步【id=op_016_01｜时间=120秒；资源=human_1；前置=op_8001_01；参数=不适用；来源=原文及AI估计】烹饪结束，在香茅烤鳗鱼上点缀葱丝，在三味蒸鳗鱼上撒葱花。；投入=cooked_a,cooked_b,ingredient_015,ingredient_016；产出=dish
第21步【id=op_999_01｜时间=60秒；资源=human_1；前置=op_016_01；参数=不适用；来源=原文及AI估计】确认全部必需分支完成并装盘上桌；投入=dish；产出=finaldish"
"65433a4245256c3ad7c2697f","金龙吐瑞","主料：鲈鱼500克；圣女果4克；辅料：料酒10毫升；盐3克；蒸鱼豉油20毫升；葱10克；姜10克；香菜10克","第1步【id=op_002_01｜时间=240秒；资源=human_1；前置=无；参数=不适用；来源=原文及AI估计】鲈鱼两面横截三刀、葱切丝、姜切片备用。；投入=ingredient_001,ingredient_006,ingredient_007；产出=fish,aromatics
第2步【id=op_003_01｜时间=30秒；资源=human_1；前置=op_002_01；参数=不适用；来源=原文及AI估计】鱼放入碗中加入料酒和盐。；投入=fish,ingredient_003,ingredient_004；产出=seasoned
第3步【id=op_004_01｜时间=900秒；资源=fridge_cold_1；前置=op_003_01；参数=temperature_c=4,mode=冷藏；来源=原文及AI估计】腌制15分钟。；投入=seasoned；产出=marinated
第4步【id=op_005_01｜时间=120秒；资源=human_1；前置=op_004_01,op_002_01；参数=不适用；来源=原文及AI估计】准备一鱼盘铺入姜片摆上腌制好的鱼，摆上葱丝、姜丝和香菜。；投入=marinated,aromatics,ingredient_008；产出=raw_dish
第5步【id=op_006_01｜时间=60秒；资源=human_1,steam_oven_1；前置=op_005_01；参数=temperature_c=100,mode=普通蒸；来源=原文及AI估计】设置设备程序/补水；金龙吐瑞；投入=无食物投入；产出=无食物产出
第6步【id=op_006_02｜时间=300秒；资源=steam_oven_1；前置=op_006_01；参数=temperature_c=100,mode=普通蒸；来源=原文及AI估计】预热/升温；金龙吐瑞；投入=无食物投入；产出=无食物产出
第7步【id=op_006_03｜时间=60秒；资源=human_1,steam_oven_1；前置=op_006_02,op_005_01；参数=temperature_c=100,mode=普通蒸；来源=原文及AI估计】装入本步骤食材；投入=raw_dish；产出=flow_005_00_00
第8步【id=op_006_04｜时间=600秒；资源=steam_oven_1；前置=op_006_03；参数=temperature_c=100,mode=普通蒸；来源=原文及AI估计】放入方太智能烹饪设备，开启电源，取出水箱加满水，选择“开始烹饪”按键，按屏幕提示操作。；投入=flow_005_00_00；产出=flow_005_01_00
第9步【id=op_8000_01｜时间=60秒；资源=human_1,steam_oven_1；前置=op_006_04；参数=temperature_c=100,mode=普通蒸；来源=原文及AI估计】本次加工结束，移出食物并释放设备；投入=flow_005_01_00；产出=cooked
第10步【id=op_007_01｜时间=120秒；资源=human_1；前置=op_8000_01；参数=不适用；来源=原文及AI估计】蒸好之后淋上蒸鱼豉油，最后将圣女果摆入鲈鱼嘴中，烹饪完成即可食用。；投入=cooked,ingredient_005,ingredient_002；产出=dish
第11步【id=op_999_01｜时间=60秒；资源=human_1；前置=op_007_01；参数=不适用；来源=原文及AI估计】确认全部必需分支完成并装盘上桌；投入=dish；产出=finaldish"
"5c8647b598d5bc7e184a90c3","椰香苹果香蕉烤燕麦","A料：燕麦片50g；B料：椰蓉30g；鸡蛋1个；苹果1个；牛奶40ml；糖浆20g；肉桂粉0.3g；香蕉1个；食盐1g；白砂糖5g；椰子油5ml","第1步【id=op_001_01｜时间=180秒；资源=human_1；前置=无；参数=不适用；来源=原文及AI估计】将苹果洗净切丝。；投入=ingredient_004；产出=apple
第2步【id=op_002_01｜时间=180秒；资源=human_1；前置=op_001_01；参数=不适用；来源=原文及AI估计】香蕉半个切片、半个擦丝。；投入=ingredient_008；产出=banana_shreds,banana_slices
第3步【id=op_003_01｜时间=120秒；资源=human_1；前置=op_002_01；参数=不适用；来源=原文及AI估计】香蕉丝中打入鸡蛋，搅拌均匀。；投入=banana_shreds,ingredient_003；产出=egg_banana
第4步【id=op_004_01｜时间=120秒；资源=human_1；前置=op_003_01；参数=不适用；来源=原文及AI估计】再倒入牛奶、椰蓉、燕麦、糖浆，加入1克食盐、肉桂粉，搅拌均匀。；投入=egg_banana,ingredient_005,ingredient_002,ingredient_001,ingredient_006,ingredient_009,ingredient_007；产出=oat_mix
第5步【id=op_005_01｜时间=120秒；资源=human_1；前置=op_004_01,op_001_01；参数=不适用；来源=原文及AI估计】随后加入苹果丝，搅拌均匀。；投入=oat_mix,apple；产出=batter
第6步【id=op_006_01｜时间=120秒；资源=human_1；前置=op_005_01；参数=不适用；来源=原文及AI估计】烤碗底部抹上一层椰子油，将一半糊状物倒入烤碗中，将其铺平。；投入=batter,ingredient_011；产出=bottom
第7步【id=op_007_01｜时间=120秒；资源=human_1；前置=op_006_01,op_005_01,op_002_01；参数=不适用；来源=原文及AI估计】放上一半香蕉片，倒入剩下的糊状物，铺平，放上剩下的香蕉片。；投入=bottom,batter,banana_slices；产出=layered
第8步【id=op_008_01｜时间=120秒；资源=human_1；前置=op_007_01；参数=不适用；来源=原文及AI估计】表面刷上一层椰子油，撒上适量白砂糖。；投入=layered,ingredient_011,ingredient_010；产出=glazed
第9步【id=op_009_01｜时间=60秒；资源=human_1,oven_1；前置=op_008_01；参数=temperature_c=180,mode=上下火；来源=原文及AI估计】将烤碗放入烤箱，选择“开始烹饪”并按屏幕提示设置。；投入=glazed；产出=loaded
第10步【id=op_010_01｜时间=600秒；资源=oven_1；前置=op_009_01；参数=temperature_c=180,mode=上下火；来源=原文及AI估计】预热/升温；椰香苹果香蕉烤燕麦；投入=无食物投入；产出=无食物产出
第11步【id=op_010_02｜时间=1500秒；资源=oven_1；前置=op_010_01,op_009_01；参数=temperature_c=180,mode=上下火；来源=原文及AI估计】运行烤燕麦程序。；投入=loaded；产出=baked
第12步【id=op_011_01｜时间=30秒；资源=human_1,oven_1；前置=op_010_02；参数=temperature_c=180,mode=上下火；来源=原文及AI估计】烤好后取出即可食用。；投入=baked；产出=dish
第13步【id=op_999_01｜时间=60秒；资源=human_1；前置=op_011_01；参数=不适用；来源=原文及AI估计】确认全部必需分支完成并装盘上桌；投入=dish；产出=finaldish"
"58e70ae1a3fd4a750f4b75af","双椒鳙鱼头","A料：鳙鱼头1个；B料：大葱2段；生姜2片；盐2克；料酒30克；C料：食用油30克；生姜2片；蒜2瓣；大蒜叶1根；豆豉30克；青剁椒75克；红剁椒75克；盐2克；水30克；料酒30克；淀粉水15克；D料：辣椒油45克","第1步【id=op_001_01｜时间=480秒；资源=human_1；前置=无；参数=不适用；来源=原文及AI估计】将鳙鱼头去除鱼鳞、鱼鳃和内脏，洗净并沥干水分，再沿着背鳍将鱼头对半劈开，鱼背肉厚处片刀。；投入=ingredient_001；产出=fish_head
第2步【id=op_002_01｜时间=120秒；资源=human_1；前置=op_001_01；参数=不适用；来源=原文及AI估计】将B中的葱段、姜片放在鱼盘底部，放入鳙鱼头，将盐均匀抹在鱼头上，倒入料酒。；投入=fish_head,ingredient_002,ingredient_003,ingredient_004,ingredient_005；产出=seasoned
第3步【id=op_003_01｜时间=600秒；资源=fridge_cold_1；前置=op_002_01；参数=temperature_c=4,mode=冷藏；来源=原文及AI估计】腌制10分钟。；投入=seasoned；产出=marinated
第4步【id=op_004_01｜时间=240秒；资源=human_1；前置=op_003_01；参数=不适用；来源=原文及AI估计】将C中的姜切末，蒜切片，大蒜叶切段。；投入=ingredient_007,ingredient_008,ingredient_009；产出=aromatics
第5步【id=op_005_01｜时间=30秒；资源=human_1,stove_choice；前置=op_004_01；参数=power_level=7；来源=原文及AI估计】锅中加入双椒酱原配方油与辅料；投入=aromatics,ingredient_002,ingredient_006,ingredient_010,ingredient_011,ingredient_012,ingredient_013,ingredient_014,ingredient_015,ingredient_016；产出=flow_005_00_00,flow_005_00_01,flow_005_00_02,flow_005_00_03,flow_005_00_04,flow_005_00_05,flow_005_00_06,flow_005_00_07,flow_005_00_08,flow_005_00_09
第6步【id=op_005_02｜时间=300秒；资源=human_1,stove_choice；前置=op_005_01；参数=power_level=7；来源=原文及AI估计】煸炒双椒葱姜蒜豆豉并按原配方调味勾芡；投入=flow_005_00_00,flow_005_00_01,flow_005_00_02,flow_005_00_03,flow_005_00_04,flow_005_00_05,flow_005_00_06,flow_005_00_07,flow_005_00_08,flow_005_00_09；产出=hot_pepper_sauce
第7步【id=op_005_03｜时间=30秒；资源=human_1,stove_choice；前置=op_005_02,op_003_01；参数=power_level=7；来源=原文及AI估计】关火后将热双椒酱淋在腌好鱼头上；投入=hot_pepper_sauce,marinated；产出=sauced
第8步【id=op_006_01｜时间=30秒；资源=human_1,steam_oven_1；前置=op_005_03；参数=temperature_c=100,mode=普通蒸；来源=原文及AI估计】将蒸盘放入设备中间层。；投入=sauced；产出=loaded
第9步【id=op_007_01｜时间=60秒；资源=human_1,steam_oven_1；前置=op_006_01；参数=temperature_c=100,mode=普通蒸；来源=原文及AI估计】设置设备程序/补水；双椒鳙鱼头；投入=无食物投入；产出=无食物产出
第10步【id=op_007_02｜时间=300秒；资源=steam_oven_1；前置=op_007_01；参数=temperature_c=100,mode=普通蒸；来源=原文及AI估计】预热/升温；双椒鳙鱼头；投入=无食物投入；产出=无食物产出
第11步【id=op_007_03｜时间=900秒；资源=steam_oven_1；前置=op_007_02,op_006_01；参数=temperature_c=100,mode=普通蒸；来源=原文及AI估计】开启电源，取出水箱加满水，选择“开始烹饪”按键，按屏幕提示操作。；投入=loaded；产出=steamed
第12步【id=op_008_01｜时间=60秒；资源=human_1,steam_oven_1；前置=op_007_03；参数=temperature_c=100,mode=普通蒸；来源=原文及AI估计】取出蒸好的鱼头；投入=steamed；产出=plated_fish
第13步【id=op_008_02｜时间=30秒；资源=human_1,stove_choice；前置=op_008_01；参数=power_level=7；来源=原文及AI估计】向锅中加入辣椒油；投入=ingredient_017；产出=flow_010_00_00
第14步【id=op_008_03｜时间=90秒；资源=stove_choice；前置=op_008_02；参数=power_level=7；来源=原文及AI估计】加热辣椒油；投入=flow_010_00_00；产出=hot_chili_oil
第15步【id=op_008_04｜时间=60秒；资源=human_1,stove_choice；前置=op_008_03,op_008_01；参数=power_level=7；来源=原文及AI估计】关火后将热油淋在鱼身；投入=plated_fish,hot_chili_oil；产出=dish
第16步【id=op_999_01｜时间=60秒；资源=human_1；前置=op_008_04；参数=不适用；来源=原文及AI估计】确认全部必需分支完成并装盘上桌；投入=dish；产出=finaldish"
"5dad79866601a865649f9cb7","家常鲈鱼","主料：鲈鱼600克（约1条）；辅料：干辣椒段8克；姜丝10克；姜片15克；葱段10克；葱丝10克；蒸鱼豉油20毫升；胡椒粉3克；食用油10毫升","第1步【id=op_001_01｜时间=120秒；资源=human_1；前置=无；参数=不适用；来源=原文及AI估计】将宰杀处理干净的鲈鱼两面划上一字花刀。；投入=ingredient_001；产出=fish
第2步【id=op_002_01｜时间=120秒；资源=human_1；前置=op_001_01；参数=不适用；来源=原文及AI估计】将葱段、姜片一起铺在盘子上，然后将鲈鱼放在上面。；投入=fish,ingredient_004,ingredient_005；产出=plated
第3步【id=op_003_01｜时间=120秒；资源=human_1；前置=op_002_01；参数=不适用；来源=原文及AI估计】鱼腹中放一些葱段和姜片。；投入=plated,ingredient_004,ingredient_005；产出=stuffed
第4步【id=op_004_01｜时间=120秒；资源=human_1；前置=op_003_01；参数=不适用；来源=原文及AI估计】鱼背上放上一些葱段和姜丝。；投入=stuffed,ingredient_005,ingredient_003,ingredient_008；产出=prepared
第5步【id=op_005_01｜时间=30秒；资源=human_1,steam_oven_1；前置=op_004_01；参数=temperature_c=100,mode=普通蒸；来源=原文及AI估计】将鲈鱼放入蒸盘中，再放入蒸箱。；投入=prepared；产出=loaded
第6步【id=op_006_01｜时间=60秒；资源=human_1,steam_oven_1；前置=op_005_01；参数=temperature_c=100,mode=普通蒸；来源=原文及AI估计】设置设备程序/补水；家常鲈鱼；投入=无食物投入；产出=无食物产出
第7步【id=op_006_02｜时间=300秒；资源=steam_oven_1；前置=op_006_01；参数=temperature_c=100,mode=普通蒸；来源=原文及AI估计】预热/升温；家常鲈鱼；投入=无食物投入；产出=无食物产出
第8步【id=op_006_03｜时间=480秒；资源=steam_oven_1；前置=op_006_02,op_005_01；参数=temperature_c=100,mode=普通蒸；来源=原文及AI估计】选择“普通蒸”模式，以100℃蒸8分钟至熟。；投入=loaded；产出=steamed
第9步【id=op_007_01｜时间=120秒；资源=human_1,steam_oven_1；前置=op_006_03；参数=temperature_c=100,mode=普通蒸；来源=原文及AI估计】打开箱门，将蒸好的鲈鱼取出，将盘底的少量汁水慢慢地倒掉，将鱼背上的葱段和姜丝去掉，再撒上葱丝和干辣椒段。；投入=steamed,ingredient_006,ingredient_002；产出=garnished
第10步【id=op_008_01｜时间=30秒；资源=human_1,stove_choice；前置=op_007_01；参数=power_level=7；来源=原文及AI估计】锅中加入原配方食用油；投入=ingredient_009；产出=flow_008_00_00
第11步【id=op_008_02｜时间=60秒；资源=stove_choice；前置=op_008_01；参数=power_level=7；来源=原文及AI估计】加热食用油；投入=flow_008_00_00；产出=hot_oil
第12步【id=op_008_03｜时间=30秒；资源=human_1,stove_choice；前置=op_008_02,op_007_01；参数=power_level=7；来源=原文及AI估计】关火后将热油淋在鲈鱼背上；投入=garnished,hot_oil；产出=oiled
第13步【id=op_009_01｜时间=120秒；资源=human_1；前置=op_008_03；参数=不适用；来源=原文及AI估计】再浇上蒸鱼豉油即可。；投入=oiled,ingredient_007；产出=dish
第14步【id=op_999_01｜时间=60秒；资源=human_1；前置=op_009_01；参数=不适用；来源=原文及AI估计】确认全部必需分支完成并装盘上桌；投入=dish；产出=finaldish"
"59cc89b47d21be2a79172c98","豉汁蒸草鱼","A料：草鱼1条（2斤左右）；小葱10g；生姜10g；盐1/4茶匙；料酒1/2茶匙；豆豉5g；白胡椒粉适量；B料：食用油1汤匙；蒸鱼豉油1汤匙；生抽1.5汤匙；青椒丝2g；红椒丝2g；小葱3g；生姜3g","第1步【id=op_001_01｜时间=240秒；资源=human_1；前置=无；参数=不适用；来源=原文及AI估计】将主料中葱、姜10g切片，辅料中葱、姜3g切丝。；投入=ingredient_002,ingredient_003,ingredient_013,ingredient_014；产出=slices,shreds
第2步【id=op_002_01｜时间=180秒；资源=human_1；前置=op_001_01；参数=不适用；来源=原文及AI估计】将草鱼宰杀洗净，去头尾，切成厚度为1cm的块（带龙骨，约50g/块），加入A中调味料。；投入=ingredient_001,ingredient_004,ingredient_005,ingredient_006,ingredient_007；产出=fish
第3步【id=op_003_01｜时间=600秒；资源=fridge_cold_1；前置=op_002_01；参数=temperature_c=4,mode=冷藏；来源=原文及AI估计】腌渍10分钟。；投入=fish；产出=marinated
第4步【id=op_004_01｜时间=120秒；资源=human_1；前置=op_003_01,op_001_01；参数=不适用；来源=原文及AI估计】在平盘中垫入葱姜片，鱼块平铺于葱姜上，放在有孔蒸盘上，放入蒸微一体机中。；投入=marinated,slices；产出=loaded
第5步【id=op_005_01｜时间=90秒；资源=human_1,steam_oven_1；前置=op_004_01；参数=temperature_c=100,mode=普通蒸；来源=原文及AI估计】开启蒸箱，取出水箱加满水，选择“智能菜谱-鱼类-豉汁蒸草鱼”模式及属性。；投入=无食物投入；产出=无食物产出
第6步【id=op_006_01｜时间=300秒；资源=steam_oven_1；前置=op_005_01；参数=temperature_c=100,mode=普通蒸；来源=原文及AI估计】预热/升温；豉汁蒸草鱼；投入=无食物投入；产出=无食物产出
第7步【id=op_006_02｜时间=480秒；资源=steam_oven_1；前置=op_006_01,op_004_01；参数=temperature_c=100,mode=普通蒸；来源=原文及AI估计】按原文100℃蒸制。；投入=loaded；产出=flow_005_00_00
第8步【id=op_8001_01｜时间=60秒；资源=human_1,steam_oven_1；前置=op_006_02；参数=temperature_c=100,mode=普通蒸；来源=原文及AI估计】本次加工结束，移出食物并释放设备；投入=flow_005_00_00；产出=steamed
第9步【id=op_007_01｜时间=60秒；资源=human_1；前置=op_8001_01；参数=不适用；来源=原文及AI估计】蒸制完成后选择微波烹饪，设置中高火，按确认键。；投入=无食物投入；产出=无食物产出
第10步【id=op_008_01｜时间=120秒；资源=steam_oven_1；前置=op_007_01,op_8001_01；参数=temperature_c=100,mode=普通蒸；来源=原文及AI估计】继续普通蒸100℃2分钟（原微波中高火2分钟的AI替代）；投入=steamed；产出=cooked
第11步【id=op_009_01｜时间=120秒；资源=human_1,steam_oven_1；前置=op_008_01,op_001_01；参数=temperature_c=100,mode=普通蒸；来源=原文及AI估计】待烹饪结束提示音响起后，取出平盘，滗去汤汁，淋上辅料中蒸鱼豉油、生抽，将青红椒丝、葱姜丝摆放在鱼上。；投入=cooked,ingredient_009,ingredient_010,ingredient_011,ingredient_012,shreds；产出=garnished
第12步【id=op_010_01｜时间=30秒；资源=human_1,stove_choice；前置=op_009_01；参数=power_level=7；来源=原文及AI估计】向炒锅加入食用油；投入=ingredient_008；产出=flow_008_00_00
第13步【id=op_010_02｜时间=90秒；资源=stove_choice；前置=op_010_01；参数=power_level=7；来源=原文及AI估计】加热食用油；投入=flow_008_00_00；产出=hot_oil
第14步【id=op_010_03｜时间=30秒；资源=human_1,stove_choice；前置=op_010_02,op_009_01；参数=power_level=7；来源=原文及AI估计】关火移锅并淋葱姜丝；投入=garnished,hot_oil；产出=dish
第15步【id=op_999_01｜时间=60秒；资源=human_1；前置=op_010_03；参数=不适用；来源=原文及AI估计】确认全部必需分支完成并装盘上桌；投入=dish；产出=finaldish"
"6528fac845256c3ad7c26313","椰汁红豆砵仔糕","主料：粘米粉25克；木薯粉75克；糖70克；水150克；椰浆150克；辅料：蜜红豆20克","第1步【id=op_002_01｜时间=120秒；资源=human_1；前置=无；参数=不适用；来源=原文及AI估计】椰浆和水，木薯粉和粘米粉分别混合均匀，把适量的水倒进混合好的砵仔糕粉中，水量不需要太多，刚好能把粉调成浓稠的粉浆即可。；投入=ingredient_001,ingredient_002,ingredient_004,ingredient_005；产出=batter,coconut_water
第2步【id=op_003_01｜时间=240秒；资源=human_1,stove_choice；前置=op_002_01；参数=power_level=7；来源=原文及AI估计】把糖加入椰浆水中，方太燃气灶开大火（9档）煮沸。；投入=coconut_water,ingredient_003；产出=flow_002_00_00,flow_002_00_01
第3步【id=op_8000_01｜时间=60秒；资源=human_1,stove_choice；前置=op_003_01；参数=power_level=7；来源=原文及AI估计】本次加工结束，移出食物并释放设备；投入=flow_002_00_00,flow_002_00_01；产出=hot_syrup
第4步【id=op_004_01｜时间=30秒；资源=human_1；前置=op_8000_01,op_002_01；参数=不适用；来源=原文及AI估计】将热椰浆糖水倒入粉浆；投入=batter,hot_syrup；产出=flow_003_00_00,flow_003_00_01
第5步【id=op_004_02｜时间=60秒；资源=human_1；前置=op_004_01；参数=不适用；来源=原文及AI估计】快速搅匀烫成熟浆；投入=flow_003_00_00,flow_003_00_01；产出=paste
第6步【id=op_005_01｜时间=120秒；资源=human_1；前置=op_004_02；参数=不适用；来源=原文及AI估计】把粉浆倒进模具中放进适量的蜜红豆。；投入=paste,ingredient_006；产出=raw_cakes
第7步【id=op_006_01｜时间=60秒；资源=human_1,steam_oven_1；前置=op_005_01；参数=temperature_c=100,mode=普通蒸；来源=原文及AI估计】设置设备程序/补水；椰汁红豆砵仔糕；投入=无食物投入；产出=无食物产出
第8步【id=op_006_02｜时间=300秒；资源=steam_oven_1；前置=op_006_01；参数=temperature_c=100,mode=普通蒸；来源=原文及AI估计】预热/升温；椰汁红豆砵仔糕；投入=无食物投入；产出=无食物产出
第9步【id=op_006_03｜时间=60秒；资源=human_1,steam_oven_1；前置=op_006_02,op_005_01；参数=temperature_c=100,mode=普通蒸；来源=原文及AI估计】装入本步骤食材；投入=raw_cakes；产出=flow_005_00_00
第10步【id=op_006_04｜时间=1200秒；资源=steam_oven_1；前置=op_006_03；参数=temperature_c=100,mode=普通蒸；来源=原文及AI估计】放入方太智能烹饪设备，开启电源，取出水箱加满水，选择“开始烹饪”按键，按屏幕提示操作。；投入=flow_005_00_00；产出=flow_005_01_00
第11步【id=op_8001_01｜时间=60秒；资源=human_1,steam_oven_1；前置=op_006_04；参数=temperature_c=100,mode=普通蒸；来源=原文及AI估计】本次加工结束，移出食物并释放设备；投入=flow_005_01_00；产出=dish
第12步【id=op_999_01｜时间=60秒；资源=human_1；前置=op_8001_01；参数=不适用；来源=原文及AI估计】确认全部必需分支完成并装盘上桌；投入=dish；产出=finaldish"
"5d56689fa9114174727c8bfb","鸡蛋黄油饼干","A料：低筋面粉100克；黄油45克；抹茶粉3克；糖粉20克；蛋白20克；B料：盐2克；白芝麻10克","第1步【id=op_001_01｜时间=30秒；资源=human_1；前置=无；参数=不适用；来源=原文及AI估计】将低筋面粉倒入容器中，加入黄油。；投入=ingredient_001,ingredient_002；产出=flour_butter
第2步【id=op_002_01｜时间=120秒；资源=human_1；前置=op_001_01；参数=不适用；来源=原文及AI估计】倒入盐、糖粉、蛋白，稍加搅拌。；投入=flour_butter,ingredient_004,ingredient_005,ingredient_006；产出=mixed
第3步【id=op_003_01｜时间=120秒；资源=human_1；前置=op_002_01；参数=不适用；来源=原文及AI估计】刮入面粉，完全混合均匀。；投入=mixed；产出=uniform
第4步【id=op_004_01｜时间=120秒；资源=human_1；前置=op_003_01；参数=不适用；来源=原文及AI估计】加入抹茶粉。；投入=uniform,ingredient_003；产出=matcha_mix
第5步【id=op_005_01｜时间=360秒；资源=human_1；前置=op_004_01；参数=不适用；来源=原文及AI估计】混合均匀，揉搓成面团。；投入=matcha_mix；产出=dough
第6步【id=op_006_01｜时间=300秒；资源=human_1；前置=op_005_01；参数=不适用；来源=原文及AI估计】用擀面杖将面团擀成0.3厘米的厚的圆形面皮。；投入=dough；产出=skin
第7步【id=op_007_01｜时间=120秒；资源=human_1；前置=op_006_01；参数=不适用；来源=原文及AI估计】在面皮上均匀撒上白芝麻，再擀平。；投入=skin,ingredient_007；产出=sesame_skin
第8步【id=op_008_01｜时间=240秒；资源=human_1；前置=op_007_01；参数=不适用；来源=原文及AI估计】用直径4-5厘米的饼干模具在面皮上压出数个饼干生坯。；投入=sesame_skin；产出=blanks
第9步【id=op_009_01｜时间=30秒；资源=human_1；前置=op_008_01；参数=不适用；来源=原文及AI估计】把生坯放入垫有油纸的烤盘里。；投入=blanks；产出=tray
第10步【id=op_010_01｜时间=120秒；资源=human_1,oven_1；前置=op_009_01；参数=temperature_c=180,mode=上下火；来源=原文及AI估计】将烤盘推入烤箱中。；投入=tray；产出=loaded
第11步【id=op_011_01｜时间=60秒；资源=human_1,oven_1；前置=op_010_01；参数=temperature_c=180,mode=上下火；来源=原文及AI估计】设置设备程序/补水；鸡蛋黄油饼干；投入=无食物投入；产出=无食物产出
第12步【id=op_011_02｜时间=600秒；资源=oven_1；前置=op_011_01；参数=temperature_c=180,mode=上下火；来源=原文及AI估计】预热/升温；鸡蛋黄油饼干；投入=无食物投入；产出=无食物产出
第13步【id=op_011_03｜时间=720秒；资源=oven_1；前置=op_011_02,op_010_01；参数=temperature_c=180,mode=上下火；来源=原文及AI估计】选择“常规烘焙”模式，以180℃烤12分钟。；投入=loaded；产出=baked
第14步【id=op_012_01｜时间=30秒；资源=human_1,oven_1；前置=op_011_03；参数=temperature_c=180,mode=上下火；来源=原文及AI估计】开箱门，取出烤好的饼干即可。；投入=baked；产出=dish
第15步【id=op_999_01｜时间=60秒；资源=human_1；前置=op_012_01；参数=不适用；来源=原文及AI估计】确认全部必需分支完成并装盘上桌；投入=dish；产出=finaldish"
"661369554b3d03197733ac5a","香烤排骨","主料：猪肋排550克；辅料：蒜泥5克；盐2克；白糖3克；五香粉1克；孜然粉3克；辣椒粉3克；食用油10克；料酒10克；生抽10克；蚝油10克；老抽2克","第1步【id=op_001_01｜时间=180秒；资源=human_1；前置=无；参数=不适用；来源=原文及AI估计】取肋排550克剁约8厘米长段。；投入=ingredient_001；产出=ribs
第2步【id=op_002_01｜时间=30秒；资源=human_1；前置=op_001_01；参数=不适用；来源=原文及AI估计】将肋排放入清水中。；投入=ribs；产出=soaking
第3步【id=op_003_01｜时间=1800秒；资源=无独占资源；前置=op_002_01；参数=不适用；来源=原文及AI估计】浸泡半小时泡出血水沥干。；投入=soaking；产出=drained
第4步【id=op_004_01｜时间=180秒；资源=human_1；前置=op_003_01；参数=不适用；来源=原文及AI估计】烤排骨：取长段的排骨，加入2克盐、3克白糖、5克蒜泥、1克五香粉、3克孜然粉、3克辣椒粉、10毫升食用油、10毫升料酒、10毫升生抽、10克蚝油和2毫升老抽，抓拌均匀。；投入=drained,ingredient_002,ingredient_003,ingredient_004,ingredient_005,ingredient_006,ingredient_007,ingredient_008,ingredient_009,ingredient_010,ingredient_011,ingredient_012；产出=seasoned
第5步【id=op_005_01｜时间=7200秒；资源=fridge_cold_1；前置=op_004_01；参数=temperature_c=4,mode=冷藏；来源=原文及AI估计】放冰箱腌制2h。；投入=seasoned；产出=marinated
第6步【id=op_006_01｜时间=120秒；资源=human_1；前置=op_005_01；参数=不适用；来源=原文及AI估计】在蒸烤盘上铺上铝箔，均匀地将排骨摆在盘中。；投入=marinated；产出=tray
第7步【id=op_007_01｜时间=60秒；资源=human_1,oven_1；前置=op_006_01；参数=temperature_c=190,mode=上下火；来源=原文及AI估计】设置设备程序/补水；香烤排骨；投入=无食物投入；产出=无食物产出
第8步【id=op_007_02｜时间=600秒；资源=oven_1；前置=op_007_01；参数=temperature_c=190,mode=上下火；来源=原文及AI估计】预热/升温；香烤排骨；投入=无食物投入；产出=无食物产出
第9步【id=op_007_03｜时间=60秒；资源=human_1,oven_1；前置=op_007_02,op_006_01；参数=temperature_c=190,mode=上下火；来源=原文及AI估计】装入本步骤食材；投入=tray；产出=flow_007_00_00
第10步【id=op_007_04｜时间=2100秒；资源=oven_1；前置=op_007_03；参数=temperature_c=190,mode=上下火；来源=原文及AI估计】将蒸烤盘放入烹饪机中间层，开启电源，取出水箱加满水，选择“开始烹饪”按键，按屏幕提示操作。；投入=flow_007_00_00；产出=flow_007_01_00
第11步【id=op_8000_01｜时间=60秒；资源=human_1,oven_1；前置=op_007_04；参数=temperature_c=190,mode=上下火；来源=原文及AI估计】本次加工结束，移出食物并释放设备；投入=flow_007_01_00；产出=dish
第12步【id=op_999_01｜时间=60秒；资源=human_1；前置=op_8000_01；参数=不适用；来源=原文及AI估计】确认全部必需分支完成并装盘上桌；投入=dish；产出=finaldish"
"64f550ff255d3b02f695fd69","栗子冰皮月饼","主料：糯米粉45克；粘米粉35克；澄粉25克；玉米油18克；牛奶185克；糖粉40克；紫薯泥20克；辅料：栗子适量；白砂糖适量；色拉油适量","第1步【id=op_002_01｜时间=600秒；资源=human_1；前置=无；参数=不适用；来源=原文及AI估计】栗子剥皮洗净，锅里加水放入栗子。；投入=ingredient_008；产出=chestnuts
第2步【id=op_003_01｜时间=570秒；资源=stove_choice；前置=op_002_01；参数=power_level=7；来源=原文及AI估计】将栗子煮至软烂。；投入=chestnuts；产出=flow_002_00_00
第3步【id=op_003_02｜时间=30秒；资源=human_1,stove_choice；前置=op_003_01；参数=power_level=7；来源=原文及AI估计】检查火力及原文要求的翻拌；投入=flow_002_00_00；产出=flow_002_01_00
第4步【id=op_003_03｜时间=570秒；资源=stove_choice；前置=op_003_02；参数=power_level=7；来源=原文及AI估计】将栗子煮至软烂。；投入=flow_002_01_00；产出=flow_002_02_00
第5步【id=op_003_04｜时间=30秒；资源=human_1,stove_choice；前置=op_003_03；参数=power_level=7；来源=原文及AI估计】检查火力及原文要求的翻拌；投入=flow_002_02_00；产出=flow_002_03_00
第6步【id=op_003_05｜时间=570秒；资源=stove_choice；前置=op_003_04；参数=power_level=7；来源=原文及AI估计】将栗子煮至软烂。；投入=flow_002_03_00；产出=flow_002_04_00
第7步【id=op_003_06｜时间=30秒；资源=human_1,stove_choice；前置=op_003_05；参数=power_level=7；来源=原文及AI估计】检查火力及原文要求的翻拌；投入=flow_002_04_00；产出=cooked
第8步【id=op_004_01｜时间=300秒；资源=human_1,stove_choice；前置=op_003_06；参数=power_level=7；来源=原文及AI估计】煮软烂的栗子取出压烂。；投入=cooked；产出=mash
第9步【id=op_005_01｜时间=30秒；资源=human_1；前置=op_004_01；参数=不适用；来源=原文及AI估计】栗子泥倒入锅里。；投入=mash；产出=pan_mash
第10步【id=op_006_01｜时间=600秒；资源=human_1,stove_choice；前置=op_005_01；参数=power_level=7；来源=原文及AI估计】倒入适量色拉油炒，水分炒干，加入适量白糖，翻炒均匀后就可以做馅了。；投入=pan_mash,ingredient_010,ingredient_009；产出=flow_005_00_00,flow_005_00_01,flow_005_00_02
第11步【id=op_8001_01｜时间=60秒；资源=human_1,stove_choice；前置=op_006_01；参数=power_level=7；来源=原文及AI估计】本次加工结束，移出食物并释放设备；投入=flow_005_00_00,flow_005_00_01,flow_005_00_02；产出=filling
第12步【id=op_007_01｜时间=120秒；资源=human_1；前置=op_8001_01；参数=不适用；来源=原文及AI估计】将牛奶，玉米油，糖粉倒入碗里搅拌均匀。；投入=ingredient_005,ingredient_004,ingredient_006；产出=liquid
第13步【id=op_008_01｜时间=30秒；资源=human_1；前置=op_007_01；参数=不适用；来源=原文及AI估计】将糯米粉，粘米粉，澄粉倒入1中。；投入=liquid,ingredient_001,ingredient_002,ingredient_003；产出=batter
第14步【id=op_009_01｜时间=180秒；资源=human_1；前置=op_008_01；参数=不适用；来源=原文及AI估计】搅拌均匀，过筛下。；投入=batter；产出=sieved
第15步【id=op_010_01｜时间=1800秒；资源=无独占资源；前置=op_009_01；参数=不适用；来源=原文及AI估计】静置半小时。；投入=sieved；产出=rested
第16步【id=op_011_01｜时间=60秒；资源=human_1,steam_oven_1；前置=op_010_01；参数=temperature_c=100,mode=普通蒸；来源=原文及AI估计】设置设备程序/补水；栗子冰皮月饼；投入=无食物投入；产出=无食物产出
第17步【id=op_011_02｜时间=300秒；资源=steam_oven_1；前置=op_011_01；参数=temperature_c=100,mode=普通蒸；来源=原文及AI估计】预热/升温；栗子冰皮月饼；投入=无食物投入；产出=无食物产出
第18步【id=op_011_03｜时间=60秒；资源=human_1,steam_oven_1；前置=op_011_02,op_010_01；参数=temperature_c=100,mode=普通蒸；来源=原文及AI估计】装入本步骤食材；投入=rested；产出=flow_010_00_00
第19步【id=op_011_04｜时间=1500秒；资源=steam_oven_1；前置=op_011_03；参数=temperature_c=100,mode=普通蒸；来源=原文及AI估计】放入方太智能烹饪设备第2层，开启电源，取出水箱加满水，选择“开始烹饪”按键，按屏幕提示操作。；投入=flow_010_00_00；产出=steamed
第20步【id=op_012_01｜时间=120秒；资源=human_1,steam_oven_1；前置=op_011_04；参数=temperature_c=100,mode=普通蒸；来源=原文及AI估计】取出蒸熟的冰皮，用筷子快速搅拌至顺滑。；投入=steamed；产出=smooth
第21步【id=op_013_01｜时间=1800秒；资源=无独占资源；前置=op_012_01；参数=不适用；来源=原文及AI估计】等待冰皮冷却。；投入=smooth；产出=cold_skin
第22步【id=op_014_01｜时间=180秒；资源=human_1；前置=op_013_01；参数=不适用；来源=原文及AI估计】加入少量蒸熟的紫薯，和成紫薯冰皮。；投入=cold_skin,ingredient_007；产出=purple
第23步【id=op_015_01｜时间=360秒；资源=human_1；前置=op_014_01,op_8001_01；参数=不适用；来源=原文及AI估计】将冰皮分成30克一个的小剂子，栗子分成20克一个的小剂子，手上沾少许油，将冰皮揉圆按扁，放上栗子。；投入=purple,filling,ingredient_010；产出=assembled
第24步【id=op_016_01｜时间=360秒；资源=human_1；前置=op_015_01；参数=不适用；来源=原文及AI估计】包好收口。；投入=assembled；产出=closed
第25步【id=op_017_01｜时间=300秒；资源=human_1；前置=op_016_01；参数=不适用；来源=原文及AI估计】放入模具，压出月饼形状。；投入=closed；产出=dish
第26步【id=op_999_01｜时间=60秒；资源=human_1；前置=op_017_01；参数=不适用；来源=原文及AI估计】确认全部必需分支完成并装盘上桌；投入=dish；产出=finaldish"
"58e70b129f6429675ec80601","麻辣对虾","A料：新鲜对虾350克；B料：盐1克；料酒5克；C料：食用油45克；朝天椒4个；生姜末5克；蒜末30克；料酒15克；盐1克；生抽5克；老抽2.5克；鸡精2.5克；花椒油1克；补充：小葱1根","第1步【id=op_001_01｜时间=180秒；资源=human_1；前置=无；参数=不适用；来源=原文及AI估计】将对虾洗净，剪去须脚，用刀从背部剖开。；投入=ingredient_001；产出=prawns
第2步【id=op_002_01｜时间=30秒；资源=human_1；前置=op_001_01；参数=不适用；来源=原文及AI估计】用B中的盐抹匀，再倒入料酒。；投入=prawns,ingredient_002,ingredient_003；产出=seasoned
第3步【id=op_003_01｜时间=600秒；资源=fridge_cold_1；前置=op_002_01；参数=temperature_c=4,mode=冷藏；来源=原文及AI估计】腌渍10分钟。；投入=seasoned；产出=marinated
第4步【id=op_004_01｜时间=180秒；资源=human_1,stove_choice；前置=无；参数=power_level=2；来源=原文及AI估计】将炒锅加热，倒入C中的食用油、朝天椒、姜末、蒜末，小火煸炒至香辣味出现。；投入=ingredient_004,ingredient_005,ingredient_006,ingredient_007；产出=flow_004_00_00,flow_004_00_01,flow_004_00_02,flow_004_00_03
第5步【id=op_1000_01｜时间=90秒；资源=human_1；前置=无；参数=不适用；来源=原文及AI估计】洗净新增小葱1根并切葱花；投入=ingredient_014；产出=scallion
第6步【id=op_8000_01｜时间=60秒；资源=human_1,stove_choice；前置=op_004_01；参数=power_level=7；来源=原文及AI估计】本次加工结束，移出食物并释放设备；投入=flow_004_00_00,flow_004_00_01,flow_004_00_02,flow_004_00_03；产出=fried_aromatics
第7步【id=op_005_01｜时间=120秒；资源=human_1；前置=op_8000_01；参数=不适用；来源=原文及AI估计】将炒香的配料盛于小碗中。；投入=fried_aromatics；产出=bowl_sauce
第8步【id=op_006_01｜时间=600秒；资源=无独占资源；前置=op_005_01；参数=不适用；来源=原文及AI估计】等待配料冷却。；投入=bowl_sauce；产出=cooled
第9步【id=op_007_01｜时间=120秒；资源=human_1；前置=op_006_01；参数=不适用；来源=原文及AI估计】冷却后加入料酒、盐、生抽、老抽、鸡精、花椒油拌匀。；投入=cooled,ingredient_008,ingredient_009,ingredient_010,ingredient_011,ingredient_012,ingredient_013；产出=sauce
第10步【id=op_008_01｜时间=120秒；资源=human_1；前置=op_003_01,op_007_01；参数=不适用；来源=原文及AI估计】把炒香后的配料和对虾放入盘中上下翻拌均匀，放在附送的有孔盘或架子上。；投入=marinated,sauce；产出=dressed
第11步【id=op_009_01｜时间=30秒；资源=human_1,steam_oven_1；前置=op_008_01；参数=temperature_c=100,mode=普通蒸；来源=原文及AI估计】放入设备第2层。；投入=dressed；产出=loaded
第12步【id=op_010_01｜时间=60秒；资源=human_1,steam_oven_1；前置=op_009_01；参数=temperature_c=100,mode=普通蒸；来源=原文及AI估计】设置设备程序/补水；麻辣对虾；投入=无食物投入；产出=无食物产出
第13步【id=op_010_02｜时间=300秒；资源=steam_oven_1；前置=op_010_01；参数=temperature_c=100,mode=普通蒸；来源=原文及AI估计】预热/升温；麻辣对虾；投入=无食物投入；产出=无食物产出
第14步【id=op_010_03｜时间=480秒；资源=steam_oven_1；前置=op_010_02,op_009_01；参数=temperature_c=100,mode=普通蒸；来源=原文及AI估计】开启电源，取出水箱加满水，选择“开始烹饪”按键，按屏幕提示操作。；投入=loaded；产出=cooked
第15步【id=op_011_01｜时间=120秒；资源=human_1,steam_oven_1；前置=op_010_03,op_1000_01；参数=temperature_c=100,mode=普通蒸；来源=原文及AI估计】烹饪结束后取出，撒上葱花即可食用。；投入=cooked,scallion；产出=dish
第16步【id=op_999_01｜时间=60秒；资源=human_1；前置=op_011_01；参数=不适用；来源=原文及AI估计】确认全部必需分支完成并装盘上桌；投入=dish；产出=finaldish"
"5c875d0b98d5bc7e184a9166","香菜黄油烤明虾","主料：明虾100克；黄油15克；香菜5克；辅料：蒜蓉5克；迷迭香5克；茴香草末5克；盐3克；白胡椒粉3克；柠檬汁6毫升","第1步【id=op_001_01｜时间=120秒；资源=human_1；前置=无；参数=不适用；来源=原文及AI估计】将明虾切去虾须、虾脚、虾箭，切开虾背，去除沙线。；投入=ingredient_001；产出=prawns
第2步【id=op_002_01｜时间=120秒；资源=human_1；前置=op_001_01；参数=不适用；来源=原文及AI估计】斩开虾头，装盘。；投入=prawns；产出=opened
第3步【id=op_003_01｜时间=120秒；资源=human_1；前置=op_002_01；参数=不适用；来源=原文及AI估计】在虾肉上撒适量盐、白胡椒粉，拌匀，滴少许柠檬汁。；投入=opened,ingredient_007,ingredient_008,ingredient_009；产出=seasoned
第4步【id=op_004_01｜时间=300秒；资源=fridge_cold_1；前置=op_003_01；参数=temperature_c=4,mode=冷藏；来源=原文及AI估计】腌渍5分钟。；投入=seasoned；产出=marinated
第5步【id=op_1000_01｜时间=180秒；资源=human_1,stove_choice；前置=无；参数=power_level=2；来源=原文及AI估计】小火融化配方黄油，随后关火移出备用；投入=ingredient_002；产出=flow_005_00_00
第6步【id=op_8000_01｜时间=60秒；资源=human_1,stove_choice；前置=op_1000_01；参数=power_level=7；来源=原文及AI估计】本次加工结束，移出食物并释放设备；投入=flow_005_00_00；产出=melted
第7步【id=op_005_01｜时间=120秒；资源=human_1；前置=op_004_01,op_8000_01；参数=不适用；来源=原文及AI估计】把迷迭香末、蒜蓉、茴香草末、盐倒入溶化的黄油中，拌匀。；投入=melted,ingredient_004,ingredient_005,ingredient_006,ingredient_007；产出=butter_sauce
第8步【id=op_006_01｜时间=120秒；资源=human_1；前置=op_005_01,op_004_01；参数=不适用；来源=原文及AI估计】烤盘铺上一层锡纸，把明虾放入烤盘中。；投入=marinated；产出=loaded
第9步【id=op_007_01｜时间=60秒；资源=human_1,oven_1；前置=op_006_01；参数=temperature_c=220,mode=上下火；来源=原文及AI估计】设置设备程序/补水；香菜黄油烤明虾；投入=无食物投入；产出=无食物产出
第10步【id=op_007_02｜时间=600秒；资源=oven_1；前置=op_007_01；参数=temperature_c=220,mode=上下火；来源=原文及AI估计】预热/升温；香菜黄油烤明虾；投入=无食物投入；产出=无食物产出
第11步【id=op_007_03｜时间=300秒；资源=oven_1；前置=op_007_02,op_006_01；参数=temperature_c=220,mode=上下火；来源=原文及AI估计】选择“常规烘焙”模式，以220℃烤5分钟。；投入=loaded；产出=first_baked
第12步【id=op_008_01｜时间=120秒；资源=human_1,oven_1；前置=op_007_03,op_005_01；参数=temperature_c=220,mode=上下火；来源=原文及AI估计】从烤箱中取出烤盘，在虾肉上均匀地抹上拌好的黄油酱，再将烤盘放入烤箱。；投入=first_baked,butter_sauce；产出=coated
第13步【id=op_009_01｜时间=60秒；资源=human_1,oven_1；前置=op_008_01；参数=temperature_c=220,mode=上下火；来源=原文及AI估计】设置设备程序/补水；香菜黄油烤明虾；投入=无食物投入；产出=无食物产出
第14步【id=op_009_02｜时间=60秒；资源=oven_1；前置=op_009_01,op_008_01；参数=temperature_c=180,mode=上下火；来源=原文及AI估计】选择“常规烘焙”模式，以180℃烤制。；投入=coated；产出=baked
第15步【id=op_010_01｜时间=30秒；资源=human_1,oven_1；前置=op_009_02；参数=temperature_c=220,mode=上下火；来源=原文及AI估计】取出烤盘，用香菜点缀即可。；投入=baked,ingredient_003；产出=dish
第16步【id=op_999_01｜时间=60秒；资源=human_1；前置=op_010_01；参数=不适用；来源=原文及AI估计】确认全部必需分支完成并装盘上桌；投入=dish；产出=finaldish"
"5d54ed01a9114174727c8b5c","黄油小饼干","A料：低筋面粉170克；黄油100克；蛋黄20克；B料：糖粉50克；盐2克","第1步【id=op_001_01｜时间=30秒；资源=human_1；前置=无；参数=不适用；来源=原文及AI估计】将低筋面粉倒入容器中，在中间掏一个窝。；投入=ingredient_001；产出=flour
第2步【id=op_002_01｜时间=120秒；资源=human_1；前置=op_001_01；参数=不适用；来源=原文及AI估计】加入糖粉、盐、蛋黄，搅拌均匀。；投入=flour,ingredient_003,ingredient_004,ingredient_005；产出=mixed
第3步【id=op_003_01｜时间=360秒；资源=human_1；前置=op_002_01；参数=不适用；来源=原文及AI估计】加入备好的黄油，将四周的粉将中间覆盖，揉成光滑的面团。；投入=mixed,ingredient_002；产出=dough
第4步【id=op_004_01｜时间=120秒；资源=human_1；前置=op_003_01；参数=不适用；来源=原文及AI估计】案台上铺上一层保鲜膜，放上面团，稍微按压。；投入=dough；产出=pressed
第5步【id=op_005_01｜时间=300秒；资源=human_1；前置=op_004_01；参数=不适用；来源=原文及AI估计】将面团擀成面皮。；投入=pressed；产出=skin
第6步【id=op_006_01｜时间=360秒；资源=human_1；前置=op_005_01；参数=不适用；来源=原文及AI估计】用模具按压出小花模型，制成饼干生坯。；投入=skin；产出=blanks
第7步【id=op_007_01｜时间=30秒；资源=human_1；前置=op_006_01；参数=不适用；来源=原文及AI估计】将生坯放入垫有油纸的烤盘中。；投入=blanks；产出=tray
第8步【id=op_008_01｜时间=360秒；资源=human_1；前置=op_007_01；参数=不适用；来源=原文及AI估计】再用叉子压出花瓣形状。；投入=tray；产出=shaped
第9步【id=op_009_01｜时间=30秒；资源=human_1,oven_1；前置=op_008_01；参数=temperature_c=170,mode=上下火；来源=原文及AI估计】将装有饼坯的烤盘放入烤箱，关好箱门。；投入=shaped；产出=loaded
第10步【id=op_010_01｜时间=60秒；资源=human_1,oven_1；前置=op_009_01；参数=temperature_c=170,mode=上下火；来源=原文及AI估计】设置设备程序/补水；黄油小饼干；投入=无食物投入；产出=无食物产出
第11步【id=op_010_02｜时间=600秒；资源=oven_1；前置=op_010_01；参数=temperature_c=170,mode=上下火；来源=原文及AI估计】预热/升温；黄油小饼干；投入=无食物投入；产出=无食物产出
第12步【id=op_010_03｜时间=780秒；资源=oven_1；前置=op_010_02,op_009_01；参数=temperature_c=170,mode=上下火；来源=原文及AI估计】选择“常规烘焙”模式，以170℃烤13分钟即可。；投入=loaded；产出=flow_010_00_00
第13步【id=op_8000_01｜时间=60秒；资源=human_1,oven_1；前置=op_010_03；参数=temperature_c=170,mode=上下火；来源=原文及AI估计】本次加工结束，移出食物并释放设备；投入=flow_010_00_00；产出=dish
第14步【id=op_999_01｜时间=60秒；资源=human_1；前置=op_8000_01；参数=不适用；来源=原文及AI估计】确认全部必需分支完成并装盘上桌；投入=dish；产出=finaldish"
"5c8200d96dc6e123a037a202","豆豉蒸腐竹","A料：腐竹150克；小葱1根；B料：食用油45克；豆豉30克；蒜4瓣；红剁椒15克；C料：鸡汤100克；盐1克；白糖3克；鸡精1克","第1步【id=op_1000_01｜时间=300秒；资源=human_1,stove_choice；前置=无；参数=power_level=7；来源=原文及AI估计】将泡腐竹用工艺水烧开；投入=无食物投入；产出=无食物产出
第2步【id=op_8001_01｜时间=60秒；资源=human_1,stove_choice；前置=op_1000_01；参数=power_level=7；来源=原文及AI估计】本次加工结束，移出食物并释放设备；投入=无食物投入；产出=无食物产出
第3步【id=op_001_01｜时间=120秒；资源=human_1；前置=op_8001_01；参数=不适用；来源=原文及AI估计】将腐竹切成6cm长的段，加入开水。；投入=ingredient_001；产出=soaking
第4步【id=op_002_01｜时间=7200秒；资源=无独占资源；前置=op_001_01；参数=不适用；来源=原文及AI估计】泡发腐竹，至完全软烂无干硬状态。；投入=soaking；产出=soft
第5步【id=op_003_01｜时间=120秒；资源=human_1；前置=op_002_01；参数=不适用；来源=原文及AI估计】挤干水分，整齐摆在盘中。；投入=soft；产出=drained
第6步【id=op_004_01｜时间=240秒；资源=human_1；前置=op_003_01；参数=不适用；来源=原文及AI估计】将蒜去皮切末，豆豉切碎。；投入=ingredient_004,ingredient_005；产出=aromatics
第7步【id=op_005_01｜时间=30秒；资源=human_1,stove_choice；前置=op_004_01；参数=power_level=7；来源=原文及AI估计】锅中加入豆豉蒜末红椒和原配方食用油；投入=aromatics,ingredient_003,ingredient_006；产出=flow_005_00_00,flow_005_00_01,flow_005_00_02
第8步【id=op_005_02｜时间=120秒；资源=human_1,stove_choice；前置=op_005_01；参数=power_level=7；来源=原文及AI估计】将豆豉蒜椒炒香；投入=flow_005_00_00,flow_005_00_01,flow_005_00_02；产出=fried_sauce
第9步【id=op_005_03｜时间=30秒；资源=human_1,stove_choice；前置=op_005_02,op_003_01；参数=power_level=7；来源=原文及AI估计】关火后将炒香豆豉蒜椒淋在盘中腐竹上；投入=fried_sauce,drained；产出=seasoned
第10步【id=op_006_01｜时间=30秒；资源=human_1；前置=op_005_03；参数=不适用；来源=原文及AI估计】鸡汤中加入C中调料，溶解后将鸡汤倒入装有腐竹的盘中。；投入=seasoned,ingredient_007,ingredient_008,ingredient_009,ingredient_010；产出=sauced
第11步【id=op_007_01｜时间=30秒；资源=human_1,steam_oven_1；前置=op_006_01；参数=temperature_c=100,mode=普通蒸；来源=原文及AI估计】将盘子放在附送的有孔盘或架子上，放入设备第2层。；投入=sauced；产出=loaded
第12步【id=op_008_01｜时间=60秒；资源=human_1,steam_oven_1；前置=op_007_01；参数=temperature_c=100,mode=普通蒸；来源=原文及AI估计】设置设备程序/补水；豆豉蒸腐竹；投入=无食物投入；产出=无食物产出
第13步【id=op_008_02｜时间=300秒；资源=steam_oven_1；前置=op_008_01；参数=temperature_c=100,mode=普通蒸；来源=原文及AI估计】预热/升温；豆豉蒸腐竹；投入=无食物投入；产出=无食物产出
第14步【id=op_008_03｜时间=720秒；资源=steam_oven_1；前置=op_008_02,op_007_01；参数=temperature_c=100,mode=普通蒸；来源=原文及AI估计】开启电源，取出水箱加满水，选择“开始烹饪”按键，按屏幕提示操作。；投入=loaded；产出=steamed
第15步【id=op_009_01｜时间=120秒；资源=human_1,steam_oven_1；前置=op_008_03；参数=temperature_c=100,mode=普通蒸；来源=原文及AI估计】烹饪结束后取出，撒上葱花即可。；投入=steamed,ingredient_002；产出=dish
第16步【id=op_999_01｜时间=60秒；资源=human_1；前置=op_009_01；参数=不适用；来源=原文及AI估计】确认全部必需分支完成并装盘上桌；投入=dish；产出=finaldish"
"5caf2ea3e78bfc455f2d5cad","快手香蕉派","A料：印度飞饼皮2张；B料：香蕉2根；全蛋液1个","第1步【id=op_001_01｜时间=180秒；资源=human_1；前置=无；参数=不适用；来源=原文及AI估计】香蕉切丁备用。；投入=ingredient_002；产出=banana
第2步【id=op_1000_01｜时间=300秒；资源=无独占资源；前置=无；参数=不适用；来源=原文及AI估计】飞饼皮在室温回软至可折叠；投入=ingredient_001；产出=wrappers
第3步【id=op_002_01｜时间=360秒；资源=human_1；前置=op_001_01,op_1000_01；参数=不适用；来源=原文及AI估计】取出冷冻的印度飞饼皮，在饼皮一侧摆满香蕉丁，将另一侧饼皮翻面覆盖在表面，边沿捏紧，在包好的香蕉派表面均匀刷上全蛋液。；投入=banana,wrappers,ingredient_003；产出=pies
第4步【id=op_003_01｜时间=60秒；资源=human_1,oven_1；前置=op_002_01；参数=temperature_c=180,mode=上下火；来源=原文及AI估计】设置设备程序/补水；快手香蕉派；投入=无食物投入；产出=无食物产出
第5步【id=op_003_02｜时间=600秒；资源=oven_1；前置=op_003_01；参数=temperature_c=180,mode=上下火；来源=原文及AI估计】预热/升温；快手香蕉派；投入=无食物投入；产出=无食物产出
第6步【id=op_003_03｜时间=60秒；资源=human_1,oven_1；前置=op_003_02,op_002_01；参数=temperature_c=180,mode=上下火；来源=原文及AI估计】装入本步骤食材；投入=pies；产出=flow_004_00_00
第7步【id=op_003_04｜时间=1080秒；资源=oven_1；前置=op_003_03；参数=temperature_c=180,mode=上下火；来源=原文及AI估计】烤盘/蒸烤盘放入机器中间层，选择“开始烹饪”按键，按屏幕提示操作。；投入=flow_004_00_00；产出=flow_004_01_00
第8步【id=op_8000_01｜时间=60秒；资源=human_1,oven_1；前置=op_003_04；参数=temperature_c=180,mode=上下火；来源=原文及AI估计】本次加工结束，移出食物并释放设备；投入=flow_004_01_00；产出=dish
第9步【id=op_999_01｜时间=60秒；资源=human_1；前置=op_8000_01；参数=不适用；来源=原文及AI估计】确认全部必需分支完成并装盘上桌；投入=dish；产出=finaldish"
"657951b7c458a177d84386bc","芋头蛋卷","主料：芋头3个；鸡蛋2个；食盐2克；食用油少许","第1步【id=op_002_01｜时间=60秒；资源=human_1,steam_oven_1；前置=无；参数=temperature_c=100,mode=普通蒸；来源=原文及AI估计】设置设备程序/补水；芋头蛋卷；投入=无食物投入；产出=无食物产出
第2步【id=op_002_02｜时间=300秒；资源=steam_oven_1；前置=op_002_01；参数=temperature_c=100,mode=普通蒸；来源=原文及AI估计】预热/升温；芋头蛋卷；投入=无食物投入；产出=无食物产出
第3步【id=op_002_03｜时间=60秒；资源=human_1,steam_oven_1；前置=op_002_02；参数=temperature_c=100,mode=普通蒸；来源=原文及AI估计】装入本步骤食材；投入=ingredient_001；产出=flow_001_00_00
第4步【id=op_002_04｜时间=1200秒；资源=steam_oven_1；前置=op_002_03；参数=temperature_c=100,mode=普通蒸；来源=原文及AI估计】芋头洗干净后放入方太智能烹饪设备，开启电源，取出水箱加满水，选择“开始烹饪”按键，按屏幕提示操作。；投入=flow_001_00_00；产出=flow_001_01_00
第5步【id=op_8001_01｜时间=60秒；资源=human_1,steam_oven_1；前置=op_002_04；参数=temperature_c=100,mode=普通蒸；来源=原文及AI估计】本次加工结束，移出食物并释放设备；投入=flow_001_01_00；产出=taro
第6步【id=op_003_01｜时间=120秒；资源=human_1；前置=op_8001_01；参数=不适用；来源=原文及AI估计】鸡蛋打散加2g盐抽打均匀后用过滤网过滤一遍，这样蛋皮会更加细腻光滑。；投入=ingredient_002,ingredient_003；产出=egg
第7步【id=op_004_01｜时间=180秒；资源=human_1,stove_choice；前置=op_003_01；参数=power_level=1；来源=原文及AI估计】方太CS34BW磁控电磁灶小火1档，锅里用小火烧热，加一点点油、再倒入蛋液慢慢煎熟。；投入=egg,ingredient_004；产出=pancake
第8步【id=op_005_01｜时间=30秒；资源=human_1,stove_choice；前置=op_004_01；参数=power_level=7；来源=原文及AI估计】翻面并关闭火源；投入=pancake；产出=flow_004_00_00
第9步【id=op_8000_01｜时间=60秒；资源=human_1,stove_choice；前置=op_005_01；参数=power_level=7；来源=原文及AI估计】本次加工结束，移出食物并释放设备；投入=flow_004_00_00；产出=turned
第10步【id=op_006_01｜时间=60秒；资源=无独占资源；前置=op_8000_01；参数=不适用；来源=原文及AI估计】利用锅中余温继续处理蛋皮。；投入=turned；产出=cooked
第11步【id=op_007_01｜时间=120秒；资源=human_1；前置=op_006_01；参数=不适用；来源=原文及AI估计】将蛋皮盛起。；投入=cooked；产出=removed
第12步【id=op_008_01｜时间=120秒；资源=human_1；前置=op_007_01,op_8001_01；参数=不适用；来源=原文及AI估计】蒸熟后剥去外皮，用勺子压念成泥，越细腻越好。；投入=taro；产出=mash
第13步【id=op_009_01｜时间=180秒；资源=human_1；前置=op_008_01,op_007_01；参数=不适用；来源=原文及AI估计】把煎好的蛋饼反正案板上，均匀涂抹上碾压好的芋泥。；投入=removed,mash；产出=spread
第14步【id=op_010_01｜时间=120秒；资源=human_1；前置=op_009_01；参数=不适用；来源=原文及AI估计】拿起一边卷向另一边。；投入=spread；产出=roll
第15步【id=op_011_01｜时间=120秒；资源=human_1；前置=op_010_01；参数=不适用；来源=原文及AI估计】卷好后，均匀切成自己喜欢大小即可食用。；投入=roll；产出=dish
第16步【id=op_999_01｜时间=60秒；资源=human_1；前置=op_011_01；参数=不适用；来源=原文及AI估计】确认全部必需分支完成并装盘上桌；投入=dish；产出=finaldish"
"5caf2f00e78bfc455f2d5cb7","拿破仑酥","A料：低筋面粉110g；高筋面粉15g；黄油20g；盐1g；水63g；酥皮油80g；B料：全脂牛奶240g；细砂糖30g；香草荚1/2条；淀粉30g；蛋黄64g；黄油20g；补充：淡奶油100克；时令水果100克","第1步【id=op_001_01｜时间=120秒；资源=human_1；前置=无；参数=不适用；来源=原文及AI估计】制作卡仕达酱：将B中淀粉和蛋黄搅拌混合均匀。；投入=ingredient_010,ingredient_011；产出=yolk_mix
第2步【id=op_002_01｜时间=240秒；资源=human_1,stove_choice；前置=op_001_01；参数=power_level=7；来源=原文及AI估计】将牛奶、糖、香草荚放入厚底锅中，加热煮开，冲入蛋黄糊中，边冲入边不停搅拌。；投入=yolk_mix,ingredient_007,ingredient_008,ingredient_009；产出=hot_mix
第3步【id=op_003_01｜时间=180秒；资源=human_1,stove_choice；前置=op_002_01；参数=power_level=2；来源=原文及AI估计】再小火加热，不停搅拌直至成粘稠状态。；投入=hot_mix；产出=flow_003_00_00
第4步【id=op_1000_01｜时间=240秒；资源=human_1；前置=无；参数=不适用；来源=原文及AI估计】打发新增的100克装饰淡奶油；投入=ingredient_013；产出=cream
第5步【id=op_1001_01｜时间=180秒；资源=human_1；前置=无；参数=不适用；来源=原文及AI估计】洗净并切好新增100克时令水果；投入=ingredient_014；产出=fruit
第6步【id=op_8000_01｜时间=60秒；资源=human_1,stove_choice；前置=op_003_01；参数=power_level=7；来源=原文及AI估计】本次加工结束，移出食物并释放设备；投入=flow_003_00_00；产出=thickened
第7步【id=op_004_01｜时间=120秒；资源=human_1；前置=op_8000_01；参数=不适用；来源=原文及AI估计】离火加入黄油搅拌均匀，贴保鲜膜封面。；投入=thickened,ingredient_012；产出=custard
第8步【id=op_005_01｜时间=1800秒；资源=无独占资源；前置=op_004_01；参数=不适用；来源=原文及AI估计】将卡仕达酱放凉。；投入=custard；产出=cooled_custard
第9步【id=op_006_01｜时间=1800秒；资源=fridge_cold_1；前置=op_005_01；参数=temperature_c=4,mode=冷藏；来源=原文及AI估计】将放凉的卡仕达酱冷藏备用。；投入=cooled_custard；产出=cold_custard
第10步【id=op_007_01｜时间=600秒；资源=human_1；前置=op_006_01；参数=不适用；来源=原文及AI估计】将A中粉类过筛，与黄油、盐、冰水混合均匀，搓至均匀无颗粒状态，揉成团，将面团封保鲜膜放冰箱。；投入=ingredient_001,ingredient_002,ingredient_003,ingredient_004,ingredient_005；产出=dough
第11步【id=op_008_01｜时间=1800秒；资源=fridge_cold_1；前置=op_007_01；参数=temperature_c=4,mode=冷藏；来源=原文及AI估计】冷藏30分钟左右。；投入=dough；产出=cold_dough
第12步【id=op_009_01｜时间=180秒；资源=human_1；前置=op_008_01；参数=不适用；来源=原文及AI估计】将酥皮油放烘焙纸上，擀成长10厘米宽10厘米的方形片状，放冰箱。；投入=ingredient_006；产出=fat_sheet
第13步【id=op_010_01｜时间=1800秒；资源=fridge_cold_1；前置=op_009_01；参数=temperature_c=4,mode=冷藏；来源=原文及AI估计】冷藏半小时。；投入=fat_sheet；产出=cold_fat
第14步【id=op_011_01｜时间=480秒；资源=human_1；前置=op_010_01,op_008_01；参数=不适用；来源=原文及AI估计】取出冰箱的面团擀成长23厘米宽11-12厘米的方形片状，将酥皮油放置面团中间，封住接口完全包住酥皮油，此时封口为H形，然后封口向下封口为“工”字型放置，将面团擀至长36厘米宽10厘米的方形片状，将面团翻面即接口面向上，进行三折即面团为3层，放冰箱。；投入=cold_dough,cold_fat；产出=fold1
第15步【id=op_012_01｜时间=1800秒；资源=fridge_cold_1；前置=op_011_01；参数=temperature_c=4,mode=冷藏；来源=原文及AI估计】冷藏30分钟左右。；投入=fold1；产出=cold1
第16步【id=op_013_01｜时间=300秒；资源=human_1；前置=op_012_01；参数=不适用；来源=原文及AI估计】取出面团接口面向下，擀至长38厘米宽10厘米的方形片状，将面团翻面即接口面向上，进行第二次三折，放冰箱。；投入=cold1；产出=fold2
第17步【id=op_014_01｜时间=1800秒；资源=fridge_cold_1；前置=op_013_01；参数=temperature_c=4,mode=冷藏；来源=原文及AI估计】冷藏30分钟左右。；投入=fold2；产出=cold2
第18步【id=op_015_01｜时间=300秒；资源=human_1；前置=op_014_01；参数=不适用；来源=原文及AI估计】取出面团接口面向下，擀至长36厘米宽10厘米的方形片状，将面团翻面即接口面向上，头尾用刀切除，进行第三次三折，放冰箱。；投入=cold2；产出=fold3
第19步【id=op_016_01｜时间=1800秒；资源=fridge_cold_1；前置=op_015_01；参数=temperature_c=4,mode=冷藏；来源=原文及AI估计】冷藏30分钟左右。；投入=fold3；产出=cold3
第20步【id=op_017_01｜时间=300秒；资源=human_1；前置=op_016_01；参数=不适用；来源=原文及AI估计】取出面团接口面向下，擀至长36厘米宽10厘米的方形片状，四边用刀切除边沿，均匀扎孔，放入冰箱。；投入=cold3；产出=trimmed
第21步【id=op_018_01｜时间=3600秒；资源=fridge_freezer_1；前置=op_017_01；参数=temperature_c=-18,mode=冷冻；来源=原文及AI估计】冷冻1小时。；投入=trimmed；产出=frozen
第22步【id=op_019_01｜时间=60秒；资源=human_1,oven_1；前置=op_018_01；参数=temperature_c=180,mode=上下火；来源=原文及AI估计】设置设备程序/补水；拿破仑酥；投入=无食物投入；产出=无食物产出
第23步【id=op_019_02｜时间=600秒；资源=oven_1；前置=op_019_01；参数=temperature_c=180,mode=上下火；来源=原文及AI估计】预热/升温；拿破仑酥；投入=无食物投入；产出=无食物产出
第24步【id=op_019_03｜时间=60秒；资源=human_1,oven_1；前置=op_019_02,op_018_01；参数=temperature_c=180,mode=上下火；来源=原文及AI估计】装入本步骤食材；投入=frozen；产出=flow_019_00_00
第25步【id=op_019_04｜时间=1500秒；资源=oven_1；前置=op_019_03；参数=temperature_c=180,mode=上下火；来源=原文及AI估计】将浅烤盘放入烤箱第3层，选择“开始烹饪”按键，按屏幕提示操作。；投入=flow_019_00_00；产出=baked
第26步【id=op_020_01｜时间=30秒；资源=human_1,oven_1；前置=op_019_04；参数=temperature_c=180,mode=上下火；来源=原文及AI估计】烘烤完成后取出酥皮。；投入=baked；产出=removed
第27步【id=op_021_01｜时间=1200秒；资源=无独占资源；前置=op_020_01；参数=不适用；来源=原文及AI估计】将酥皮放凉。；投入=removed；产出=cool_pastry
第28步【id=op_022_01｜时间=120秒；资源=human_1；前置=op_021_01,op_1000_01,op_1001_01,op_006_01；参数=不适用；来源=原文及AI估计】用刀切成所需形状，将酥层分开，挤卡仕达酱；最外层挤奶油并放时令水果装饰。；投入=cool_pastry,cold_custard,cream,fruit；产出=dish
第29步【id=op_999_01｜时间=60秒；资源=human_1；前置=op_022_01；参数=不适用；来源=原文及AI估计】确认全部必需分支完成并装盘上桌；投入=dish；产出=finaldish"
"657951cac458a177d84387a1","五味乌鸡煲","主料：乌鸡1只（500克）；辅料：桑葚30克；熟地黄30克；紫草10克；侧柏叶10克；牡丹皮5克；盐4克；补充：水1000毫升","第1步【id=op_002_01｜时间=480秒；资源=human_1；前置=无；参数=不适用；来源=原文及AI估计】将乌骨鸡宰杀后，去除鸡毛和内脏，再用清水洗净。；投入=ingredient_001；产出=chicken
第2步【id=op_003_01｜时间=180秒；资源=human_1；前置=op_002_01；参数=不适用；来源=原文及AI估计】将桑葚、熟地黄、紫草、侧柏叶、牡丹皮分别放入盆中用清水洗净。；投入=ingredient_002,ingredient_003,ingredient_004,ingredient_005,ingredient_006；产出=herbs
第3步【id=op_004_01｜时间=360秒；资源=human_1；前置=op_003_01；参数=不适用；来源=原文及AI估计】用纱布包好。；投入=herbs；产出=bag
第4步【id=op_005_01｜时间=30秒；资源=human_1；前置=op_004_01,op_002_01；参数=不适用；来源=原文及AI估计】放入乌骨鸡的腹腔中，用线扎好口。；投入=chicken,bag；产出=stuffed
第5步【id=op_006_01｜时间=60秒；资源=human_1,steam_oven_1；前置=op_005_01；参数=temperature_c=100,mode=普通蒸；来源=原文及AI估计】设置设备程序/补水；五味乌鸡煲；投入=无食物投入；产出=无食物产出
第6步【id=op_006_02｜时间=300秒；资源=steam_oven_1；前置=op_006_01；参数=temperature_c=100,mode=普通蒸；来源=原文及AI估计】预热/升温；五味乌鸡煲；投入=无食物投入；产出=无食物产出
第7步【id=op_006_03｜时间=60秒；资源=human_1,steam_oven_1；前置=op_006_02,op_005_01；参数=temperature_c=100,mode=普通蒸；来源=原文及AI估计】装入本步骤食材；投入=stuffed,ingredient_008；产出=flow_005_00_00,flow_005_00_01
第8步【id=op_006_04｜时间=5400秒；资源=steam_oven_1；前置=op_006_03；参数=temperature_c=100,mode=普通蒸；来源=原文及AI估计】将乌骨鸡放入盘中，加入适量天然饮用水或中性矿泉水，放入方太智能烹饪设备，开启电源，取出水箱加满水，选择“开始烹饪”按键，按屏幕提示操作。；投入=flow_005_00_00,flow_005_00_01；产出=cooked
第9步【id=op_007_01｜时间=120秒；资源=human_1,steam_oven_1；前置=op_006_04；参数=temperature_c=100,mode=普通蒸；来源=原文及AI估计】蒸好后取出，撒盐调味即可。；投入=cooked,ingredient_007；产出=dish
第10步【id=op_999_01｜时间=60秒；资源=human_1；前置=op_007_01；参数=不适用；来源=原文及AI估计】确认全部必需分支完成并装盘上桌；投入=dish；产出=finaldish"
"662f2c398b2aa2265e11548f","榴莲酥","主料：冷冻半成品榴莲酥10个；辅料：鸡蛋液30克","第1步【id=op_001_01｜时间=120秒；资源=human_1；前置=无；参数=不适用；来源=原文及AI估计】取冷冻榴莲酥，表面刷一层蛋液，间隔摆在垫有油纸的烤盘上。；投入=ingredient_001,ingredient_002；产出=glazed
第2步【id=op_002_01｜时间=60秒；资源=human_1,oven_1；前置=op_001_01；参数=temperature_c=180,mode=上下火；来源=原文及AI估计】将烤盘放入蒸烤一体机第2层，开启电源，选择“开始烹饪”，按屏幕提示设置。；投入=glazed；产出=loaded
第3步【id=op_003_01｜时间=600秒；资源=oven_1；前置=op_002_01；参数=temperature_c=180,mode=上下火；来源=原文及AI估计】预热/升温；榴莲酥；投入=无食物投入；产出=无食物产出
第4步【id=op_003_02｜时间=1200秒；资源=oven_1；前置=op_003_01,op_002_01；参数=temperature_c=180,mode=上下火；来源=原文及AI估计】运行榴莲酥程序。；投入=loaded；产出=flow_003_00_00
第5步【id=op_8000_01｜时间=60秒；资源=human_1,oven_1；前置=op_003_02；参数=temperature_c=180,mode=上下火；来源=原文及AI估计】本次加工结束，移出食物并释放设备；投入=flow_003_00_00；产出=dish
第6步【id=op_999_01｜时间=60秒；资源=human_1；前置=op_8000_01；参数=不适用；来源=原文及AI估计】确认全部必需分支完成并装盘上桌；投入=dish；产出=finaldish"
"6528fae945256c3ad7c2648f","小碗蒸肉","主料：五花肉400克；素鸡150克；年糕100克；辅料：生抽10克；老抽10克；料酒10克；冰糖10克；油10克；盐2克；补充：水400毫升","第1步【id=op_002_01｜时间=180秒；资源=human_1；前置=无；参数=不适用；来源=原文及AI估计】五花肉洗净小块，素鸡切成5毫米左右厚的片，年糕切薄片。；投入=ingredient_001,ingredient_002,ingredient_003；产出=meat,tofu,rice_cake
第2步【id=op_003_01｜时间=300秒；资源=human_1,stove_choice；前置=op_002_01；参数=power_level=7；来源=原文及AI估计】方太燃气灶开大火（7档），锅内倒油，先将素鸡小火煎至两面微黄。；投入=tofu,ingredient_008；产出=fried_tofu
第3步【id=op_004_01｜时间=30秒；资源=human_1,stove_choice；前置=op_003_01；参数=power_level=7；来源=原文及AI估计】将煎好的素鸡盛出，放入凉水中。；投入=fried_tofu；产出=soaking
第4步【id=op_005_01｜时间=300秒；资源=无独占资源；前置=op_004_01；参数=不适用；来源=原文及AI估计】浸泡5分钟。；投入=soaking；产出=soft_tofu
第5步【id=op_006_01｜时间=120秒；资源=human_1；前置=op_005_01,op_002_01；参数=不适用；来源=原文及AI估计】将处理过的素鸡、年糕片，均匀码在有一定深度的碗中。；投入=soft_tofu,rice_cake；产出=base
第6步【id=op_007_01｜时间=300秒；资源=human_1,stove_choice；前置=op_006_01,op_002_01；参数=power_level=7；来源=原文及AI估计】锅内不倒油，放入五花肉煸至边缘微黄，逼出部分猪油。；投入=meat；产出=seared
第7步【id=op_008_01｜时间=180秒；资源=human_1,stove_choice；前置=op_007_01；参数=power_level=2；来源=原文及AI估计】热锅凉油放入冰糖（糖和油的比例大致为1:1），中小火翻炒至冰糖融化、颜色接近红棕色时放入五花肉上色。；投入=seared,ingredient_008,ingredient_007；产出=caramelized
第8步【id=op_1000_01｜时间=300秒；资源=human_1,stove_choice；前置=无；参数=power_level=7；来源=原文及AI估计】将配方400毫升炖肉用水烧开；投入=ingredient_010；产出=hot_water
第9步【id=op_009_01｜时间=60秒；资源=human_1,stove_choice；前置=op_008_01,op_1000_01；参数=power_level=7；来源=原文及AI估计】猪肉均匀上色后加入1汤勺老抽、2汤勺生抽、2汤勺料酒和2碗热水。；投入=caramelized,hot_water,ingredient_004,ingredient_005,ingredient_006；产出=sauced
第10步【id=op_010_01｜时间=180秒；资源=human_1,stove_choice；前置=op_009_01；参数=power_level=7；来源=原文及AI估计】大火（7档）烧开。；投入=sauced；产出=flow_010_00_00
第11步【id=op_8001_01｜时间=60秒；资源=human_1,stove_choice；前置=op_010_01；参数=power_level=7；来源=原文及AI估计】本次加工结束，移出食物并释放设备；投入=flow_010_00_00；产出=boiled
第12步【id=op_011_01｜时间=30秒；资源=human_1；前置=op_8001_01；参数=不适用；来源=原文及AI估计】转小火（2档），盖上盖子。；投入=boiled；产出=covered
第13步【id=op_012_01｜时间=570秒；资源=stove_choice；前置=op_011_01；参数=power_level=2；来源=原文及AI估计】保持小火煮制。；投入=covered；产出=flow_012_00_00
第14步【id=op_012_02｜时间=30秒；资源=human_1,stove_choice；前置=op_012_01；参数=power_level=7；来源=原文及AI估计】检查火力及原文要求的翻拌；投入=flow_012_00_00；产出=flow_012_01_00
第15步【id=op_012_03｜时间=570秒；资源=stove_choice；前置=op_012_02；参数=power_level=2；来源=原文及AI估计】保持小火煮制。；投入=flow_012_01_00；产出=flow_012_02_00
第16步【id=op_012_04｜时间=30秒；资源=human_1,stove_choice；前置=op_012_03；参数=power_level=7；来源=原文及AI估计】检查火力及原文要求的翻拌；投入=flow_012_02_00；产出=stewed
第17步【id=op_013_01｜时间=30秒；资源=human_1,stove_choice；前置=op_012_04；参数=power_level=7；来源=原文及AI估计】汤汁浓稠后，加入少许盐调味即可。；投入=stewed,ingredient_009；产出=flow_013_00_00,flow_013_00_01
第18步【id=op_8002_01｜时间=60秒；资源=human_1,stove_choice；前置=op_013_01；参数=power_level=7；来源=原文及AI估计】本次加工结束，移出食物并释放设备；投入=flow_013_00_00,flow_013_00_01；产出=seasoned
第19步【id=op_014_01｜时间=120秒；资源=human_1；前置=op_8002_01,op_006_01；参数=不适用；来源=原文及AI估计】用筷子将炖好的猪肉，挨个放到刚刚的碗里，再均匀淋一些肉汁。；投入=base,seasoned；产出=assembled
第20步【id=op_015_01｜时间=60秒；资源=human_1,steam_oven_1；前置=op_014_01；参数=temperature_c=100,mode=普通蒸；来源=原文及AI估计】设置设备程序/补水；小碗蒸肉；投入=无食物投入；产出=无食物产出
第21步【id=op_015_02｜时间=300秒；资源=steam_oven_1；前置=op_015_01；参数=temperature_c=100,mode=普通蒸；来源=原文及AI估计】预热/升温；小碗蒸肉；投入=无食物投入；产出=无食物产出
第22步【id=op_015_03｜时间=60秒；资源=human_1,steam_oven_1；前置=op_015_02,op_014_01；参数=temperature_c=100,mode=普通蒸；来源=原文及AI估计】装入本步骤食材；投入=assembled；产出=flow_015_00_00
第23步【id=op_015_04｜时间=2700秒；资源=steam_oven_1；前置=op_015_03；参数=temperature_c=100,mode=普通蒸；来源=原文及AI估计】放入方太智能烹饪设备，开启电源，取出水箱加满水，选择“开始烹饪”按键，按屏幕提示操作。；投入=flow_015_00_00；产出=flow_015_01_00
第24步【id=op_8003_01｜时间=60秒；资源=human_1,steam_oven_1；前置=op_015_04；参数=temperature_c=100,mode=普通蒸；来源=原文及AI估计】本次加工结束，移出食物并释放设备；投入=flow_015_01_00；产出=dish
第25步【id=op_999_01｜时间=60秒；资源=human_1；前置=op_8003_01；参数=不适用；来源=原文及AI估计】确认全部必需分支完成并装盘上桌；投入=dish；产出=finaldish"
"5fe197175f8f38795ea6fe77","豆豉蒸腐竹（台式）","A料：腐竹150克；小葱一根；B料：食用油3汤匙；豆豉2汤匙；蒜4瓣；红剁椒1汤匙；C料：鸡汤100克；盐1克；白糖3克；鸡精1克","第1步【id=op_1000_01｜时间=60秒；资源=human_1；前置=无；参数=不适用；来源=原文及AI估计】小葱洗净切成葱花。；投入=ingredient_002；产出=scallion
第2步【id=op_1001_01｜时间=300秒；资源=human_1,stove_choice；前置=无；参数=power_level=7；来源=原文及AI估计】烧开泡发腐竹所需工艺用水，供切段腐竹泡发。；投入=无食物投入；产出=无食物产出
第3步【id=op_8001_01｜时间=60秒；资源=human_1,stove_choice；前置=op_1001_01；参数=power_level=7；来源=原文及AI估计】本次加工结束，移出食物并释放设备；投入=无食物投入；产出=无食物产出
第4步【id=op_001_01｜时间=120秒；资源=human_1；前置=op_8001_01；参数=不适用；来源=原文及AI估计】将腐竹切成6cm长的段，加入开水。；投入=ingredient_001；产出=cut_yuba
第5步【id=op_002_01｜时间=7200秒；资源=无独占资源；前置=op_001_01；参数=不适用；来源=原文及AI估计】泡发腐竹，至完全软烂无干硬状态。；投入=cut_yuba；产出=soaked_yuba
第6步【id=op_003_01｜时间=120秒；资源=human_1；前置=op_002_01；参数=不适用；来源=原文及AI估计】挤干水分，整齐摆在盘中。；投入=soaked_yuba；产出=plated_yuba
第7步【id=op_004_01｜时间=240秒；资源=human_1；前置=op_003_01；参数=不适用；来源=原文及AI估计】将蒜去皮切末，豆豉切碎。；投入=ingredient_004,ingredient_005；产出=aromatics
第8步【id=op_005_01｜时间=30秒；资源=human_1,stove_choice；前置=op_004_01；参数=power_level=7；来源=原文及AI估计】锅中加入豆豉蒜末红椒和原配方食用油；投入=aromatics,ingredient_003,ingredient_006；产出=flow_005_00_00,flow_005_00_01,flow_005_00_02
第9步【id=op_005_02｜时间=120秒；资源=human_1,stove_choice；前置=op_005_01；参数=power_level=7；来源=原文及AI估计】将豆豉蒜椒炒香；投入=flow_005_00_00,flow_005_00_01,flow_005_00_02；产出=fried_yuba_sauce
第10步【id=op_005_03｜时间=30秒；资源=human_1,stove_choice；前置=op_005_02,op_003_01；参数=power_level=7；来源=原文及AI估计】关火后将炒香豆豉蒜椒淋在盘中腐竹上；投入=fried_yuba_sauce,plated_yuba；产出=topped_yuba
第11步【id=op_006_01｜时间=30秒；资源=human_1；前置=op_005_03；参数=不适用；来源=原文及AI估计】鸡汤中加入C中调料，溶解后将鸡汤倒入装有腐竹的盘中。；投入=topped_yuba,ingredient_007,ingredient_008,ingredient_009,ingredient_010；产出=broth_yuba
第12步【id=op_007_01｜时间=90秒；资源=human_1,steam_oven_1；前置=op_006_01；参数=temperature_c=100,mode=普通蒸；来源=原文及AI估计】将盘子放在有孔蒸盘上，放入机器中间层，取出水箱加满水。；投入=broth_yuba；产出=loaded_yuba
第13步【id=op_008_01｜时间=60秒；资源=human_1,steam_oven_1；前置=op_007_01；参数=temperature_c=100,mode=普通蒸；来源=原文及AI估计】设置设备程序/补水；豆豉蒸腐竹（台式）；投入=无食物投入；产出=无食物产出
第14步【id=op_008_02｜时间=300秒；资源=steam_oven_1；前置=op_008_01；参数=temperature_c=100,mode=普通蒸；来源=原文及AI估计】预热/升温；豆豉蒸腐竹（台式）；投入=无食物投入；产出=无食物产出
第15步【id=op_008_03｜时间=720秒；资源=steam_oven_1；前置=op_008_02,op_007_01；参数=temperature_c=100,mode=普通蒸；来源=原文及AI估计】选择“开始烹饪”按键，按屏幕提示操作。；投入=loaded_yuba；产出=steamed_yuba
第16步【id=op_009_01｜时间=120秒；资源=human_1,steam_oven_1；前置=op_008_03,op_1000_01；参数=temperature_c=100,mode=普通蒸；来源=原文及AI估计】烹饪结束后取出，撒上葱花即可。；投入=steamed_yuba,scallion；产出=finished
第17步【id=op_999_01｜时间=60秒；资源=human_1；前置=op_009_01；参数=不适用；来源=原文及AI估计】确认全部必需分支完成并装盘上桌；投入=finished；产出=finaldish"
"5f5ecdaadad9417a1b793a9f","广式月饼（台式）","A料：转化糖浆105克；中筋粉153克；花生油22克；枧水3克；B料：豆沙馅630克；C料：蛋黄1个","第1步【id=op_001_01｜时间=120秒；资源=human_1；前置=无；参数=不适用；来源=原文及AI估计】将枧水加入转化糖浆中，用刮刀搅拌均匀。；投入=ingredient_001,ingredient_004；产出=syrup
第2步【id=op_002_01｜时间=120秒；资源=human_1；前置=op_001_01；参数=不适用；来源=原文及AI估计】再加入花生油，充分搅拌乳化呈较粘稠状态。；投入=syrup,ingredient_003；产出=emulsion
第3步【id=op_003_01｜时间=120秒；资源=human_1；前置=op_002_01；参数=不适用；来源=原文及AI估计】将中筋粉加入到上述混合液中，用刮刀翻拌均匀（不要过度翻拌）。；投入=emulsion,ingredient_002；产出=dough
第4步【id=op_004_01｜时间=30秒；资源=human_1；前置=op_003_01；参数=不适用；来源=原文及AI估计】盖上保鲜膜常温。；投入=dough；产出=covered_dough
第5步【id=op_005_01｜时间=3600秒；资源=无独占资源；前置=op_004_01；参数=不适用；来源=原文及AI估计】静置1小时。；投入=covered_dough；产出=rested_dough
第6步【id=op_006_01｜时间=240秒；资源=human_1；前置=op_005_01；参数=不适用；来源=原文及AI估计】将月饼皮面团分割成12个小面团,每个约22g。；投入=rested_dough；产出=skins
第7步【id=op_007_01｜时间=360秒；资源=human_1；前置=op_006_01；参数=不适用；来源=原文及AI估计】630g豆沙馅分成12份，每份约53g，搓成球形，在成型的皮与馅上盖保鲜膜，防止干皮。；投入=ingredient_005；产出=fillings
第8步【id=op_008_01｜时间=720秒；资源=human_1；前置=op_007_01,op_006_01；参数=不适用；来源=原文及AI估计】将月饼皮面团按扁，包入馅心，双手配合，推捏面团，包住整个馅料并收口。；投入=skins,fillings；产出=wrapped
第9步【id=op_009_01｜时间=360秒；资源=human_1；前置=op_008_01；参数=不适用；来源=原文及AI估计】将包好的月饼表面滚上一层面粉，放入模具中，按压成型。；投入=wrapped,ingredient_002；产出=shaped
第10步【id=op_010_01｜时间=240秒；资源=human_1,oven_1；前置=op_009_01；参数=temperature_c=180,mode=上下火；来源=原文及AI估计】将成型月饼放在垫有油纸的烤盘上，顶部均匀刷上一层薄薄的蛋黄液（1个蛋黄，5g水），将蒸烤盘放入机器中间层。；投入=shaped,ingredient_006；产出=loaded
第11步【id=op_011_01｜时间=60秒；资源=human_1,oven_1；前置=op_010_01；参数=temperature_c=180,mode=上下火；来源=原文及AI估计】设置设备程序/补水；广式月饼（台式）；投入=无食物投入；产出=无食物产出
第12步【id=op_011_02｜时间=600秒；资源=oven_1；前置=op_011_01；参数=temperature_c=180,mode=上下火；来源=原文及AI估计】预热/升温；广式月饼（台式）；投入=无食物投入；产出=无食物产出
第13步【id=op_011_03｜时间=1080秒；资源=oven_1；前置=op_011_02,op_010_01；参数=temperature_c=180,mode=上下火；来源=原文及AI估计】选择“开始烹饪”按键，按屏幕提示操作。；投入=loaded；产出=baked
第14步【id=op_012_01｜时间=30秒；资源=human_1,oven_1；前置=op_011_03；参数=temperature_c=180,mode=上下火；来源=原文及AI估计】烘烤结束后取出月饼。；投入=baked；产出=unloaded
第15步【id=op_013_01｜时间=1800秒；资源=无独占资源；前置=op_012_01；参数=不适用；来源=原文及AI估计】将月饼晾凉。；投入=unloaded；产出=finished
第16步【id=op_999_01｜时间=60秒；资源=human_1；前置=op_013_01；参数=不适用；来源=原文及AI估计】确认全部必需分支完成并装盘上桌；投入=finished；产出=finaldish"
"6492a7c6933a4b7277dee237","Q弹果冻鸡蛋羹","主料：鸡蛋2个（65克左右）；开水180克；辅料：盐2克","第1步【id=op_002_01｜时间=180秒；资源=human_1；前置=无；参数=不适用；来源=原文及AI估计】准备两个鸡蛋，两个碗，一个打蛋器，一碗白开水，一个面粉筛。；投入=ingredient_001；产出=prepared_eggs
第2步【id=op_003_01｜时间=120秒；资源=human_1；前置=op_002_01；参数=不适用；来源=原文及AI估计】两个鸡蛋彻底打散，挂直线。；投入=prepared_eggs；产出=beaten_eggs
第3步【id=op_1000_01｜时间=600秒；资源=无独占资源；前置=无；参数=不适用；来源=原文及AI估计】将配方180克开水放凉至温水，再用于稀释蛋液。；投入=ingredient_002；产出=warm_water
第4步【id=op_004_01｜时间=120秒；资源=human_1；前置=op_003_01,op_1000_01；参数=不适用；来源=原文及AI估计】加入盐，温水，搅拌均匀。；投入=beaten_eggs,warm_water,ingredient_003；产出=diluted_eggs
第5步【id=op_005_01｜时间=180秒；资源=human_1；前置=op_004_01；参数=不适用；来源=原文及AI估计】面粉筛过筛，勺子撇掉泡沫，盖保鲜膜。；投入=diluted_eggs；产出=strained_eggs
第6步【id=op_006_01｜时间=60秒；资源=human_1,steam_oven_1；前置=op_005_01；参数=temperature_c=100,mode=普通蒸；来源=原文及AI估计】设置设备程序/补水；Q弹果冻鸡蛋羹；投入=无食物投入；产出=无食物产出
第7步【id=op_006_02｜时间=300秒；资源=steam_oven_1；前置=op_006_01；参数=temperature_c=100,mode=普通蒸；来源=原文及AI估计】预热/升温；Q弹果冻鸡蛋羹；投入=无食物投入；产出=无食物产出
第8步【id=op_006_03｜时间=60秒；资源=human_1,steam_oven_1；前置=op_006_02,op_005_01；参数=temperature_c=100,mode=普通蒸；来源=原文及AI估计】装入本步骤食材；投入=strained_eggs；产出=flow_006_00_00
第9步【id=op_006_04｜时间=720秒；资源=steam_oven_1；前置=op_006_03；参数=temperature_c=100,mode=普通蒸；来源=原文及AI估计】放入方太智能烹饪设备第2层，开启电源，取出水箱加满水，选择“开始烹饪”按键，按屏幕提示操作。；投入=flow_006_00_00；产出=flow_006_01_00
第10步【id=op_8000_01｜时间=60秒；资源=human_1,steam_oven_1；前置=op_006_04；参数=temperature_c=100,mode=普通蒸；来源=原文及AI估计】本次加工结束，移出食物并释放设备；投入=flow_006_01_00；产出=finished
第11步【id=op_999_01｜时间=60秒；资源=human_1；前置=op_8000_01；参数=不适用；来源=原文及AI估计】确认全部必需分支完成并装盘上桌；投入=finished；产出=finaldish"
"58e70ae1a3fd4a750f4b75b0","韩式泡菜鸦片鱼头","A料：鸦片鱼头1个（（约300g））；B料：小葱4段；生姜2片；盐2克；料酒15克；C料：食用油15克；生姜1片；韩式泡菜50克；五花肉20克；洋葱1/4个；清水100克；泡菜汁30克（（泡菜包中的汁水））；辣椒粉2克；香辣酱5克","第1步【id=op_001_01｜时间=120秒；资源=human_1；前置=无；参数=不适用；来源=原文及AI估计】将鸦片鱼头去鳃。；投入=ingredient_001；产出=gilled_fish
第2步【id=op_1000_01｜时间=240秒；资源=human_1；前置=无；参数=不适用；来源=原文及AI估计】C料生姜切末，五花肉切薄片，泡菜切段，洋葱去皮切末。；投入=ingredient_007,ingredient_008,ingredient_009,ingredient_010；产出=ginger_mince,kimchi,pork,onion
第3步【id=op_1001_01｜时间=300秒；资源=human_1,stove_choice；前置=无；参数=power_level=7；来源=原文及AI估计】制备约90℃工艺热水供鱼头烫洗。；投入=无食物投入；产出=无食物产出
第4步【id=op_8001_01｜时间=60秒；资源=human_1,stove_choice；前置=op_1001_01；参数=power_level=7；来源=原文及AI估计】本次加工结束，移出食物并释放设备；投入=无食物投入；产出=无食物产出
第5步【id=op_002_01｜时间=300秒；资源=steam_oven_1；前置=op_001_01,op_8001_01；参数=temperature_c=100,mode=普通蒸；来源=原文及AI估计】预热/升温；韩式泡菜鸦片鱼头；投入=无食物投入；产出=无食物产出
第6步【id=op_002_02｜时间=15秒；资源=steam_oven_1；前置=op_002_01,op_001_01；参数=temperature_c=90,mode=鲜嫩蒸；来源=原文及AI估计】用90℃左右的热水烫鱼头。；投入=gilled_fish；产出=flow_002_00_00
第7步【id=op_8002_01｜时间=60秒；资源=human_1,steam_oven_1；前置=op_002_02；参数=temperature_c=100,mode=普通蒸；来源=原文及AI估计】本次加工结束，移出食物并释放设备；投入=flow_002_00_00；产出=scalded_fish
第8步【id=op_003_01｜时间=180秒；资源=human_1；前置=op_8002_01；参数=不适用；来源=原文及AI估计】用刀轻刮细鱼鳞，洗净沥干，从中间剖开。；投入=scalded_fish；产出=cleaned_fish
第9步【id=op_004_01｜时间=120秒；资源=human_1；前置=op_003_01；参数=不适用；来源=原文及AI估计】将B中的葱段、姜片放在盘子底部，放入鸦片鱼头，将盐均匀抹在鱼头上，倒入料酒。；投入=cleaned_fish,ingredient_002,ingredient_003,ingredient_004,ingredient_005；产出=seasoned_fish
第10步【id=op_005_01｜时间=600秒；资源=fridge_cold_1；前置=op_004_01；参数=temperature_c=4,mode=冷藏；来源=原文及AI估计】腌制10分钟。；投入=seasoned_fish；产出=marinated_fish
第11步【id=op_006_01｜时间=420秒；资源=human_1,stove_choice；前置=op_005_01,op_1000_01；参数=power_level=7；来源=原文及AI估计】将炒锅加热，加入C中食用油，倒入姜末炒出香味，先将切好的五花肉和泡菜倒入锅中翻炒至完全成熟，再加入洋葱末稍稍煸炒后加清水、泡菜汁、辣椒粉、香辣酱，煮沸即可。；投入=ginger_mince,kimchi,pork,onion,ingredient_006,ingredient_011,ingredient_012,ingredient_013,ingredient_014；产出=flow_007_00_00,flow_007_00_01,flow_007_00_02,flow_007_00_03,flow_007_00_04,flow_007_00_05,flow_007_00_06,flow_007_00_07,flow_007_00_08
第12步【id=op_8000_01｜时间=60秒；资源=human_1,stove_choice；前置=op_006_01；参数=power_level=7；来源=原文及AI估计】本次加工结束，移出食物并释放设备；投入=flow_007_00_00,flow_007_00_01,flow_007_00_02,flow_007_00_03,flow_007_00_04,flow_007_00_05,flow_007_00_06,flow_007_00_07,flow_007_00_08；产出=kimchi_soup
第13步【id=op_007_01｜时间=30秒；资源=human_1,steam_oven_1；前置=op_8000_01,op_005_01；参数=temperature_c=100,mode=普通蒸；来源=原文及AI估计】将烧好的泡菜汤倒在鱼上，使泡菜覆盖住鱼身，将鱼盘放在附送的有孔盘或架子上，放入设备第2层。；投入=marinated_fish,kimchi_soup；产出=loaded_fish
第14步【id=op_008_01｜时间=60秒；资源=human_1,steam_oven_1；前置=op_007_01；参数=temperature_c=100,mode=普通蒸；来源=原文及AI估计】设置设备程序/补水；韩式泡菜鸦片鱼头；投入=无食物投入；产出=无食物产出
第15步【id=op_008_02｜时间=900秒；资源=steam_oven_1；前置=op_008_01,op_007_01；参数=temperature_c=100,mode=普通蒸；来源=原文及AI估计】开启电源，取出水箱加满水，选择“开始烹饪”按键，按屏幕提示操作。；投入=loaded_fish；产出=steamed_fish
第16步【id=op_009_01｜时间=30秒；资源=human_1,steam_oven_1；前置=op_008_02；参数=temperature_c=100,mode=普通蒸；来源=原文及AI估计】烹饪结束后取出，趁热食用。；投入=steamed_fish；产出=finished
第17步【id=op_999_01｜时间=60秒；资源=human_1；前置=op_009_01；参数=不适用；来源=原文及AI估计】确认全部必需分支完成并装盘上桌；投入=finished；产出=finaldish"
"65795250c458a177d8438dea","南瓜鸡腿煲","主料：小南瓜1个；鸡腿1只（约300克）；青豆50克；大蒜5瓣；生姜10克；小葱2根；辅料：食盐5克；黑胡椒粉2克；干淀粉10克；蚝油10毫升；番茄酱10克；花生油15毫升","第1步【id=op_002_01｜时间=120秒；资源=human_1；前置=无；参数=不适用；来源=原文及AI估计】鸡腿去掉骨头，切成小块。；投入=ingredient_002；产出=chicken
第2步【id=op_003_01｜时间=480秒；资源=human_1,stove_choice；前置=op_002_01；参数=power_level=7；来源=原文及AI估计】方太电磁灶开至9段大火，锅里烧开水，水开后加入2克食盐。；投入=ingredient_007；产出=salt_water
第3步【id=op_004_01｜时间=240秒；资源=human_1,stove_choice；前置=op_003_01,op_002_01；参数=power_level=7；来源=原文及AI估计】将鸡腿丁倒入开水里焯水捞出，再将青豆放入开水里焯水捞出备用。；投入=chicken,ingredient_003,salt_water；产出=blanched_chicken,blanched_peas
第4步【id=op_005_01｜时间=180秒；资源=human_1；前置=op_004_01；参数=不适用；来源=原文及AI估计】用凉水冲洗干净备用。；投入=blanched_chicken,blanched_peas；产出=rinsed_chicken,rinsed_peas
第5步【id=op_006_01｜时间=120秒；资源=human_1；前置=op_005_01；参数=不适用；来源=原文及AI估计】蒜拍碎，姜、葱切末。；投入=ingredient_004,ingredient_005,ingredient_006；产出=garlic,ginger,scallion
第6步【id=op_007_01｜时间=120秒；资源=human_1；前置=op_006_01,op_005_01；参数=不适用；来源=原文及AI估计】将焯水的鸡肉和青豆放入搅拌盆里面，将蒜瓣、姜末、葱末放在盆中。；投入=rinsed_chicken,rinsed_peas,garlic,ginger,scallion；产出=mixed_filling
第7步【id=op_008_01｜时间=120秒；资源=human_1；前置=op_007_01；参数=不适用；来源=原文及AI估计】加入蚝油、番茄酱、黑胡椒、盐、淀粉、食用油放入盆中混合。；投入=mixed_filling,ingredient_007,ingredient_008,ingredient_009,ingredient_010,ingredient_011,ingredient_012；产出=seasoned_filling
第8步【id=op_009_01｜时间=1800秒；资源=fridge_cold_1；前置=op_008_01；参数=temperature_c=4,mode=冷藏；来源=原文及AI估计】腌制30分钟左右。；投入=seasoned_filling；产出=marinated_filling
第9步【id=op_010_01｜时间=120秒；资源=human_1；前置=op_009_01；参数=不适用；来源=原文及AI估计】南瓜切开，用小勺子将南瓜掏空。；投入=ingredient_001；产出=pumpkin_cup
第10步【id=op_011_01｜时间=30秒；资源=human_1；前置=op_010_01,op_009_01；参数=不适用；来源=原文及AI估计】再将腌制好的鸡肉和青豆放入南瓜盅里面。；投入=pumpkin_cup,marinated_filling；产出=filled_pumpkin
第11步【id=op_012_01｜时间=60秒；资源=human_1,steam_oven_1；前置=op_011_01；参数=temperature_c=100,mode=普通蒸；来源=原文及AI估计】设置设备程序/补水；南瓜鸡腿煲；投入=无食物投入；产出=无食物产出
第12步【id=op_012_02｜时间=300秒；资源=steam_oven_1；前置=op_012_01；参数=temperature_c=100,mode=普通蒸；来源=原文及AI估计】预热/升温；南瓜鸡腿煲；投入=无食物投入；产出=无食物产出
第13步【id=op_012_03｜时间=60秒；资源=human_1,steam_oven_1；前置=op_012_02,op_011_01；参数=temperature_c=100,mode=普通蒸；来源=原文及AI估计】装入本步骤食材；投入=filled_pumpkin；产出=flow_011_00_00
第14步【id=op_012_04｜时间=1800秒；资源=steam_oven_1；前置=op_012_03；参数=temperature_c=100,mode=普通蒸；来源=原文及AI估计】放入方太智能烹饪设备，开启电源，取出水箱加满水，选择“开始烹饪”按键，按屏幕提示操作。；投入=flow_011_00_00；产出=steamed_pumpkin
第15步【id=op_013_01｜时间=120秒；资源=human_1,steam_oven_1；前置=op_012_04,op_006_01；参数=temperature_c=100,mode=普通蒸；来源=原文及AI估计】取出撒上葱花即可食用。；投入=steamed_pumpkin,scallion；产出=finished
第16步【id=op_999_01｜时间=60秒；资源=human_1；前置=op_013_01；参数=不适用；来源=原文及AI估计】确认全部必需分支完成并装盘上桌；投入=finished；产出=finaldish"
"5caf2ba9e78bfc455f2d5c55","松子枣泥拉糕","A料：干红枣200g；清水1000g；B料：糯米粉300g；粳米粉200g；熟猪油100g；红豆沙100g；白糖150g；松子50g","第1步【id=op_1000_01｜时间=240秒；资源=human_1,stove_choice；前置=无；参数=power_level=7；来源=原文及AI估计】将配方1000克清水加热至温热，供红枣浸泡。；投入=ingredient_002；产出=flow_001_00_00
第2步【id=op_8001_01｜时间=60秒；资源=human_1,stove_choice；前置=op_1000_01；参数=power_level=7；来源=原文及AI估计】本次加工结束，移出食物并释放设备；投入=flow_001_00_00；产出=warm_water
第3步【id=op_001_01｜时间=180秒；资源=human_1；前置=op_8001_01；参数=不适用；来源=原文及AI估计】将干红枣洗净后放入大碗中，加入1000g温热水。；投入=ingredient_001,warm_water；产出=soaking_dates
第4步【id=op_002_01｜时间=3600秒；资源=无独占资源；前置=op_001_01；参数=不适用；来源=原文及AI估计】浸泡1小时。；投入=soaking_dates；产出=soaked_dates
第5步【id=op_003_01｜时间=60秒；资源=human_1,steam_oven_1；前置=op_002_01；参数=temperature_c=100,mode=普通蒸；来源=原文及AI估计】将浸泡好的红枣连同浸泡液装入蒸箱；投入=soaked_dates；产出=flow_004_00_00
第6步【id=op_003_02｜时间=300秒；资源=steam_oven_1；前置=op_003_01；参数=temperature_c=100,mode=普通蒸；来源=原文及AI估计】蒸箱升温至100℃；投入=无食物投入；产出=无食物产出
第7步【id=op_003_03｜时间=1800秒；资源=steam_oven_1；前置=op_003_02,op_003_01；参数=temperature_c=100,mode=普通蒸；来源=原文及AI估计】100℃蒸红枣30分钟；投入=flow_004_00_00；产出=flow_004_01_00
第8步【id=op_003_04｜时间=60秒；资源=human_1,steam_oven_1；前置=op_003_03；参数=temperature_c=100,mode=普通蒸；来源=原文及AI估计】取出熟红枣和浸泡液；投入=flow_004_01_00；产出=cooked_dates
第9步【id=op_004_01｜时间=1200秒；资源=无独占资源；前置=op_003_04；参数=不适用；来源=原文及AI估计】待熟红枣在浸泡液中冷却。；投入=cooked_dates；产出=cooled_dates
第10步【id=op_005_01｜时间=180秒；资源=human_1；前置=op_004_01；参数=不适用；来源=原文及AI估计】去皮、去核取肉，捣成泥；浸泡液保留备用。；投入=cooled_dates；产出=date_puree,date_liquid
第11步【id=op_006_01｜时间=300秒；资源=human_1,stove_choice；前置=op_005_01；参数=power_level=2；来源=原文及AI估计】炒锅烧热，倒入B中的熟猪油，融化后加入枣泥、豆沙、白糖，小火炒成均匀糊状后关火。；投入=date_puree,ingredient_005,ingredient_006,ingredient_007；产出=flow_007_00_00,flow_007_00_01,flow_007_00_02,flow_007_00_03
第12步【id=op_8000_01｜时间=60秒；资源=human_1,stove_choice；前置=op_006_01；参数=power_level=7；来源=原文及AI估计】本次加工结束，移出食物并释放设备；投入=flow_007_00_00,flow_007_00_01,flow_007_00_02,flow_007_00_03；产出=hot_paste
第13步【id=op_007_01｜时间=120秒；资源=human_1；前置=op_8000_01,op_005_01；参数=不适用；来源=原文及AI估计】加入500g红枣浸泡液搅拌均匀。；投入=hot_paste,date_liquid；产出=diluted_paste
第14步【id=op_008_01｜时间=1200秒；资源=无独占资源；前置=op_007_01；参数=不适用；来源=原文及AI估计】将枣泥豆沙糊冷却备用。；投入=diluted_paste；产出=cooled_paste
第15步【id=op_009_01｜时间=120秒；资源=human_1；前置=op_008_01；参数=不适用；来源=原文及AI估计】将糯米粉与粳米粉混合，加入调制好的枣泥豆沙糊，用刮刀搅拌成均匀的粉糊状。；投入=cooled_paste,ingredient_003,ingredient_004；产出=batter
第16步【id=op_010_01｜时间=60秒；资源=human_1,steam_oven_1；前置=op_009_01；参数=temperature_c=100,mode=普通蒸；来源=原文及AI估计】设置设备程序/补水；松子枣泥拉糕；投入=无食物投入；产出=无食物产出
第17步【id=op_010_02｜时间=300秒；资源=steam_oven_1；前置=op_010_01；参数=temperature_c=100,mode=普通蒸；来源=原文及AI估计】预热/升温；松子枣泥拉糕；投入=无食物投入；产出=无食物产出
第18步【id=op_010_03｜时间=60秒；资源=human_1,steam_oven_1；前置=op_010_02,op_009_01；参数=temperature_c=100,mode=普通蒸；来源=原文及AI估计】装入本步骤食材；投入=batter；产出=flow_011_00_00
第19步【id=op_010_04｜时间=2400秒；资源=steam_oven_1；前置=op_010_03；参数=temperature_c=100,mode=普通蒸；来源=原文及AI估计】取一方形浅口模具，铺上硅油纸，倒入搅拌均匀的粉糊，轻震两下使表面平整，将模具放入蒸箱中间层，选择“普通蒸”模式，设置100℃、40分钟，按确认键，开始烹饪。；投入=flow_011_00_00；产出=steamed_cake
第20步【id=op_011_01｜时间=30秒；资源=human_1,steam_oven_1；前置=op_010_04；参数=temperature_c=100,mode=普通蒸；来源=原文及AI估计】烹饪结束后取出。；投入=steamed_cake；产出=unloaded_cake
第21步【id=op_012_01｜时间=2400秒；资源=无独占资源；前置=op_011_01；参数=不适用；来源=原文及AI估计】将拉糕晾凉。；投入=unloaded_cake；产出=cooled_cake
第22步【id=op_013_01｜时间=120秒；资源=human_1；前置=op_012_01；参数=不适用；来源=原文及AI估计】用刀切成所需形状，剥些松子仁点缀装盘。；投入=cooled_cake,ingredient_008；产出=finished
第23步【id=op_999_01｜时间=60秒；资源=human_1；前置=op_013_01；参数=不适用；来源=原文及AI估计】确认全部必需分支完成并装盘上桌；投入=finished；产出=finaldish"
"66715324bfbee338853895c7","轻松一锅蒸","A料：腊肉1块；香肠1条；咸鱼块1块；B料：香干200克；盐2克；红剁椒30克；蒜末10克；豆豉6克；猪油7克；白砂糖2克；生抽6克；老抽1克；纯净水25克；葱花2克；C料：细长茄子350克；蒜末12克；醋15克；生抽30克；盐1克；白砂糖5克；D料：甜南瓜400克；红枣10个；糖桂花2勺；主料：鳙鱼头1条；葱段15克；姜片6克；盐2.5克；料酒30克；双色剁椒酱200克；葱花5克","第1步【id=op_001_01｜时间=480秒；资源=human_1；前置=无；参数=不适用；来源=原文及AI估计】双椒鳙鱼头：将1个鳙鱼头去除鱼鳞、鱼鳃和内脏，洗净并沥干水分，再沿着背鳍将鱼头对半劈开，鱼背肉厚处片刀。；投入=ingredient_024；产出=cleaned_fish
第2步【id=op_002_01｜时间=120秒；资源=human_1；前置=op_001_01；参数=不适用；来源=原文及AI估计】将15g葱段、6g姜片放在鱼盘底部，放入鳙鱼头，将2.5g盐均匀抹在鱼头上，倒入30g料酒。；投入=cleaned_fish,ingredient_025,ingredient_026,ingredient_027,ingredient_028；产出=seasoned_fish
第3步【id=op_003_01｜时间=600秒；资源=fridge_cold_1；前置=op_002_01；参数=temperature_c=4,mode=冷藏；来源=原文及AI估计】腌制10分钟。；投入=seasoned_fish；产出=marinated_fish
第4步【id=op_004_01｜时间=180秒；资源=human_1；前置=op_003_01；参数=不适用；来源=原文及AI估计】将鱼头放入大号双耳盘中，将200g双色剁椒酱浇在鳙鱼头上。；投入=marinated_fish,ingredient_029；产出=pepper_fish
第5步【id=op_005_01｜时间=180秒；资源=human_1；前置=op_004_01；参数=不适用；来源=原文及AI估计】腊味合蒸：处理食材，腊肉和香肠切成薄片，咸鱼切块，铺在小号碗中。；投入=ingredient_001,ingredient_002,ingredient_003；产出=cured_meats
第6步【id=op_1001_01｜时间=180秒；资源=human_1,stove_choice；前置=无；参数=power_level=7；来源=原文及AI估计】将400克工艺用水加热至温热，供香干盐水浸泡。；投入=无食物投入；产出=无食物产出
第7步【id=op_8001_01｜时间=60秒；资源=human_1,stove_choice；前置=op_1001_01；参数=power_level=7；来源=原文及AI估计】本次加工结束，移出食物并释放设备；投入=无食物投入；产出=无食物产出
第8步【id=op_006_01｜时间=180秒；资源=human_1；前置=op_005_01,op_8001_01；参数=不适用；来源=原文及AI估计】豆豉蒸香干：200g香干切片，加入400g温水、2g盐。；投入=ingredient_004,ingredient_005；产出=soaking_tofu
第9步【id=op_007_01｜时间=1800秒；资源=无独占资源；前置=op_006_01；参数=不适用；来源=原文及AI估计】浸泡30min。；投入=soaking_tofu；产出=soaked_tofu
第10步【id=op_008_01｜时间=180秒；资源=human_1,stove_choice；前置=op_007_01；参数=power_level=7；来源=原文及AI估计】取出豆干铺在小号碗中，加入30g红剁椒、10g蒜末、6g豆豉、7g猪油、2g白砂糖、6g生抽、1g老抽、25g纯净水，准备烹饪。；投入=soaked_tofu,ingredient_006,ingredient_007,ingredient_008,ingredient_009,ingredient_010,ingredient_011,ingredient_012,ingredient_013；产出=seasoned_tofu
第11步【id=op_009_01｜时间=120秒；资源=human_1；前置=op_008_01；参数=不适用；来源=原文及AI估计】酱醋茄子：将350g茄子洗净去蒂，切成7cm段，摆放在中号碗中。；投入=ingredient_015；产出=eggplant
第12步【id=op_010_01｜时间=120秒；资源=human_1；前置=op_009_01；参数=不适用；来源=原文及AI估计】取一小碗准备酱料：12g蒜末、15香醋、30g生抽、1g盐、5g白砂糖混合均匀备用。；投入=ingredient_016,ingredient_017,ingredient_018,ingredient_019,ingredient_020；产出=eggplant_sauce
第13步【id=op_011_01｜时间=180秒；资源=human_1；前置=op_010_01；参数=不适用；来源=原文及AI估计】红枣南瓜：400g南瓜去皮去瓜瓤，10个红枣去核，清洗干净。；投入=ingredient_021,ingredient_022；产出=cleaned_pumpkin,cleaned_dates
第14步【id=op_012_01｜时间=120秒；资源=human_1；前置=op_011_01；参数=不适用；来源=原文及AI估计】将南瓜切成小块、红枣对半切开，摆入中号碗中。；投入=cleaned_pumpkin,cleaned_dates；产出=pumpkin_dates
第15步【id=op_013_01｜时间=30秒；资源=human_1；前置=op_012_01,op_004_01,op_005_01,op_008_01,op_009_01；参数=不适用；来源=原文及AI估计】将5道菜放入蒸烤盘和蒸烤架上，蒸烤架放入第1层，蒸烤盘放入第3层。；投入=pepper_fish,cured_meats,seasoned_tofu,eggplant,pumpkin_dates；产出=loaded_fish,loaded_meats,loaded_tofu,loaded_eggplant,loaded_pumpkin
第16步【id=op_014_01｜时间=60秒；资源=human_1,steam_oven_1；前置=op_013_01；参数=temperature_c=100,mode=普通蒸；来源=原文及AI估计】设置设备程序/补水；轻松一锅蒸；投入=无食物投入；产出=无食物产出
第17步【id=op_014_02｜时间=300秒；资源=steam_oven_1；前置=op_014_01；参数=temperature_c=100,mode=普通蒸；来源=原文及AI估计】预热/升温；轻松一锅蒸；投入=无食物投入；产出=无食物产出
第18步【id=op_014_03｜时间=1800秒；资源=steam_oven_1；前置=op_014_02,op_013_01；参数=temperature_c=100,mode=普通蒸；来源=原文及AI估计】取出水箱加满水，选择“开始烹饪”按键，按屏幕提示操作。；投入=loaded_fish,loaded_meats,loaded_tofu,loaded_eggplant,loaded_pumpkin；产出=steamed_fish,steamed_meats,steamed_tofu,steamed_eggplant,steamed_pumpkin
第19步【id=op_1000_01｜时间=180秒；资源=human_1,steam_oven_1；前置=op_014_03,op_010_01；参数=temperature_c=100,mode=普通蒸；来源=原文及AI估计】五道菜蒸好取出；鱼头和香干分别撒各自配方葱花，茄子浇预调酱醋汁，红枣南瓜淋糖桂花，腊味装盘。；投入=steamed_fish,steamed_meats,steamed_tofu,steamed_eggplant,steamed_pumpkin,eggplant_sauce,ingredient_014,ingredient_023,ingredient_030；产出=finished_fish,finished_meats,finished_tofu,finished_eggplant,finished_pumpkin
第20步【id=op_999_01｜时间=60秒；资源=human_1；前置=op_1000_01；参数=不适用；来源=原文及AI估计】确认全部必需分支完成并装盘上桌；投入=finished_fish,finished_meats,finished_tofu,finished_eggplant,finished_pumpkin；产出=finaldish"
"65433d5545256c3ad7c26fbb","清蒸火焙鱼","主料：火焙鱼150克；青辣椒20克；辅料：油10毫升；盐3克；补充：白醋5毫升","第1步【id=op_002_01｜时间=240秒；资源=无独占资源；前置=无；参数=不适用；来源=原文及AI估计】将干火焙鱼放入清水浸泡。；投入=ingredient_001；产出=soaked_fish
第2步【id=op_003_01｜时间=120秒；资源=human_1；前置=op_002_01；参数=不适用；来源=原文及AI估计】捞出鱼，去头后装碗。；投入=soaked_fish；产出=cleaned_fish
第3步【id=op_004_01｜时间=120秒；资源=human_1；前置=op_003_01；参数=不适用；来源=原文及AI估计】青椒切圈。；投入=ingredient_002；产出=pepper
第4步【id=op_005_01｜时间=120秒；资源=human_1；前置=op_004_01,op_003_01；参数=不适用；来源=原文及AI估计】青椒圈铺在火焙鱼上面，加油、盐。；投入=cleaned_fish,pepper,ingredient_003,ingredient_004；产出=seasoned_fish
第5步【id=op_006_01｜时间=60秒；资源=human_1,steam_oven_1；前置=op_005_01；参数=temperature_c=100,mode=普通蒸；来源=原文及AI估计】设置设备程序/补水；清蒸火焙鱼；投入=无食物投入；产出=无食物产出
第6步【id=op_006_02｜时间=300秒；资源=steam_oven_1；前置=op_006_01；参数=temperature_c=100,mode=普通蒸；来源=原文及AI估计】预热/升温；清蒸火焙鱼；投入=无食物投入；产出=无食物产出
第7步【id=op_006_03｜时间=60秒；资源=human_1,steam_oven_1；前置=op_006_02,op_005_01；参数=temperature_c=100,mode=普通蒸；来源=原文及AI估计】装入本步骤食材；投入=seasoned_fish；产出=flow_005_00_00
第8步【id=op_006_04｜时间=720秒；资源=steam_oven_1；前置=op_006_03；参数=temperature_c=100,mode=普通蒸；来源=原文及AI估计】放入方太智能烹饪设备，开启电源，取出水箱加满水，选择“开始烹饪”按键，按屏幕提示操作。；投入=flow_005_00_00；产出=steamed_fish
第9步【id=op_007_01｜时间=30秒；资源=human_1,steam_oven_1；前置=op_006_04；参数=temperature_c=100,mode=普通蒸；来源=原文及AI估计】取出淋上白醋即可。；投入=steamed_fish,ingredient_005；产出=finished
第10步【id=op_999_01｜时间=60秒；资源=human_1；前置=op_007_01；参数=不适用；来源=原文及AI估计】确认全部必需分支完成并装盘上桌；投入=finished；产出=finaldish"
"5f73fee8a6daaa3b53ba043c","美式薯条","A料：半成品冷冻薯条200克","第1步【id=op_001_01｜时间=120秒；资源=human_1,oven_1；前置=无；参数=temperature_c=200,mode=上下火；来源=原文及AI估计】将薯条均匀的铺在垫有硅油纸的蒸烤架上，放入机器中间层。；投入=ingredient_001；产出=loaded_fries
第2步【id=op_002_01｜时间=60秒；资源=human_1,oven_1；前置=op_001_01；参数=temperature_c=200,mode=上下火；来源=原文及AI估计】设置设备程序/补水；美式薯条；投入=无食物投入；产出=无食物产出
第3步【id=op_002_02｜时间=600秒；资源=oven_1；前置=op_002_01；参数=temperature_c=200,mode=上下火；来源=原文及AI估计】预热/升温；美式薯条；投入=无食物投入；产出=无食物产出
第4步【id=op_002_03｜时间=1080秒；资源=oven_1；前置=op_002_02,op_001_01；参数=temperature_c=200,mode=上下火；来源=原文及AI估计】选择“开始烹饪”按键，按屏幕提示操作。；投入=loaded_fries；产出=baked_fries
第5步【id=op_003_01｜时间=30秒；资源=human_1,oven_1；前置=op_002_03；参数=temperature_c=200,mode=上下火；来源=原文及AI估计】待烹饪结束后，取出薯条，即可食用。；投入=baked_fries；产出=finished
第6步【id=op_999_01｜时间=60秒；资源=human_1；前置=op_003_01；参数=不适用；来源=原文及AI估计】确认全部必需分支完成并装盘上桌；投入=finished；产出=finaldish"
"5a38d6b3f254230b76e2b50f","蒜香烤茄子","A料：粗紫茄子2个；B料：蒜瓣40克；色拉油30克；辣黄豆酱10克；海鲜酱10克；美极鲜汁2克；生抽5克；矿泉水20克；C料：孜然粉适量；辣椒粉适量；熟白芝麻适量；葱适量","第1步【id=op_001_01｜时间=180秒；资源=human_1,oven_1；前置=无；参数=temperature_c=200,mode=上下火；来源=原文及AI估计】茄子洗净后放烤架，开启烤箱，将茄子放入。；投入=ingredient_001；产出=loaded_eggplant
第2步【id=op_002_01｜时间=600秒；资源=oven_1；前置=op_001_01；参数=temperature_c=200,mode=上下火；来源=原文及AI估计】预热/升温；蒜香烤茄子；投入=无食物投入；产出=无食物产出
第3步【id=op_002_02｜时间=1200秒；资源=oven_1；前置=op_002_01,op_001_01；参数=temperature_c=200,mode=上下火；来源=原文及AI估计】进行第一段茄子烘烤。；投入=loaded_eggplant；产出=flow_002_00_00
第4步【id=op_1000_01｜时间=60秒；资源=human_1；前置=无；参数=不适用；来源=原文及AI估计】葱洗净切成葱花用于出炉收尾。；投入=ingredient_012；产出=scallion
第5步【id=op_8001_01｜时间=60秒；资源=human_1,oven_1；前置=op_002_02；参数=temperature_c=200,mode=上下火；来源=原文及AI估计】本次加工结束，移出食物并释放设备；投入=flow_002_00_00；产出=roasted_eggplant
第6步【id=op_003_01｜时间=180秒；资源=human_1；前置=op_8001_01；参数=不适用；来源=原文及AI估计】40克蒜瓣去皮切蒜蓉；投入=ingredient_002,ingredient_003,ingredient_004,ingredient_005,ingredient_006,ingredient_007,ingredient_008；产出=flow_003_00_00,flow_003_00_01,flow_003_00_02,flow_003_00_03,flow_003_00_04,flow_003_00_05,flow_003_00_06
第7步【id=op_003_02｜时间=30秒；资源=human_1,stove_choice；前置=op_003_01；参数=power_level=7；来源=原文及AI估计】锅中倒入30克油；投入=flow_003_00_00,flow_003_00_01,flow_003_00_02,flow_003_00_03,flow_003_00_04,flow_003_00_05,flow_003_00_06；产出=flow_003_01_00,flow_003_01_01,flow_003_01_02,flow_003_01_03,flow_003_01_04,flow_003_01_05,flow_003_01_06
第8步【id=op_003_03｜时间=60秒；资源=stove_choice；前置=op_003_02；参数=power_level=7；来源=原文及AI估计】加热油锅；投入=flow_003_01_00,flow_003_01_01,flow_003_01_02,flow_003_01_03,flow_003_01_04,flow_003_01_05,flow_003_01_06；产出=flow_003_02_00,flow_003_02_01,flow_003_02_02,flow_003_02_03,flow_003_02_04,flow_003_02_05,flow_003_02_06
第9步【id=op_003_04｜时间=120秒；资源=human_1,stove_choice；前置=op_003_03；参数=power_level=2；来源=原文及AI估计】加入蒜末小火炒至浅金黄；投入=flow_003_02_00,flow_003_02_01,flow_003_02_02,flow_003_02_03,flow_003_02_04,flow_003_02_05,flow_003_02_06；产出=flow_003_03_00,flow_003_03_01,flow_003_03_02,flow_003_03_03,flow_003_03_04,flow_003_03_05,flow_003_03_06
第10步【id=op_003_05｜时间=30秒；资源=human_1,stove_choice；前置=op_003_04；参数=power_level=7；来源=原文及AI估计】关火盛出蒜蓉；投入=flow_003_03_00,flow_003_03_01,flow_003_03_02,flow_003_03_03,flow_003_03_04,flow_003_03_05,flow_003_03_06；产出=flow_003_04_00,flow_003_04_01,flow_003_04_02,flow_003_04_03,flow_003_04_04,flow_003_04_05,flow_003_04_06
第11步【id=op_003_06｜时间=60秒；资源=human_1；前置=op_003_05；参数=不适用；来源=原文及AI估计】加入原配方酱汁与水调匀；投入=flow_003_04_00,flow_003_04_01,flow_003_04_02,flow_003_04_03,flow_003_04_04,flow_003_04_05,flow_003_04_06；产出=garlic_sauce
第12步【id=op_004_01｜时间=180秒；资源=human_1,oven_1；前置=op_003_06,op_8001_01；参数=temperature_c=200,mode=上下火；来源=原文及AI估计】将烤好的茄子从烤箱中取出，放在垫有锡纸的烤盘上，对半切开，竖划几刀使之便于入味，将步骤2中的调味料均匀地铺在茄子表面。；投入=roasted_eggplant,garlic_sauce；产出=sauced_eggplant
第13步【id=op_005_01｜时间=120秒；资源=human_1；前置=op_004_01；参数=不适用；来源=原文及AI估计】依据个人口味在茄子表面均匀地撒上辣椒粉、孜然粉、熟白芝麻。；投入=sauced_eggplant,ingredient_009,ingredient_010,ingredient_011；产出=spiced_eggplant
第14步【id=op_006_01｜时间=120秒；资源=human_1,oven_1；前置=op_005_01；参数=temperature_c=200,mode=上下火；来源=原文及AI估计】将调味后的茄子放回烤箱。；投入=spiced_eggplant；产出=reloaded_eggplant
第15步【id=op_007_01｜时间=600秒；资源=oven_1；前置=op_006_01；参数=temperature_c=200,mode=上下火；来源=原文及AI估计】按提示继续第二段烘烤。；投入=reloaded_eggplant；产出=baked_eggplant
第16步【id=op_008_01｜时间=120秒；资源=human_1,oven_1；前置=op_007_01,op_1000_01；参数=temperature_c=200,mode=上下火；来源=原文及AI估计】烘烤完成后取出，撒上葱花趁热食用。；投入=baked_eggplant,scallion；产出=finished
第17步【id=op_999_01｜时间=60秒；资源=human_1；前置=op_008_01；参数=不适用；来源=原文及AI估计】确认全部必需分支完成并装盘上桌；投入=finished；产出=finaldish"
"58e70b139f6429675ec8060c","葱香土豆泥","A料：土豆400~500g；B料：小葱2根；大葱半根；食用油2汤匙；盐1/2茶匙；黑胡椒粉1/4茶匙；鸡精1/2茶匙","第1步【id=op_001_01｜时间=120秒；资源=human_1；前置=无；参数=不适用；来源=原文及AI估计】将A中的土豆洗净，削皮，切成约0.2cm的薄片，均匀铺在附送的无孔盘中。；投入=ingredient_001；产出=potato_slices
第2步【id=op_002_01｜时间=60秒；资源=human_1,steam_oven_1；前置=op_001_01；参数=temperature_c=100,mode=普通蒸；来源=原文及AI估计】设置设备程序/补水；葱香土豆泥；投入=无食物投入；产出=无食物产出
第3步【id=op_002_02｜时间=300秒；资源=steam_oven_1；前置=op_002_01；参数=temperature_c=100,mode=普通蒸；来源=原文及AI估计】预热/升温；葱香土豆泥；投入=无食物投入；产出=无食物产出
第4步【id=op_002_03｜时间=60秒；资源=human_1,steam_oven_1；前置=op_002_02,op_001_01；参数=temperature_c=100,mode=普通蒸；来源=原文及AI估计】装入本步骤食材；投入=potato_slices；产出=flow_002_00_00
第5步【id=op_002_04｜时间=1200秒；资源=steam_oven_1；前置=op_002_03；参数=temperature_c=100,mode=普通蒸；来源=原文及AI估计】放入设备第2层，开启电源，取出水箱加满水，选择“开始烹饪”按键，按屏幕提示操作。；投入=flow_002_00_00；产出=steamed_potato
第6步【id=op_003_01｜时间=30秒；资源=human_1,steam_oven_1；前置=op_002_04；参数=temperature_c=100,mode=普通蒸；来源=原文及AI估计】烹饪结束后取出土豆片。；投入=steamed_potato；产出=unloaded_potato
第7步【id=op_004_01｜时间=600秒；资源=无独占资源；前置=op_003_01；参数=不适用；来源=原文及AI估计】将土豆片晾凉。；投入=unloaded_potato；产出=cooled_potato
第8步【id=op_005_01｜时间=120秒；资源=human_1；前置=op_004_01；参数=不适用；来源=原文及AI估计】将土豆片捣成土豆泥。；投入=cooled_potato；产出=mashed_potato
第9步【id=op_006_01｜时间=120秒；资源=human_1；前置=op_005_01；参数=不适用；来源=原文及AI估计】将B中的小葱切成葱花，大葱切成4段。；投入=ingredient_002,ingredient_003；产出=scallion,leek
第10步【id=op_007_01｜时间=300秒；资源=human_1,stove_choice；前置=op_006_01,op_005_01；参数=power_level=2；来源=原文及AI估计】将炒锅烧热，倒入B中的食用油，待油温升至七成热（略微冒烟）时放入大葱煸炒，葱香味出来后夹出，改用小火，将土豆泥倒入锅中，加入盐、黑胡椒粉、鸡精翻炒均匀即可，最后加入葱花，起锅装盘，趁热食用。；投入=mashed_potato,scallion,leek,ingredient_004,ingredient_005,ingredient_006,ingredient_007；产出=flow_007_00_00,flow_007_00_01,flow_007_00_02,flow_007_00_03,flow_007_00_04,flow_007_00_05,flow_007_00_06
第11步【id=op_8000_01｜时间=60秒；资源=human_1,stove_choice；前置=op_007_01；参数=power_level=7；来源=原文及AI估计】本次加工结束，移出食物并释放设备；投入=flow_007_00_00,flow_007_00_01,flow_007_00_02,flow_007_00_03,flow_007_00_04,flow_007_00_05,flow_007_00_06；产出=finished
第12步【id=op_999_01｜时间=60秒；资源=human_1；前置=op_8000_01；参数=不适用；来源=原文及AI估计】确认全部必需分支完成并装盘上桌；投入=finished；产出=finaldish"
"6528fad345256c3ad7c2638b","酿莴苣","主料：莴苣300克；肉末70克；辅料：生姜10克；大葱10克；小葱2根；食用油10毫升；香油5毫升；生抽10毫升；食盐3克；生粉10克","第1步【id=op_002_01｜时间=180秒；资源=human_1；前置=无；参数=不适用；来源=原文及AI估计】莴苣去皮，切成3厘米左右的莴苣段。；投入=ingredient_001；产出=lettuce_segments
第2步【id=op_003_01｜时间=120秒；资源=human_1；前置=op_002_01；参数=不适用；来源=原文及AI估计】将莴苣段用小刀掏成底部边缘大致为3毫米左右的空心状，备用。；投入=lettuce_segments；产出=lettuce_cups
第3步【id=op_004_01｜时间=120秒；资源=human_1；前置=op_003_01；参数=不适用；来源=原文及AI估计】生姜、大葱、小葱都切末。；投入=ingredient_003,ingredient_004,ingredient_005；产出=aromatics
第4步【id=op_005_01｜时间=120秒；资源=human_1；前置=op_004_01；参数=不适用；来源=原文及AI估计】肉末至大碗中，加入姜末、葱末。；投入=ingredient_002,aromatics；产出=aromatic_meat
第5步【id=op_006_01｜时间=30秒；资源=human_1；前置=op_005_01；参数=不适用；来源=原文及AI估计】倒入食用油、食盐、生抽、生粉。；投入=aromatic_meat,ingredient_006,ingredient_008,ingredient_009,ingredient_010；产出=seasoned_meat
第6步【id=op_007_01｜时间=120秒；资源=human_1；前置=op_006_01；参数=不适用；来源=原文及AI估计】将其搅拌均匀，制成肉馅。；投入=seasoned_meat；产出=filling
第7步【id=op_008_01｜时间=120秒；资源=human_1；前置=op_007_01,op_003_01；参数=不适用；来源=原文及AI估计】将肉馅酿到莴苣段中，稍鼓起。；投入=lettuce_cups,filling；产出=stuffed_lettuce
第8步【id=op_009_01｜时间=60秒；资源=human_1,steam_oven_1；前置=op_008_01；参数=temperature_c=100,mode=普通蒸；来源=原文及AI估计】设置设备程序/补水；酿莴苣；投入=无食物投入；产出=无食物产出
第9步【id=op_009_02｜时间=300秒；资源=steam_oven_1；前置=op_009_01；参数=temperature_c=100,mode=普通蒸；来源=原文及AI估计】预热/升温；酿莴苣；投入=无食物投入；产出=无食物产出
第10步【id=op_009_03｜时间=60秒；资源=human_1,steam_oven_1；前置=op_009_02,op_008_01；参数=temperature_c=100,mode=普通蒸；来源=原文及AI估计】装入本步骤食材；投入=stuffed_lettuce；产出=flow_008_00_00
第11步【id=op_009_04｜时间=900秒；资源=steam_oven_1；前置=op_009_03；参数=temperature_c=100,mode=普通蒸；来源=原文及AI估计】将莴苣放入方太智能烹饪设备，开启电源，取出水箱加满水，选择“开始烹饪”按键，按屏幕提示操作。；投入=flow_008_00_00；产出=steamed_lettuce
第12步【id=op_010_01｜时间=30秒；资源=human_1,steam_oven_1；前置=op_009_04；参数=temperature_c=100,mode=普通蒸；来源=原文及AI估计】蒸好取出，淋上香油。；投入=steamed_lettuce,ingredient_007；产出=finished
第13步【id=op_999_01｜时间=60秒；资源=human_1；前置=op_010_01；参数=不适用；来源=原文及AI估计】确认全部必需分支完成并装盘上桌；投入=finished；产出=finaldish"
"65795251c458a177d8438e01","虾米豆豉蒸排骨","主料：排骨300克；辅料：油豆腐20克；虾米豆豉酱20克；生抽10克；料酒10克；生粉5克；砂糖3克；麻油2克；胡椒粉2克","第1步【id=op_002_01｜时间=60秒；资源=human_1；前置=无；参数=不适用；来源=原文及AI估计】排骨放入盆中冲洗；投入=ingredient_001；产出=flow_001_00_00
第2步【id=op_002_02｜时间=480秒；资源=无独占资源；前置=op_002_01；参数=不适用；来源=原文及AI估计】清水浸洗排骨；投入=flow_001_00_00；产出=flow_001_01_00
第3步【id=op_002_03｜时间=60秒；资源=human_1；前置=op_002_02；参数=不适用；来源=原文及AI估计】复洗并沥干排骨；投入=flow_001_01_00；产出=washed_ribs
第4步【id=op_003_01｜时间=120秒；资源=human_1；前置=op_002_03；参数=不适用；来源=原文及AI估计】油豆腐切半备用。；投入=ingredient_002；产出=tofu
第5步【id=op_004_01｜时间=120秒；资源=human_1；前置=op_003_01,op_002_03；参数=不适用；来源=原文及AI估计】排骨中加入虾米豆豉酱、生抽、料酒、砂糖、胡椒粉、麻油及生粉拌匀。；投入=washed_ribs,ingredient_003,ingredient_004,ingredient_005,ingredient_006,ingredient_007,ingredient_008,ingredient_009；产出=seasoned_ribs
第6步【id=op_005_01｜时间=600秒；资源=fridge_cold_1；前置=op_004_01；参数=temperature_c=4,mode=冷藏；来源=原文及AI估计】将拌好调料的排骨腌制。；投入=seasoned_ribs；产出=marinated_ribs
第7步【id=op_006_01｜时间=120秒；资源=human_1；前置=op_005_01,op_003_01；参数=不适用；来源=原文及AI估计】在蒸碟上放上油豆腐及排骨。；投入=marinated_ribs,tofu；产出=plated_ribs
第8步【id=op_007_01｜时间=60秒；资源=human_1,steam_oven_1；前置=op_006_01；参数=temperature_c=100,mode=普通蒸；来源=原文及AI估计】设置设备程序/补水；虾米豆豉蒸排骨；投入=无食物投入；产出=无食物产出
第9步【id=op_007_02｜时间=300秒；资源=steam_oven_1；前置=op_007_01；参数=temperature_c=100,mode=普通蒸；来源=原文及AI估计】预热/升温；虾米豆豉蒸排骨；投入=无食物投入；产出=无食物产出
第10步【id=op_007_03｜时间=60秒；资源=human_1,steam_oven_1；前置=op_007_02,op_006_01；参数=temperature_c=100,mode=普通蒸；来源=原文及AI估计】装入本步骤食材；投入=plated_ribs；产出=flow_006_00_00
第11步【id=op_007_04｜时间=1500秒；资源=steam_oven_1；前置=op_007_03；参数=temperature_c=100,mode=普通蒸；来源=原文及AI估计】放入方太智能烹饪设备，开启电源，取出水箱加满水，选择“开始烹饪”按键，按屏幕提示操作。；投入=flow_006_00_00；产出=flow_006_01_00
第12步【id=op_8000_01｜时间=60秒；资源=human_1,steam_oven_1；前置=op_007_04；参数=temperature_c=100,mode=普通蒸；来源=原文及AI估计】本次加工结束，移出食物并释放设备；投入=flow_006_01_00；产出=finished
第13步【id=op_999_01｜时间=60秒；资源=human_1；前置=op_8000_01；参数=不适用；来源=原文及AI估计】确认全部必需分支完成并装盘上桌；投入=finished；产出=finaldish"
"64706f256f734220a4e24b47","祛寒羊肉汤","主料：羊肋排500克；红枣80克；桂圆80克；陈皮5克；枸杞15克；淮山20克；清水1.5L；生姜100克","第1步【id=op_1000_01｜时间=120秒；资源=human_1；前置=无；参数=不适用；来源=原文及AI估计】生姜洗净切片，分作焯水与炖汤两部分。；投入=ingredient_008；产出=ginger_slices
第2步【id=op_001_01｜时间=600秒；资源=human_1,stove_choice；前置=op_1000_01；参数=power_level=7；来源=原文及AI估计】准备食材，将羊肋排及部分姜片一起放入锅中进行焯水，备用。；投入=ingredient_001,ginger_slices；产出=blanched_lamb
第3步【id=op_002_01｜时间=30秒；资源=human_1,stove_choice；前置=op_001_01,op_1000_01；参数=power_level=7；来源=原文及AI估计】取一个砂锅，将所有原料依次放入砂锅中。；投入=blanched_lamb,ginger_slices,ingredient_002,ingredient_003,ingredient_004,ingredient_005,ingredient_006；产出=flow_003_00_00,flow_003_00_01,flow_003_00_02,flow_003_00_03,flow_003_00_04,flow_003_00_05,flow_003_00_06
第4步【id=op_8000_01｜时间=60秒；资源=human_1,stove_choice；前置=op_002_01；参数=power_level=7；来源=原文及AI估计】本次加工结束，移出食物并释放设备；投入=flow_003_00_00,flow_003_00_01,flow_003_00_02,flow_003_00_03,flow_003_00_04,flow_003_00_05,flow_003_00_06；产出=soup_solids
第5步【id=op_003_01｜时间=120秒；资源=human_1；前置=op_8000_01；参数=不适用；来源=原文及AI估计】加入清水。；投入=soup_solids,ingredient_007；产出=uncooked_soup
第6步【id=op_004_01｜时间=30秒；资源=human_1；前置=op_003_01；参数=不适用；来源=原文及AI估计】将装有食材的盘子放入蒸烤架/蒸烤盘。；投入=uncooked_soup；产出=loaded_soup
第7步【id=op_005_01｜时间=60秒；资源=human_1,steam_oven_1；前置=op_004_01；参数=temperature_c=100,mode=普通蒸；来源=原文及AI估计】设置设备程序/补水；祛寒羊肉汤；投入=无食物投入；产出=无食物产出
第8步【id=op_005_02｜时间=300秒；资源=steam_oven_1；前置=op_005_01；参数=temperature_c=100,mode=普通蒸；来源=原文及AI估计】预热/升温；祛寒羊肉汤；投入=无食物投入；产出=无食物产出
第9步【id=op_005_03｜时间=60秒；资源=human_1,steam_oven_1；前置=op_005_02,op_004_01；参数=temperature_c=100,mode=普通蒸；来源=原文及AI估计】装入本步骤食材；投入=loaded_soup；产出=flow_006_00_00
第10步【id=op_005_04｜时间=7200秒；资源=steam_oven_1；前置=op_005_03；参数=temperature_c=100,mode=普通蒸；来源=原文及AI估计】开启电源，取出水箱加满水，将蒸烤盘/蒸烤架放入中间层，选择【开始烹饪】按键，按屏幕提示操作即可。；投入=flow_006_00_00；产出=flow_006_01_00
第11步【id=op_8001_01｜时间=60秒；资源=human_1,steam_oven_1；前置=op_005_04；参数=temperature_c=100,mode=普通蒸；来源=原文及AI估计】本次加工结束，移出食物并释放设备；投入=flow_006_01_00；产出=cooked_soup
第12步【id=op_006_01｜时间=120秒；资源=human_1；前置=op_8001_01；参数=不适用；来源=原文及AI估计】烹饪完成，可根据个人口味加入适量盐调味后，即可享用。；投入=cooked_soup；产出=finished
第13步【id=op_999_01｜时间=60秒；资源=human_1；前置=op_006_01；参数=不适用；来源=原文及AI估计】确认全部必需分支完成并装盘上桌；投入=finished；产出=finaldish"
"5c860d6298d5bc7e184a907c","雪媚娘","A料：糯米粉30克；B料：糯米粉100克；鹰粟粉（玉米淀粉）30克；白砂糖50克；牛奶170克；黄油20克；C料：淡奶油170克；细砂糖17克；D料：大芒果1个","第1步【id=op_001_01｜时间=30秒；资源=human_1,stove_choice；前置=无；参数=power_level=7；来源=原文及AI估计】30克糯米粉倒入干净炒锅；投入=ingredient_001；产出=flow_001_00_00
第2步【id=op_001_02｜时间=240秒；资源=human_1,stove_choice；前置=op_001_01；参数=power_level=7；来源=原文及AI估计】慢火连续翻炒手粉至微黄；投入=flow_001_00_00；产出=flow_001_01_00
第3步【id=op_001_03｜时间=30秒；资源=human_1,stove_choice；前置=op_001_02；参数=power_level=7；来源=原文及AI估计】关火盛出手粉；投入=flow_001_01_00；产出=cooked_flour
第4步【id=op_003_01｜时间=120秒；资源=human_1；前置=op_001_03；参数=不适用；来源=原文及AI估计】将B中原料糯米粉、鹰粟粉、白砂糖、牛奶混合均匀成无颗粒的粉浆。；投入=ingredient_002,ingredient_003,ingredient_004,ingredient_005；产出=batter
第5步【id=op_004_01｜时间=60秒；资源=human_1,steam_oven_1；前置=op_003_01；参数=temperature_c=100,mode=普通蒸；来源=原文及AI估计】设置设备程序/补水；雪媚娘；投入=无食物投入；产出=无食物产出
第6步【id=op_004_02｜时间=300秒；资源=steam_oven_1；前置=op_004_01；参数=temperature_c=100,mode=普通蒸；来源=原文及AI估计】预热/升温；雪媚娘；投入=无食物投入；产出=无食物产出
第7步【id=op_004_03｜时间=60秒；资源=human_1,steam_oven_1；前置=op_004_02,op_003_01；参数=temperature_c=100,mode=普通蒸；来源=原文及AI估计】装入本步骤食材；投入=batter；产出=flow_003_00_00
第8步【id=op_004_04｜时间=1200秒；资源=steam_oven_1；前置=op_004_03；参数=temperature_c=100,mode=普通蒸；来源=原文及AI估计】将粉浆盖保鲜膜，入机器，拿出水箱装满水，选择“开始烹饪”按键，按屏幕提示操作，蒸至熟透。；投入=flow_003_00_00；产出=steamed_dough
第9步【id=op_005_01｜时间=300秒；资源=human_1,steam_oven_1；前置=op_004_04；参数=temperature_c=100,mode=普通蒸；来源=原文及AI估计】取出蒸熟粉浆，趁热加入黄油，揉成光滑面团，封保鲜膜。；投入=steamed_dough,ingredient_006；产出=butter_dough
第10步【id=op_006_01｜时间=3600秒；资源=fridge_cold_1；前置=op_005_01；参数=temperature_c=4,mode=冷藏；来源=原文及AI估计】将面团放入冰箱冷藏。；投入=butter_dough；产出=chilled_dough
第11步【id=op_007_01｜时间=480秒；资源=human_1；前置=op_006_01；参数=不适用；来源=原文及AI估计】此时，将大芒果去皮切丁，C中原料淡奶油加白砂糖打发后装入裱花袋。；投入=ingredient_007,ingredient_008,ingredient_009；产出=whipped_cream,mango
第12步【id=op_1000_01｜时间=600秒；资源=无独占资源；前置=op_001_03；参数=不适用；来源=原文及AI估计】将炒熟手粉放凉至室温，供撒粉擀皮。；投入=cooked_flour；产出=cooled_flour
第13步【id=op_008_01｜时间=480秒；资源=human_1；前置=op_007_01,op_1000_01,op_006_01；参数=不适用；来源=原文及AI估计】在料理台上撒上手粉，取出面团分成小块，25g每块，压平，擀成薄薄的面皮。；投入=chilled_dough,cooled_flour；产出=wrappers
第14步【id=op_009_01｜时间=720秒；资源=human_1；前置=op_008_01,op_007_01；参数=不适用；来源=原文及AI估计】将面皮放在手心，挤出少量奶油在面皮中央垫底，铺上芒果肉丁，再挤一层奶油然后像包包子一样收口包好，光滑面朝上放在纸杯里即可。；投入=wrappers,whipped_cream,mango；产出=finished
第15步【id=op_999_01｜时间=60秒；资源=human_1；前置=op_009_01；参数=不适用；来源=原文及AI估计】确认全部必需分支完成并装盘上桌；投入=finished；产出=finaldish"
"5d565e87a9114174727c8bad","半熟芝士蛋糕","A料：芝士200克；牛奶100毫升；玉米淀粉20克；低筋面粉25克；黄油60克；蛋黄75克；细砂糖110克；蛋白105克","第1步【id=op_001_01｜时间=120秒；资源=human_1,stove_choice；前置=无；参数=power_level=7；来源=原文及AI估计】锅置火上，倒入牛奶和黄油，拌匀至溶化。；投入=ingredient_002,ingredient_005；产出=milk_butter
第2步【id=op_002_01｜时间=180秒；资源=human_1,stove_choice；前置=op_001_01；参数=power_level=2；来源=原文及AI估计】放入芝士，开小火，拌匀，略煮，至材料完全融合。；投入=milk_butter,ingredient_001；产出=flow_002_00_00,flow_002_00_01
第3步【id=op_8000_01｜时间=60秒；资源=human_1,stove_choice；前置=op_002_01；参数=power_level=7；来源=原文及AI估计】本次加工结束，移出食物并释放设备；投入=flow_002_00_00,flow_002_00_01；产出=cheese_mixture
第4步【id=op_003_01｜时间=30秒；资源=human_1；前置=op_8000_01；参数=不适用；来源=原文及AI估计】关火。；投入=cheese_mixture；产出=offheat_cheese
第5步【id=op_004_01｜时间=1200秒；资源=无独占资源；前置=op_003_01；参数=不适用；来源=原文及AI估计】将材料放凉。；投入=offheat_cheese；产出=cooled_cheese
第6步【id=op_005_01｜时间=120秒；资源=human_1；前置=op_004_01；参数=不适用；来源=原文及AI估计】倒入玉米淀粉、低筋面粉和蛋黄，搅匀制成蛋黄糊，待用。；投入=cooled_cheese,ingredient_003,ingredient_004,ingredient_006；产出=yolk_batter
第7步【id=op_006_01｜时间=30秒；资源=human_1；前置=op_005_01；参数=不适用；来源=原文及AI估计】取一容器，倒入蛋白、细砂糖。；投入=ingredient_007,ingredient_008；产出=sweet_whites
第8步【id=op_007_01｜时间=120秒；资源=human_1；前置=op_006_01；参数=不适用；来源=原文及AI估计】用电动打蛋器快速搅拌一会儿，至蛋白九分发，呈鸡尾状。；投入=sweet_whites；产出=meringue
第9步【id=op_008_01｜时间=360秒；资源=human_1；前置=op_007_01,op_005_01；参数=不适用；来源=原文及AI估计】将打发好的蛋白倒入蛋黄油中。；投入=yolk_batter,meringue；产出=combined_batter
第10步【id=op_009_01｜时间=120秒；资源=human_1；前置=op_008_01；参数=不适用；来源=原文及AI估计】搅拌匀，使材料完全融化。；投入=combined_batter；产出=mixed_batter
第11步【id=op_010_01｜时间=120秒；资源=human_1；前置=op_009_01；参数=不适用；来源=原文及AI估计】把拌好的材料注入圆形模具中，至八九分满，即成蛋糕生坯。；投入=mixed_batter；产出=molded_cake
第12步【id=op_011_01｜时间=30秒；资源=human_1,oven_1；前置=op_010_01；参数=temperature_c=170,mode=上下火；来源=原文及AI估计】将生坯放入烤盘中，再推入预热的烤箱中。；投入=molded_cake；产出=loaded_cake
第13步【id=op_012_01｜时间=600秒；资源=oven_1；前置=op_011_01；参数=temperature_c=170,mode=上下火；来源=原文及AI估计】预热/升温；半熟芝士蛋糕；投入=无食物投入；产出=无食物产出
第14步【id=op_012_02｜时间=2100秒；资源=oven_1；前置=op_012_01,op_011_01；参数=temperature_c=170,mode=上下火；来源=原文及AI估计】上下火统一170℃烤35分钟（原180/165℃的AI替代）；投入=loaded_cake；产出=baked_cake
第15步【id=op_013_01｜时间=30秒；资源=human_1,oven_1；前置=op_012_02；参数=temperature_c=170,mode=上下火；来源=原文及AI估计】打开箱门，戴上隔热手套，把烤好的蛋糕取出，脱模即可。；投入=baked_cake；产出=finished
第16步【id=op_999_01｜时间=60秒；资源=human_1；前置=op_013_01；参数=不适用；来源=原文及AI估计】确认全部必需分支完成并装盘上桌；投入=finished；产出=finaldish"
"5cc5508e01ea5c2931c919f5","黑森林蛋糕","A料：鸡蛋清2个；细砂糖32g；柠檬汁6滴；低筋面粉35g；可可粉10g；玉米淀粉6g；鸡蛋黄2个；牛奶32g；朗姆酒4g；盐0.5g；香草精2滴；玉米油20g；B料：淡奶油300g；细砂糖30g；黑樱桃15颗；红樱桃6颗；樱桃酒10g；巧克力粉20g；巧克力碎片20g","第1步【id=op_001_01｜时间=30秒；资源=human_1；前置=无；参数=不适用；来源=原文及AI估计】将2个鸡蛋的蛋清和蛋黄分开，并放入两个打蛋盆中（盛放蛋清的盆中需无水无油）。；投入=ingredient_001,ingredient_007；产出=whites,yolks
第2步【id=op_002_01｜时间=180秒；资源=human_1；前置=op_001_01；参数=不适用；来源=原文及AI估计】35g低筋面粉和6g玉米淀粉过筛，和10g可可粉混合均匀备用。；投入=ingredient_004,ingredient_005,ingredient_006；产出=dry_mix
第3步【id=op_003_01｜时间=120秒；资源=human_1；前置=op_002_01,op_001_01；参数=不适用；来源=原文及AI估计】先制作蛋黄糊，将32g牛奶、4g朗姆酒、0.5g盐，20g玉米油与盆中已有的蛋黄混匀后，加入准备好的粉类，搅拌均匀。；投入=yolks,dry_mix,ingredient_008,ingredient_009,ingredient_010,ingredient_011,ingredient_012；产出=yolk_batter
第4步【id=op_004_01｜时间=360秒；资源=human_1；前置=op_003_01,op_001_01；参数=不适用；来源=原文及AI估计】在蛋清中滴入柠檬汁，电动打蛋器调中档搅打蛋清至粗泡状态时加入1/3细砂糖（总共32g），继续搅打，并分两次加入剩下的细砂糖，将蛋白打发至干性发泡状态（即提起打蛋器，蛋白拉出坚挺的尖角）。；投入=whites,ingredient_002,ingredient_003；产出=meringue
第5步【id=op_005_01｜时间=120秒；资源=human_1；前置=op_004_01,op_003_01；参数=不适用；来源=原文及AI估计】取三分之一的蛋白加入蛋黄糊中，翻拌均匀（刮刀从底部往上翻拌，不要花圈搅拌），再将面糊倒入剩余的蛋白中，翻拌均匀，倒入蛋糕模具中。；投入=yolk_batter,meringue；产出=batter
第6步【id=op_006_01｜时间=120秒；资源=human_1；前置=op_005_01；参数=不适用；来源=原文及AI估计】（在操作台上将模具从三四十厘米的高度震出气泡）。；投入=batter；产出=degassed_batter
第7步【id=op_007_01｜时间=60秒；资源=human_1,oven_1；前置=op_006_01；参数=temperature_c=170,mode=上下火；来源=原文及AI估计】设置设备程序/补水；黑森林蛋糕；投入=无食物投入；产出=无食物产出
第8步【id=op_007_02｜时间=600秒；资源=oven_1；前置=op_007_01；参数=temperature_c=170,mode=上下火；来源=原文及AI估计】预热/升温；黑森林蛋糕；投入=无食物投入；产出=无食物产出
第9步【id=op_007_03｜时间=60秒；资源=human_1,oven_1；前置=op_007_02,op_006_01；参数=temperature_c=170,mode=上下火；来源=原文及AI估计】装入本步骤食材；投入=degassed_batter；产出=flow_007_00_00
第10步【id=op_007_04｜时间=2100秒；资源=oven_1；前置=op_007_03；参数=temperature_c=170,mode=上下火；来源=原文及AI估计】将烤盘放入烤箱第二层，选择“开始烹饪”按键，按屏幕提示操作。；投入=flow_007_00_00；产出=baked_cake
第11步【id=op_008_01｜时间=30秒；资源=human_1,oven_1；前置=op_007_04；参数=temperature_c=170,mode=上下火；来源=原文及AI估计】烘烤结束后取出模具，倒扣在烤架上。；投入=baked_cake；产出=inverted_cake
第12步【id=op_009_01｜时间=3600秒；资源=无独占资源；前置=op_008_01；参数=不适用；来源=原文及AI估计】将蛋糕充分晾凉。；投入=inverted_cake；产出=cooled_cake
第13步【id=op_010_01｜时间=180秒；资源=human_1；前置=op_009_01；参数=不适用；来源=原文及AI估计】将脱模后的蛋糕坯用面包刀切去表皮后，均匀横切成两份（或三份）。；投入=cooled_cake；产出=bottom_layer,top_layer
第14步【id=op_011_01｜时间=300秒；资源=human_1；前置=op_010_01；参数=不适用；来源=原文及AI估计】将30g细砂糖分三次加入300g淡奶油，打发至固体状备用。；投入=ingredient_013,ingredient_014；产出=cream
第15步【id=op_012_01｜时间=240秒；资源=human_1；前置=op_011_01,op_010_01；参数=不适用；来源=原文及AI估计】取一片蛋糕坯放裱花台，用硅胶刷刷樱桃酒，再抹奶油；将黑樱桃对半切开。；投入=bottom_layer,cream,ingredient_015,ingredient_017；产出=base,black_cherries
第16步【id=op_014_01｜时间=420秒；资源=human_1；前置=op_012_01,op_010_01,op_011_01；参数=不适用；来源=原文及AI估计】将黑樱桃均匀铺在奶油上，用奶油抹平；铺上第二片蛋糕，用奶油抹匀整个蛋糕表面。；投入=base,black_cherries,top_layer,cream；产出=assembled
第17步【id=op_015_01｜时间=600秒；资源=human_1；前置=op_014_01,op_011_01；参数=不适用；来源=原文及AI估计】将巧克力粉均匀的洒在蛋糕的侧面，用巧克力碎片铺在蛋糕表面，将剩余的奶油装进裱花袋，在蛋糕表面挤出六个花型，再将六个红樱桃放在花上即可。；投入=assembled,cream,ingredient_016,ingredient_018,ingredient_019；产出=decorated
第18步【id=op_016_01｜时间=7200秒；资源=fridge_cold_1；前置=op_015_01；参数=temperature_c=4,mode=冷藏；来源=原文及AI估计】将装饰完成的蛋糕放入冰箱冷藏后食用。；投入=decorated；产出=finished
第19步【id=op_999_01｜时间=60秒；资源=human_1；前置=op_016_01；参数=不适用；来源=原文及AI估计】确认全部必需分支完成并装盘上桌；投入=finished；产出=finaldish"
"5fe1975b5f8f38795ea6fe81","双椒鳙鱼头（台式）","A料：鳙鱼头1个（约400-750g）；B料：大葱2段；生姜2片；盐1/2茶匙；料酒2汤匙；C料：食用油2汤匙；生姜2片；蒜2瓣；大蒜叶1根；豆豉2汤匙；青剁椒4汤匙；红剁椒4汤匙；盐1/4茶匙；水2汤匙；料酒1汤匙；淀粉水1汤匙；D料：辣椒油2汤匙","第1步【id=op_001_01｜时间=480秒；资源=human_1；前置=无；参数=不适用；来源=原文及AI估计】将鳙鱼头去除鱼鳞、鱼鳃和内脏，洗净并沥干水分，再沿着背鳍将鱼头对半劈开，鱼背肉厚处片刀。；投入=ingredient_001；产出=cleaned_fish
第2步【id=op_002_01｜时间=120秒；资源=human_1；前置=op_001_01；参数=不适用；来源=原文及AI估计】将B中的葱段、姜片放在鱼盘底部，放入鳙鱼头，将盐均匀抹在鱼头上，倒入料酒。；投入=cleaned_fish,ingredient_002,ingredient_003,ingredient_004,ingredient_005；产出=seasoned_fish
第3步【id=op_003_01｜时间=600秒；资源=fridge_cold_1；前置=op_002_01；参数=temperature_c=4,mode=冷藏；来源=原文及AI估计】腌制10分钟。；投入=seasoned_fish；产出=marinated_fish
第4步【id=op_004_01｜时间=240秒；资源=human_1；前置=op_003_01；参数=不适用；来源=原文及AI估计】将C中的姜切末，蒜切片，大蒜叶切段。；投入=ingredient_007,ingredient_008,ingredient_009；产出=ginger,garlic,leaves
第5步【id=op_005_01｜时间=30秒；资源=human_1,stove_choice；前置=op_004_01；参数=power_level=7；来源=原文及AI估计】锅中加入双椒酱原配方油与辅料；投入=ginger,garlic,leaves,ingredient_002,ingredient_006,ingredient_010,ingredient_011,ingredient_012,ingredient_013,ingredient_014,ingredient_015,ingredient_016；产出=flow_005_00_00,flow_005_00_01,flow_005_00_02,flow_005_00_03,flow_005_00_04,flow_005_00_05,flow_005_00_06,flow_005_00_07,flow_005_00_08,flow_005_00_09,flow_005_00_10,flow_005_00_11
第6步【id=op_005_02｜时间=300秒；资源=human_1,stove_choice；前置=op_005_01；参数=power_level=7；来源=原文及AI估计】煸炒双椒葱姜蒜豆豉并按原配方调味勾芡；投入=flow_005_00_00,flow_005_00_01,flow_005_00_02,flow_005_00_03,flow_005_00_04,flow_005_00_05,flow_005_00_06,flow_005_00_07,flow_005_00_08,flow_005_00_09,flow_005_00_10,flow_005_00_11；产出=hot_pepper_sauce
第7步【id=op_005_03｜时间=30秒；资源=human_1,stove_choice；前置=op_005_02,op_003_01；参数=power_level=7；来源=原文及AI估计】关火后将热双椒酱淋在腌好鱼头上；投入=hot_pepper_sauce,marinated_fish；产出=sauced_fish
第8步【id=op_006_01｜时间=90秒；资源=human_1,steam_oven_1；前置=op_005_03；参数=temperature_c=100,mode=普通蒸；来源=原文及AI估计】将鱼盘放在有孔蒸盘上，放入机器中间层，取出水箱加满水。；投入=sauced_fish；产出=loaded_fish
第9步【id=op_007_01｜时间=60秒；资源=human_1,steam_oven_1；前置=op_006_01；参数=temperature_c=100,mode=普通蒸；来源=原文及AI估计】设置设备程序/补水；双椒鳙鱼头（台式）；投入=无食物投入；产出=无食物产出
第10步【id=op_007_02｜时间=300秒；资源=steam_oven_1；前置=op_007_01；参数=temperature_c=100,mode=普通蒸；来源=原文及AI估计】预热/升温；双椒鳙鱼头（台式）；投入=无食物投入；产出=无食物产出
第11步【id=op_007_03｜时间=900秒；资源=steam_oven_1；前置=op_007_02,op_006_01；参数=temperature_c=100,mode=普通蒸；来源=原文及AI估计】选择“开始烹饪”按键，按屏幕提示操作。；投入=loaded_fish；产出=steamed_fish
第12步【id=op_008_01｜时间=60秒；资源=human_1,steam_oven_1；前置=op_007_03；参数=temperature_c=100,mode=普通蒸；来源=原文及AI估计】取出蒸好的鱼头；投入=steamed_fish；产出=plated_fish
第13步【id=op_008_02｜时间=30秒；资源=human_1,stove_choice；前置=op_008_01；参数=power_level=7；来源=原文及AI估计】向锅中加入辣椒油；投入=ingredient_017；产出=flow_010_00_00
第14步【id=op_008_03｜时间=90秒；资源=stove_choice；前置=op_008_02；参数=power_level=7；来源=原文及AI估计】加热辣椒油；投入=flow_010_00_00；产出=hot_chili_oil
第15步【id=op_008_04｜时间=60秒；资源=human_1,stove_choice；前置=op_008_03,op_008_01；参数=power_level=7；来源=原文及AI估计】关火后将热油淋在鱼身；投入=plated_fish,hot_chili_oil；产出=finished
第16步【id=op_999_01｜时间=60秒；资源=human_1；前置=op_008_04；参数=不适用；来源=原文及AI估计】确认全部必需分支完成并装盘上桌；投入=finished；产出=finaldish"
"5fc5f9e15f8f38795ea6fca6","广式叉烧","A料：猪眉子肉（猪里脊肉）400克；B料：老抽10克；生抽15克；红腐乳40克；细砂糖40克；五香粉1克；蒜蓉5克；蚝油25克；红糟或红腐乳汁18克；酸梅酱10克","第1步【id=op_001_01｜时间=120秒；资源=human_1；前置=无；参数=不适用；来源=原文及AI估计】用肉针（肉锤）在猪肉的正反两面扎孔（捶打），再将猪肉切成厚约 2cm，宽约 6cm 的长条肉。；投入=ingredient_001；产出=pork_strips
第2步【id=op_002_01｜时间=120秒；资源=human_1；前置=op_001_01；参数=不适用；来源=原文及AI估计】将B中所有酱料全部倒入碗内，搅拌至完全均匀即成叉烧酱,均匀涂抹在肉块表面。；投入=pork_strips,ingredient_002,ingredient_003,ingredient_004,ingredient_005,ingredient_006,ingredient_007,ingredient_008,ingredient_009,ingredient_010；产出=coated_pork
第3步【id=op_003_01｜时间=360秒；资源=human_1；前置=op_001_01,op_002_01；参数=不适用；来源=原文及AI估计】将肉块与腌料 B 揉捏均匀。；投入=coated_pork；产出=rubbed_pork
第4步【id=op_004_01｜时间=30秒；资源=human_1；前置=op_003_01；参数=不适用；来源=原文及AI估计】装入保鲜袋中放入冰箱。；投入=rubbed_pork；产出=bagged_pork
第5步【id=op_005_01｜时间=86400秒；资源=fridge_cold_1；前置=op_004_01；参数=temperature_c=4,mode=冷藏；来源=原文及AI估计】冷藏24小时以上使之充分入味。；投入=bagged_pork；产出=chilled_pork
第6步【id=op_006_01｜时间=30秒；资源=human_1；前置=op_005_01；参数=不适用；来源=原文及AI估计】将腌制好的肉从冰箱取出，沥去多余腌汁。；投入=chilled_pork；产出=drained_pork
第7步【id=op_007_01｜时间=1800秒；资源=无独占资源；前置=op_006_01；参数=不适用；来源=原文及AI估计】等待肉块恢复至常温。；投入=drained_pork；产出=tempered_pork
第8步【id=op_008_01｜时间=120秒；资源=human_1；前置=op_007_01；参数=不适用；来源=原文及AI估计】烤架放在垫有锡纸的烤盘上，将肉块放在烤架上。；投入=tempered_pork；产出=loaded_pork
第9步【id=op_009_01｜时间=60秒；资源=human_1,oven_1；前置=op_008_01；参数=temperature_c=190,mode=上下火；来源=原文及AI估计】设置设备程序/补水；广式叉烧；投入=无食物投入；产出=无食物产出
第10步【id=op_009_02｜时间=600秒；资源=oven_1；前置=op_009_01；参数=temperature_c=190,mode=上下火；来源=原文及AI估计】预热/升温；广式叉烧；投入=无食物投入；产出=无食物产出
第11步【id=op_009_03｜时间=2100秒；资源=oven_1；前置=op_009_02,op_008_01；参数=temperature_c=190,mode=上下火；来源=原文及AI估计】选择“开始烹饪”按键，按屏幕提示操作。；投入=loaded_pork；产出=flow_009_00_00
第12步【id=op_8000_01｜时间=60秒；资源=human_1,oven_1；前置=op_009_03；参数=temperature_c=190,mode=上下火；来源=原文及AI估计】本次加工结束，移出食物并释放设备；投入=flow_009_00_00；产出=finished
第13步【id=op_999_01｜时间=60秒；资源=human_1；前置=op_8000_01；参数=不适用；来源=原文及AI估计】确认全部必需分支完成并装盘上桌；投入=finished；产出=finaldish"
"5ff6ba8163f7535cecbfa247","碳烤基围虾","A料：基围虾500克；洋葱半个；B料：盐1克；料酒15克；孜然粒2克；粗辣椒粉5克；食用油30克；黑胡椒汁15克；海鲜酱10克；蚝油5克；生抽5克；老抽5克；白糖5克；鸡粉5克","第1步【id=op_002_01｜时间=240秒；资源=human_1,stove_choice；前置=无；参数=power_level=2；来源=原文及AI估计】不粘锅锅内放入孜然粒，粗辣椒粉用小火炒香，再倒入食用油烧热关火，放入黑胡椒汁、海鲜酱、蚝油、生抽、老抽、白糖、鸡粉调匀即可，取出倒入深碗内备用。；投入=ingredient_005,ingredient_006,ingredient_007,ingredient_008,ingredient_009,ingredient_010,ingredient_011,ingredient_012,ingredient_013,ingredient_014；产出=barbecue_sauce
第2步【id=op_003_01｜时间=420秒；资源=human_1；前置=op_002_01；参数=不适用；来源=原文及AI估计】将基尾虾洗净，剪去虾须、虾脚，用剪刀剪开虾背、挑去虾线，加入盐和料酒。；投入=ingredient_001,ingredient_003,ingredient_004；产出=seasoned_shrimp
第3步【id=op_004_01｜时间=600秒；资源=fridge_cold_1；前置=op_003_01；参数=temperature_c=4,mode=冷藏；来源=原文及AI估计】腌制10分钟。；投入=seasoned_shrimp；产出=marinated_shrimp
第4步【id=op_005_01｜时间=120秒；资源=human_1；前置=op_004_01；参数=不适用；来源=原文及AI估计】将洋葱去掉外皮，用刀切成洋葱粗丝备用。；投入=ingredient_002；产出=onion
第5步【id=op_006_01｜时间=120秒；资源=human_1；前置=op_005_01；参数=不适用；来源=原文及AI估计】蒸烤盘内铺上硅油纸，再将洋葱丝平铺在硅油纸上备用。；投入=onion；产出=onion_bed
第6步【id=op_007_01｜时间=120秒；资源=human_1；前置=op_006_01,op_004_01,op_002_01；参数=不适用；来源=原文及AI估计】将制作好的碳烧汁酱料，与基尾虾拌匀即可，置于洋葱丝上面。；投入=marinated_shrimp,barbecue_sauce,onion_bed；产出=loaded_shrimp
第7步【id=op_008_01｜时间=60秒；资源=human_1,oven_1；前置=op_007_01；参数=temperature_c=200,mode=上下火；来源=原文及AI估计】设置设备程序/补水；碳烤基围虾；投入=无食物投入；产出=无食物产出
第8步【id=op_008_02｜时间=600秒；资源=oven_1；前置=op_008_01；参数=temperature_c=200,mode=上下火；来源=原文及AI估计】预热/升温；碳烤基围虾；投入=无食物投入；产出=无食物产出
第9步【id=op_008_03｜时间=900秒；资源=oven_1；前置=op_008_02,op_007_01；参数=temperature_c=200,mode=上下火；来源=原文及AI估计】开启电源，选择“开始烹饪”按键，按屏幕提示操作。；投入=loaded_shrimp；产出=flow_007_00_00
第10步【id=op_8001_01｜时间=60秒；资源=human_1,oven_1；前置=op_008_03；参数=temperature_c=200,mode=上下火；来源=原文及AI估计】本次加工结束，移出食物并释放设备；投入=flow_007_00_00；产出=finished
第11步【id=op_999_01｜时间=60秒；资源=human_1；前置=op_8001_01；参数=不适用；来源=原文及AI估计】确认全部必需分支完成并装盘上桌；投入=finished；产出=finaldish"
"58e70b0e9f6429675ec805d8","清蒸鲈鱼","主料：新鲜鲈鱼500克；辅料：生姜3片；小葱2段；盐2克；料酒15克；葱丝5克；姜丝5克；蒸鱼豉油30克；食用油30克","第1步【id=op_001_01｜时间=480秒；资源=human_1；前置=无；参数=不适用；来源=原文及AI估计】将鲈鱼去鳞、鳃和内脏，洗净并沥干水分，将鱼身背部肉厚处两面各划三刀。；投入=ingredient_001；产出=cleaned_fish
第2步【id=op_002_01｜时间=120秒；资源=human_1；前置=op_001_01；参数=不适用；来源=原文及AI估计】将姜片、葱段铺在鱼盘底部，放入鱼，用盐抹匀，再倒入料酒。；投入=cleaned_fish,ingredient_002,ingredient_003,ingredient_004,ingredient_005；产出=seasoned_fish
第3步【id=op_003_01｜时间=600秒；资源=fridge_cold_1；前置=op_002_01；参数=temperature_c=4,mode=冷藏；来源=原文及AI估计】腌制10分钟。；投入=seasoned_fish；产出=marinated_fish
第4步【id=op_004_01｜时间=30秒；资源=human_1,steam_oven_1；前置=op_003_01；参数=temperature_c=100,mode=普通蒸；来源=原文及AI估计】腌制结束后，将鱼盘放在附送的有孔蒸盘或架子上，放入设备第2层。；投入=marinated_fish；产出=loaded_fish
第5步【id=op_005_01｜时间=60秒；资源=human_1,steam_oven_1；前置=op_004_01；参数=temperature_c=100,mode=普通蒸；来源=原文及AI估计】设置设备程序/补水；清蒸鲈鱼；投入=无食物投入；产出=无食物产出
第6步【id=op_005_02｜时间=300秒；资源=steam_oven_1；前置=op_005_01；参数=temperature_c=100,mode=普通蒸；来源=原文及AI估计】预热/升温；清蒸鲈鱼；投入=无食物投入；产出=无食物产出
第7步【id=op_005_03｜时间=600秒；资源=steam_oven_1；前置=op_005_02,op_004_01；参数=temperature_c=100,mode=普通蒸；来源=原文及AI估计】开启电源，取出水箱加满水，选择“开始烹饪”按键，按屏幕提示操作。；投入=loaded_fish；产出=steamed_fish
第8步【id=op_006_01｜时间=120秒；资源=human_1,steam_oven_1；前置=op_005_03；参数=temperature_c=100,mode=普通蒸；来源=原文及AI估计】烹饪结束后取出，轻轻倒掉盘内汤汁，将葱丝、姜丝撒在鲈鱼上，再均匀倒入蒸鱼豉油。；投入=steamed_fish,ingredient_006,ingredient_007,ingredient_008；产出=dressed_fish
第9步【id=op_007_01｜时间=30秒；资源=human_1,stove_choice；前置=op_006_01；参数=power_level=7；来源=原文及AI估计】向炒锅加入食用油；投入=ingredient_009；产出=flow_007_00_00
第10步【id=op_007_02｜时间=90秒；资源=stove_choice；前置=op_007_01；参数=power_level=7；来源=原文及AI估计】加热食用油；投入=flow_007_00_00；产出=hot_oil
第11步【id=op_007_03｜时间=30秒；资源=human_1,stove_choice；前置=op_007_02,op_006_01；参数=power_level=7；来源=原文及AI估计】关火后淋鱼身；投入=dressed_fish,hot_oil；产出=finished
第12步【id=op_999_01｜时间=60秒；资源=human_1；前置=op_007_03；参数=不适用；来源=原文及AI估计】确认全部必需分支完成并装盘上桌；投入=finished；产出=finaldish"
"6510fb3445256c3ad7c25c93","芝士番茄土豆泥","主料：土豆350克；培根30克；洋葱30克；纯牛奶40毫升；辅料：食盐2克；黑胡椒粉3克；黄油20克；马苏里拉芝士碎100克；番茄半个；番茄酱20克","第1步【id=op_002_01｜时间=240秒；资源=human_1；前置=无；参数=不适用；来源=原文及AI估计】土豆清洗干净去皮切块。；投入=ingredient_001；产出=potato
第2步【id=op_003_01｜时间=570秒；资源=stove_choice；前置=op_002_01；参数=power_level=6；来源=原文及AI估计】方太灶具调至6段火（中火），煮土豆。；投入=potato；产出=flow_002_00_00
第3步【id=op_003_02｜时间=30秒；资源=human_1,stove_choice；前置=op_003_01；参数=power_level=7；来源=原文及AI估计】检查火力及原文要求的翻拌；投入=flow_002_00_00；产出=flow_002_01_00
第4步【id=op_003_03｜时间=570秒；资源=stove_choice；前置=op_003_02；参数=power_level=6；来源=原文及AI估计】方太灶具调至6段火（中火），煮土豆。；投入=flow_002_01_00；产出=flow_002_02_00
第5步【id=op_003_04｜时间=30秒；资源=human_1,stove_choice；前置=op_003_03；参数=power_level=7；来源=原文及AI估计】检查火力及原文要求的翻拌；投入=flow_002_02_00；产出=boiled_potato
第6步【id=op_004_01｜时间=180秒；资源=human_1,stove_choice；前置=op_003_04；参数=power_level=7；来源=原文及AI估计】煮好的土豆捞出，用勺子碾成土豆泥备用。；投入=boiled_potato；产出=mashed_potato
第7步【id=op_005_01｜时间=180秒；资源=human_1；前置=op_004_01；参数=不适用；来源=原文及AI估计】洋葱、培根切碎，番茄切大片。；投入=ingredient_002,ingredient_003,ingredient_009；产出=bacon_onion,tomato
第8步【id=op_006_01｜时间=180秒；资源=human_1,stove_choice；前置=op_005_01；参数=power_level=7；来源=原文及AI估计】热锅热油，将洋葱、培根倒入翻炒，炒香即可盛出。；投入=bacon_onion,ingredient_007；产出=sauteed
第9步【id=op_007_01｜时间=30秒；资源=human_1；前置=op_006_01,op_004_01；参数=不适用；来源=原文及AI估计】将洋葱、培根倒入到土豆泥中。；投入=mashed_potato,sauteed；产出=mixed_mash
第10步【id=op_008_01｜时间=120秒；资源=human_1；前置=op_007_01；参数=不适用；来源=原文及AI估计】加入食盐、黑胡椒粉、纯牛奶搅拌均匀。；投入=mixed_mash,ingredient_004,ingredient_005,ingredient_006；产出=seasoned_mash
第11步【id=op_009_01｜时间=30秒；资源=human_1；前置=op_008_01,op_005_01；参数=不适用；来源=原文及AI估计】将土豆泥装入到盘中，将番茄片平放于土豆上。；投入=seasoned_mash,tomato；产出=topped_mash
第12步【id=op_010_01｜时间=120秒；资源=human_1；前置=op_009_01；参数=不适用；来源=原文及AI估计】均匀地淋上番茄酱。；投入=topped_mash,ingredient_010；产出=sauced_mash
第13步【id=op_011_01｜时间=120秒；资源=human_1；前置=op_010_01；参数=不适用；来源=原文及AI估计】将马苏里拉芝士碎铺在表面。；投入=sauced_mash,ingredient_008；产出=cheese_mash
第14步【id=op_012_01｜时间=60秒；资源=human_1,oven_1；前置=op_011_01；参数=temperature_c=180,mode=上下火；来源=原文及AI估计】设置设备程序/补水；芝士番茄土豆泥；投入=无食物投入；产出=无食物产出
第15步【id=op_012_02｜时间=600秒；资源=oven_1；前置=op_012_01；参数=temperature_c=180,mode=上下火；来源=原文及AI估计】预热/升温；芝士番茄土豆泥；投入=无食物投入；产出=无食物产出
第16步【id=op_012_03｜时间=900秒；资源=oven_1；前置=op_012_02,op_011_01；参数=temperature_c=180,mode=上下火；来源=原文及AI估计】打开方太智能烹饪设备，选择“开始烹饪”按键，按屏幕提示操作。；投入=cheese_mash；产出=baked_mash
第17步【id=op_013_01｜时间=30秒；资源=human_1,oven_1；前置=op_012_03；参数=temperature_c=180,mode=上下火；来源=原文及AI估计】烤好后取出芝士番茄土豆泥。；投入=baked_mash；产出=finished
第18步【id=op_999_01｜时间=60秒；资源=human_1；前置=op_013_01；参数=不适用；来源=原文及AI估计】确认全部必需分支完成并装盘上桌；投入=finished；产出=finaldish"
"5d638e17a9114174727c8d77","草莓蛋挞","A料：蛋挞皮8个；牛奶200毫升；淡奶油50克；蛋黄1个；蜂蜜20克；鸡蛋1个；细砂糖40克；草莓40克","第1步【id=op_001_01｜时间=30秒；资源=human_1,stove_choice；前置=无；参数=power_level=7；来源=原文及AI估计】将牛奶倒入锅中，加入淡奶油。；投入=ingredient_002,ingredient_003；产出=dairy
第2步【id=op_002_01｜时间=30秒；资源=human_1；前置=op_001_01；参数=不适用；来源=原文及AI估计】倒入细砂糖。；投入=dairy,ingredient_007；产出=sweet_dairy
第3步【id=op_003_01｜时间=120秒；资源=human_1,stove_choice；前置=op_002_01；参数=power_level=2；来源=原文及AI估计】拌匀，用小火加热至细砂糖完全溶化。；投入=sweet_dairy；产出=flow_003_00_00
第4步【id=op_8001_01｜时间=60秒；资源=human_1,stove_choice；前置=op_003_01；参数=power_level=7；来源=原文及AI估计】本次加工结束，移出食物并释放设备；投入=flow_003_00_00；产出=hot_dairy
第5步【id=op_004_01｜时间=120秒；资源=human_1；前置=op_8001_01；参数=不适用；来源=原文及AI估计】蛋黄和鸡蛋倒入容器中，搅拌均匀。；投入=ingredient_004,ingredient_006；产出=egg_mix
第6步【id=op_005_01｜时间=120秒；资源=human_1；前置=op_004_01；参数=不适用；来源=原文及AI估计】倒入蜂蜜，混合均匀。；投入=egg_mix,ingredient_005；产出=honey_eggs
第7步【id=op_1000_01｜时间=300秒；资源=无独占资源；前置=op_8001_01；参数=不适用；来源=原文及AI估计】糖完全融化后将奶液离火降至温热，再与蛋液混合避免烫熟结块。；投入=hot_dairy；产出=warm_dairy
第8步【id=op_006_01｜时间=120秒；资源=human_1；前置=op_005_01,op_1000_01；参数=不适用；来源=原文及AI估计】将煮好的牛奶液倒入蛋液中，混合均匀，制成布丁液。；投入=warm_dairy,honey_eggs；产出=custard
第9步【id=op_007_01｜时间=180秒；资源=human_1；前置=op_006_01；参数=不适用；来源=原文及AI估计】将布丁液过筛至另一个容器中，这样可使布丁成品的口感更细腻。；投入=custard；产出=strained_custard
第10步【id=op_008_01｜时间=30秒；资源=human_1；前置=op_007_01；参数=不适用；来源=原文及AI估计】草莓切成小粒，将草莓丁逐个放入挞皮中，逐个倒入布丁液。；投入=ingredient_001,ingredient_008,strained_custard；产出=raw_tarts,garnish_berries
第11步【id=op_009_01｜时间=30秒；资源=human_1,oven_1；前置=op_008_01；参数=temperature_c=180,mode=上下火；来源=原文及AI估计】放入预热好的烤箱中。；投入=raw_tarts；产出=loaded_tarts
第12步【id=op_010_01｜时间=60秒；资源=human_1,oven_1；前置=op_009_01；参数=temperature_c=180,mode=上下火；来源=原文及AI估计】设置设备程序/补水；草莓蛋挞；投入=无食物投入；产出=无食物产出
第13步【id=op_010_02｜时间=600秒；资源=oven_1；前置=op_010_01；参数=temperature_c=180,mode=上下火；来源=原文及AI估计】预热/升温；草莓蛋挞；投入=无食物投入；产出=无食物产出
第14步【id=op_010_03｜时间=1200秒；资源=oven_1；前置=op_010_02,op_009_01；参数=temperature_c=180,mode=上下火；来源=原文及AI估计】选择“常规烘焙”模式，以180℃烤20分钟。；投入=loaded_tarts；产出=baked_tarts
第15步【id=op_011_01｜时间=30秒；资源=human_1,oven_1；前置=op_010_03,op_008_01；参数=temperature_c=180,mode=上下火；来源=原文及AI估计】取出，再逐个放上草莓粒即可。；投入=baked_tarts,garnish_berries；产出=finished
第16步【id=op_999_01｜时间=60秒；资源=human_1；前置=op_011_01；参数=不适用；来源=原文及AI估计】确认全部必需分支完成并装盘上桌；投入=finished；产出=finaldish"
"64706f406f734220a4e24b57","竹荪排骨汤","主料：排骨300克；竹荪50克；辅料：干香菇2朵；料酒10毫升；生姜30克；小葱2根；食盐2克；香油5毫升；枸杞5克；香菜2根","第1步【id=op_1000_01｜时间=180秒；资源=human_1,stove_choice；前置=无；参数=power_level=7；来源=原文及AI估计】制备适量工艺温水，供竹荪和干香菇泡发。；投入=无食物投入；产出=无食物产出
第2步【id=op_1001_01｜时间=300秒；资源=human_1,stove_choice；前置=无；参数=power_level=7；来源=原文及AI估计】烧开焯排骨所需工艺用水，供步骤6倒入锅中焯水。；投入=无食物投入；产出=无食物产出
第3步【id=op_8001_01｜时间=60秒；资源=human_1,stove_choice；前置=op_1000_01；参数=power_level=7；来源=原文及AI估计】本次加工结束，移出食物并释放设备；投入=无食物投入；产出=无食物产出
第4步【id=op_002_01｜时间=30秒；资源=human_1；前置=op_8001_01；参数=不适用；来源=原文及AI估计】将竹荪、干香菇放入温水中。；投入=ingredient_002,ingredient_003；产出=soaking_mushrooms
第5步【id=op_003_01｜时间=1800秒；资源=无独占资源；前置=op_002_01；参数=不适用；来源=原文及AI估计】泡发备用。；投入=soaking_mushrooms；产出=soaked_mushrooms
第6步【id=op_004_01｜时间=180秒；资源=human_1；前置=op_003_01；参数=不适用；来源=原文及AI估计】生姜切片，小葱洗净打成葱节。；投入=ingredient_005,ingredient_006；产出=ginger,scallion
第7步【id=op_005_01｜时间=180秒；资源=human_1；前置=op_004_01；参数=不适用；来源=原文及AI估计】香菜洗净切碎备用。；投入=ingredient_010；产出=coriander
第8步【id=op_006_01｜时间=300秒；资源=human_1,stove_choice；前置=op_005_01,op_1001_01,op_004_01；参数=power_level=7；来源=原文及AI估计】方太灶具调至8段火（大火），倒入开水，放入姜片及葱节，加入料酒，下排骨焯水。；投入=ingredient_001,ginger,scallion,ingredient_004；产出=flow_005_00_00,flow_005_00_01,flow_005_00_02,flow_005_00_03
第9步【id=op_8000_01｜时间=60秒；资源=human_1,stove_choice；前置=op_006_01；参数=power_level=7；来源=原文及AI估计】本次加工结束，移出食物并释放设备；投入=flow_005_00_00,flow_005_00_01,flow_005_00_02,flow_005_00_03；产出=blanched_ribs
第10步【id=op_007_01｜时间=120秒；资源=human_1；前置=op_8000_01；参数=不适用；来源=原文及AI估计】焯好的排骨沥干，置于大碗中。；投入=blanched_ribs；产出=drained_ribs
第11步【id=op_008_01｜时间=30秒；资源=human_1；前置=op_007_01,op_003_01；参数=不适用；来源=原文及AI估计】放入泡发的竹荪、香菇以及枸杞，加入清水淹没，盖上保鲜膜。；投入=drained_ribs,soaked_mushrooms,ingredient_009；产出=soup
第12步【id=op_009_01｜时间=30秒；资源=human_1；前置=op_008_01；参数=不适用；来源=原文及AI估计】将装有食材的盘子放入蒸烤架/蒸烤盘。；投入=soup；产出=loaded_soup
第13步【id=op_010_01｜时间=60秒；资源=human_1,steam_oven_1；前置=op_009_01；参数=temperature_c=100,mode=普通蒸；来源=原文及AI估计】设置设备程序/补水；竹荪排骨汤；投入=无食物投入；产出=无食物产出
第14步【id=op_010_02｜时间=300秒；资源=steam_oven_1；前置=op_010_01；参数=temperature_c=100,mode=普通蒸；来源=原文及AI估计】预热/升温；竹荪排骨汤；投入=无食物投入；产出=无食物产出
第15步【id=op_010_03｜时间=60秒；资源=human_1,steam_oven_1；前置=op_010_02,op_009_01；参数=temperature_c=100,mode=普通蒸；来源=原文及AI估计】装入本步骤食材；投入=loaded_soup；产出=flow_009_00_00
第16步【id=op_010_04｜时间=5400秒；资源=steam_oven_1；前置=op_010_03；参数=temperature_c=100,mode=普通蒸；来源=原文及AI估计】开启电源，取出水箱加满水，将蒸烤盘/蒸烤架放入中间层，选择【开始烹饪】按键，按屏幕提示操作即可。；投入=flow_009_00_00；产出=cooked_soup
第17步【id=op_011_01｜时间=30秒；资源=human_1,steam_oven_1；前置=op_010_04；参数=temperature_c=100,mode=普通蒸；来源=原文及AI估计】蒸好取出，加入香油、食盐调味。；投入=cooked_soup,ingredient_007,ingredient_008；产出=seasoned_soup
第18步【id=op_012_01｜时间=120秒；资源=human_1；前置=op_011_01,op_005_01；参数=不适用；来源=原文及AI估计】烹饪结束，放上香菜碎点缀，即可享用。；投入=seasoned_soup,coriander；产出=finished
第19步【id=op_999_01｜时间=60秒；资源=human_1；前置=op_012_01；参数=不适用；来源=原文及AI估计】确认全部必需分支完成并装盘上桌；投入=finished；产出=finaldish"
"645c58f7614c1208ae1f5a60","蒸茄龙","主料：长茄子2根；肉糜150克；辅料：蚝油5克；料酒8毫升；姜3片；葱2根；大蒜5瓣；糖10克；盐3克；生抽10毫升；香油5毫升；补充：食用油10克","第1步【id=op_1000_01｜时间=180秒；资源=human_1；前置=无；参数=不适用；来源=原文及AI估计】生姜和小葱洗净切末，各分为肉馅和炒汁两份；大蒜去皮切末用于炒汁。；投入=ingredient_005,ingredient_006,ingredient_007；产出=ginger,scallion,garlic
第2步【id=op_002_01｜时间=120秒；资源=human_1；前置=op_1000_01；参数=不适用；来源=原文及AI估计】肉馅中加入葱姜末、盐、料酒、生抽、食用油、香油。；投入=ingredient_002,ginger,scallion,ingredient_004,ingredient_009,ingredient_010,ingredient_011,ingredient_012；产出=seasoned_meat
第3步【id=op_003_01｜时间=120秒；资源=human_1；前置=op_002_01；参数=不适用；来源=原文及AI估计】朝一个方向稍稍搅打上劲。；投入=seasoned_meat；产出=filling
第4步【id=op_004_01｜时间=120秒；资源=human_1；前置=op_003_01；参数=不适用；来源=原文及AI估计】长茄子去蒂切成夹刀片。；投入=ingredient_001；产出=eggplant
第5步【id=op_005_01｜时间=120秒；资源=human_1；前置=op_004_01,op_003_01；参数=不适用；来源=原文及AI估计】切好的茄子每片之间塞满肉馅。；投入=eggplant,filling；产出=stuffed
第6步【id=op_006_01｜时间=120秒；资源=human_1；前置=op_005_01；参数=不适用；来源=原文及AI估计】码好放入盘中。；投入=stuffed；产出=plated
第7步【id=op_007_01｜时间=60秒；资源=human_1,steam_oven_1；前置=op_006_01；参数=temperature_c=100,mode=普通蒸；来源=原文及AI估计】设置设备程序/补水；蒸茄龙；投入=无食物投入；产出=无食物产出
第8步【id=op_007_02｜时间=300秒；资源=steam_oven_1；前置=op_007_01；参数=temperature_c=100,mode=普通蒸；来源=原文及AI估计】预热/升温；蒸茄龙；投入=无食物投入；产出=无食物产出
第9步【id=op_007_03｜时间=900秒；资源=steam_oven_1；前置=op_007_02,op_006_01；参数=temperature_c=100,mode=普通蒸；来源=原文及AI估计】开启电源，取出水箱加满水，选择“开始烹饪”按键，按屏幕提示操作。；投入=plated；产出=flow_007_00_00
第10步【id=op_8001_01｜时间=60秒；资源=human_1,steam_oven_1；前置=op_007_03；参数=temperature_c=100,mode=普通蒸；来源=原文及AI估计】本次加工结束，移出食物并释放设备；投入=flow_007_00_00；产出=steamed_eggplant,steaming_juice
第11步【id=op_008_01｜时间=120秒；资源=human_1,stove_choice；前置=op_8001_01,op_1000_01；参数=power_level=7；来源=原文及AI估计】炒锅放底油，放入葱姜蒜末、糖、蚝油爆香，倒入蒸茄子的汤汁。；投入=steaming_juice,ginger,scallion,garlic,ingredient_003,ingredient_008,ingredient_012；产出=flow_008_00_00,flow_008_00_01,flow_008_00_02,flow_008_00_03,flow_008_00_04,flow_008_00_05,flow_008_00_06
第12步【id=op_8000_01｜时间=60秒；资源=human_1,stove_choice；前置=op_008_01；参数=power_level=7；来源=原文及AI估计】本次加工结束，移出食物并释放设备；投入=flow_008_00_00,flow_008_00_01,flow_008_00_02,flow_008_00_03,flow_008_00_04,flow_008_00_05,flow_008_00_06；产出=sauce
第13步【id=op_009_01｜时间=120秒；资源=human_1；前置=op_8000_01,op_8001_01；参数=不适用；来源=原文及AI估计】热好的汤汁浇在茄龙上即可。；投入=steamed_eggplant,sauce；产出=finished
第14步【id=op_999_01｜时间=60秒；资源=human_1；前置=op_009_01；参数=不适用；来源=原文及AI估计】确认全部必需分支完成并装盘上桌；投入=finished；产出=finaldish"
"647ea23d85ea9528599ccb51","香辣烤小龙虾","A料：小龙虾调料200克；啤酒600克；黄瓜半根；青椒半个；主料：新鲜小龙虾1000克","第1步【id=op_001_01｜时间=180秒；资源=human_1；前置=无；参数=不适用；来源=原文及AI估计】将小龙虾清洗干净。；投入=ingredient_005；产出=clean_crayfish
第2步【id=op_002_01｜时间=180秒；资源=human_1,stove_choice；前置=op_001_01；参数=power_level=7；来源=原文及AI估计】将小龙虾专用调料与300g啤酒混合加热直至调料融化。；投入=ingredient_001,ingredient_002；产出=flow_002_00_00,flow_002_00_01
第3步【id=op_8000_01｜时间=60秒；资源=human_1,stove_choice；前置=op_002_01；参数=power_level=7；来源=原文及AI估计】本次加工结束，移出食物并释放设备；投入=flow_002_00_00,flow_002_00_01；产出=beer_sauce
第4步【id=op_003_01｜时间=120秒；资源=human_1；前置=op_8000_01；参数=不适用；来源=原文及AI估计】将黄瓜切成细条，青椒切成圈。；投入=ingredient_003,ingredient_004；产出=cucumber_strips,pepper_rings
第5步【id=op_004_01｜时间=120秒；资源=human_1；前置=op_003_01,op_001_01；参数=不适用；来源=原文及AI估计】在蒸烤盘上铺一层铝箔纸，取2斤小龙虾平铺在烤盘上。；投入=clean_crayfish；产出=tray_crayfish
第6步【id=op_005_01｜时间=120秒；资源=human_1；前置=op_004_01,op_003_01,op_8000_01；参数=不适用；来源=原文及AI估计】撒上黄瓜条和青椒圈，倒入啤酒调料。；投入=tray_crayfish,cucumber_strips,pepper_rings,beer_sauce,ingredient_002；产出=seasoned_crayfish
第7步【id=op_006_01｜时间=60秒；资源=human_1,oven_1；前置=op_005_01；参数=temperature_c=200,mode=上下火；来源=原文及AI估计】设置设备程序/补水；香辣烤小龙虾；投入=无食物投入；产出=无食物产出
第8步【id=op_006_02｜时间=600秒；资源=oven_1；前置=op_006_01；参数=temperature_c=200,mode=上下火；来源=原文及AI估计】预热/升温；香辣烤小龙虾；投入=无食物投入；产出=无食物产出
第9步【id=op_006_03｜时间=60秒；资源=human_1,oven_1；前置=op_006_02,op_005_01；参数=temperature_c=200,mode=上下火；来源=原文及AI估计】装入本步骤食材；投入=seasoned_crayfish；产出=flow_006_00_00
第10步【id=op_006_04｜时间=1200秒；资源=oven_1；前置=op_006_03；参数=temperature_c=200,mode=上下火；来源=原文及AI估计】开启电源，请将蒸烤盘放入第2层并关门，点击“开始”键，按屏幕提示操作，开始烹饪。；投入=flow_006_00_00；产出=flow_006_01_00
第11步【id=op_8001_01｜时间=60秒；资源=human_1,oven_1；前置=op_006_04；参数=temperature_c=200,mode=上下火；来源=原文及AI估计】本次加工结束，移出食物并释放设备；投入=flow_006_01_00；产出=roasted_crayfish
第12步【id=op_999_01｜时间=60秒；资源=human_1；前置=op_8001_01；参数=不适用；来源=原文及AI估计】确认全部必需分支完成并装盘上桌；投入=roasted_crayfish；产出=finaldish"
"5cc7e0404a21a4301960aef1","糯米烧麦","A料：糯米400g；煮熟五花肉100g；饺子皮40张；B料：松子20g；干香菇10g；水煮笋50g；食用油3T；香葱5g；生姜5g；料酒2T；白糖1T；老抽10g；生抽10g；香油1/2t；肉汤50g；味精1/2t","第1步【id=op_001_01｜时间=30秒；资源=human_1；前置=无；参数=不适用；来源=原文及AI估计】将糯米放入温水中。；投入=ingredient_001；产出=soaking_rice
第2步【id=op_002_01｜时间=14400秒；资源=无独占资源；前置=op_001_01；参数=不适用；来源=原文及AI估计】提前浸泡糯米。；投入=soaking_rice；产出=soaked_rice
第3步【id=op_003_01｜时间=30秒；资源=human_1,steam_oven_1；前置=op_002_01；参数=temperature_c=100,mode=普通蒸；来源=原文及AI估计】糯米沥水后加水，使浸泡后的糯米与加入的水总重量约820克；放无孔蒸盘，装入蒸箱。；投入=soaked_rice；产出=rice_tray
第4步【id=op_004_01｜时间=60秒；资源=human_1,steam_oven_1；前置=op_003_01；参数=temperature_c=100,mode=普通蒸；来源=原文及AI估计】设置设备程序/补水；糯米烧麦；投入=无食物投入；产出=无食物产出
第5步【id=op_004_02｜时间=300秒；资源=steam_oven_1；前置=op_004_01；参数=temperature_c=100,mode=普通蒸；来源=原文及AI估计】预热/升温；糯米烧麦；投入=无食物投入；产出=无食物产出
第6步【id=op_004_03｜时间=2400秒；资源=steam_oven_1；前置=op_004_02,op_003_01；参数=temperature_c=100,mode=普通蒸；来源=原文及AI估计】选择普通蒸100℃，将糯米蒸至成熟。；投入=rice_tray；产出=hot_rice
第7步【id=op_005_01｜时间=30秒；资源=human_1,steam_oven_1；前置=op_004_03；参数=temperature_c=100,mode=普通蒸；来源=原文及AI估计】取出蒸熟的糯米。；投入=hot_rice；产出=unloaded_rice
第8步【id=op_006_01｜时间=1200秒；资源=无独占资源；前置=op_005_01；参数=不适用；来源=原文及AI估计】将糯米放凉。；投入=unloaded_rice；产出=cool_rice
第9步【id=op_007_01｜时间=30秒；资源=human_1,stove_choice；前置=无；参数=power_level=7；来源=原文及AI估计】将猪五花肉、笋放入水锅中。；投入=ingredient_002,ingredient_006,ingredient_015；产出=pork_in_pot,bamboo_in_pot,stock_in_pot
第10步【id=op_008_01｜时间=570秒；资源=stove_choice；前置=op_007_01；参数=power_level=7；来源=原文及AI估计】将猪五花肉和笋煮熟，保留煮肉的汤。；投入=pork_in_pot,bamboo_in_pot,stock_in_pot；产出=flow_009_00_00,flow_009_00_01,flow_009_00_02
第11步【id=op_008_02｜时间=30秒；资源=human_1,stove_choice；前置=op_008_01；参数=power_level=7；来源=原文及AI估计】检查火力及原文要求的翻拌；投入=flow_009_00_00,flow_009_00_01,flow_009_00_02；产出=flow_009_01_00,flow_009_01_01,flow_009_01_02
第12步【id=op_008_03｜时间=570秒；资源=stove_choice；前置=op_008_02；参数=power_level=7；来源=原文及AI估计】将猪五花肉和笋煮熟，保留煮肉的汤。；投入=flow_009_01_00,flow_009_01_01,flow_009_01_02；产出=flow_009_02_00,flow_009_02_01,flow_009_02_02
第13步【id=op_008_04｜时间=30秒；资源=human_1,stove_choice；前置=op_008_03；参数=power_level=7；来源=原文及AI估计】检查火力及原文要求的翻拌；投入=flow_009_02_00,flow_009_02_01,flow_009_02_02；产出=flow_009_03_00,flow_009_03_01,flow_009_03_02
第14步【id=op_008_05｜时间=270秒；资源=stove_choice；前置=op_008_04；参数=power_level=7；来源=原文及AI估计】将猪五花肉和笋煮熟，保留煮肉的汤。；投入=flow_009_03_00,flow_009_03_01,flow_009_03_02；产出=flow_009_04_00,flow_009_04_01,flow_009_04_02
第15步【id=op_008_06｜时间=30秒；资源=human_1,stove_choice；前置=op_008_05；参数=power_level=7；来源=原文及AI估计】检查火力及原文要求的翻拌；投入=flow_009_04_00,flow_009_04_01,flow_009_04_02；产出=flow_009_05_00,flow_009_05_01,flow_009_05_02
第16步【id=op_016_01｜时间=600秒；资源=human_1；前置=无；参数=不适用；来源=原文及AI估计】将饺子皮擀成直径9厘米左右，中间较厚的皮子。；投入=ingredient_003；产出=rolled_wrappers
第17步【id=op_1000_01｜时间=1800秒；资源=无独占资源；前置=无；参数=不适用；来源=原文及AI估计】原料中的10克干香菇温水泡发；投入=ingredient_005；产出=flow_001_00_00
第18步【id=op_1000_02｜时间=120秒；资源=human_1；前置=op_1000_01；参数=不适用；来源=原文及AI估计】泡发香菇洗净切丁，和原葱姜一起炒入馅料；投入=flow_001_00_00；产出=mushroom_dice
第19步【id=op_8000_01｜时间=60秒；资源=human_1,stove_choice；前置=op_008_06；参数=power_level=7；来源=原文及AI估计】本次加工结束，移出食物并释放设备；投入=flow_009_05_00,flow_009_05_01,flow_009_05_02；产出=cooked_pork,cooked_bamboo,meat_stock
第20步【id=op_009_01｜时间=240秒；资源=human_1；前置=op_8000_01；参数=不适用；来源=原文及AI估计】去掉猪皮改刀切成小丁，笋切成丁。；投入=cooked_pork,cooked_bamboo,ingredient_008,ingredient_009；产出=pork_dice,bamboo_dice,aromatics
第21步【id=op_010_01｜时间=180秒；资源=human_1,stove_choice；前置=op_009_01；参数=power_level=7；来源=原文及AI估计】炒锅烧热，放猪油，将肉丁下锅煸炒。；投入=pork_dice,ingredient_007；产出=fried_pork
第22步【id=op_011_01｜时间=180秒；资源=human_1,stove_choice；前置=op_010_01,op_1000_02,op_009_01,op_8000_01；参数=power_level=7；来源=原文及AI估计】然后加葱姜末炒香，加入料酒、老抽，白糖，味精，煮肉的汤烧沸。；投入=fried_pork,bamboo_dice,mushroom_dice,aromatics,ingredient_010,ingredient_011,ingredient_012,ingredient_013,ingredient_016,meat_stock；产出=filling_sauce
第23步【id=op_012_01｜时间=120秒；资源=human_1,stove_choice；前置=op_006_01,op_011_01；参数=power_level=7；来源=原文及AI估计】将糯米饭拨散，倒入炒锅内拌匀。；投入=cool_rice,filling_sauce；产出=wet_filling
第24步【id=op_013_01｜时间=180秒；资源=human_1,stove_choice；前置=op_012_01；参数=power_level=7；来源=原文及AI估计】继续处理至汤汁被糯米吸干，加入猪油、松子拌和。；投入=wet_filling,ingredient_007,ingredient_004；产出=pine_rice_filling
第25步【id=op_014_01｜时间=120秒；资源=human_1,stove_choice；前置=op_013_01；参数=power_level=7；来源=原文及AI估计】出锅，拌入香油。；投入=pine_rice_filling,ingredient_014；产出=hot_filling
第26步【id=op_015_01｜时间=1200秒；资源=无独占资源；前置=op_014_01；参数=不适用；来源=原文及AI估计】将松子糯米馅心冷却。；投入=hot_filling；产出=cooled_filling
第27步【id=op_017_01｜时间=1200秒；资源=human_1；前置=op_015_01,op_016_01；参数=不适用；来源=原文及AI估计】皮子摊在左手掌中，糯米馅心约30克放在皮子中间，然后左手将皮子齐腰捏拢，右手用刮板在皮子口上将糯米压平，即成糯米烧卖生坯40个。；投入=rolled_wrappers,cooled_filling；产出=raw_shumai
第28步【id=op_018_01｜时间=180秒；资源=human_1；前置=op_017_01；参数=不适用；来源=原文及AI估计】将40个生坯分为两批，每批20个；第一批放有孔蒸盘。；投入=raw_shumai；产出=batch_one_raw,batch_two_raw
第29步【id=op_019_01｜时间=120秒；资源=human_1,steam_oven_1；前置=op_018_01；参数=temperature_c=100,mode=普通蒸；来源=原文及AI估计】将第一批蒸盘放入蒸箱中间层，取出水箱加满水，选择“开始烹饪”并按屏幕提示设置。；投入=batch_one_raw；产出=batch_one_loaded
第30步【id=op_020_01｜时间=600秒；资源=steam_oven_1；前置=op_019_01；参数=temperature_c=100,mode=普通蒸；来源=原文及AI估计】蒸制第一批20个烧麦。；投入=batch_one_loaded；产出=batch_one_cooked
第31步【id=op_021_01｜时间=180秒；资源=human_1,steam_oven_1；前置=op_020_01,op_018_01；参数=temperature_c=100,mode=普通蒸；来源=原文及AI估计】第一批完成后取出；将第二批20个生坯放入蒸盘并装入同一蒸制设备。；投入=batch_one_cooked,batch_two_raw；产出=batch_one_served,batch_two_loaded
第32步【id=op_022_01｜时间=600秒；资源=steam_oven_1；前置=op_021_01；参数=temperature_c=100,mode=普通蒸；来源=原文及AI估计】蒸制第二批20个烧麦。；投入=batch_two_loaded；产出=batch_two_cooked
第33步【id=op_023_01｜时间=120秒；资源=human_1,steam_oven_1；前置=op_022_01,op_021_01；参数=temperature_c=100,mode=普通蒸；来源=原文及AI估计】第二批完成后取出；两批均完成后才满足40个成品需求。；投入=batch_one_served,batch_two_cooked；产出=finished_shumai
第34步【id=op_999_01｜时间=60秒；资源=human_1；前置=op_023_01；参数=不适用；来源=原文及AI估计】确认全部必需分支完成并装盘上桌；投入=finished_shumai；产出=finaldish"
"5caf2ec7e78bfc455f2d5cb0","清蒸带鱼","主料：带鱼400克；辅料：姜丝5克；葱丝5克；盐2克；鸡粉2克；料酒4毫升；生抽5毫升；食用油10毫升","第1步【id=op_1000_01｜时间=180秒；资源=human_1；前置=无；参数=不适用；来源=原文及AI估计】带鱼去内脏清洗干净并沥干，供原始步骤1切块。；投入=ingredient_001；产出=clean_fish
第2步【id=op_001_01｜时间=120秒；资源=human_1；前置=op_1000_01；参数=不适用；来源=原文及AI估计】处理干净的带鱼切成块。；投入=clean_fish；产出=fish_chunks
第3步【id=op_002_01｜时间=30秒；资源=human_1；前置=op_001_01；参数=不适用；来源=原文及AI估计】把带鱼块装入碗中，放入适量盐、鸡粉，淋入料酒，放入少许姜丝。；投入=fish_chunks,ingredient_002,ingredient_004,ingredient_005,ingredient_006；产出=seasoned_fish
第4步【id=op_003_01｜时间=300秒；资源=fridge_cold_1；前置=op_002_01；参数=temperature_c=4,mode=冷藏；来源=原文及AI估计】腌渍5分钟。；投入=seasoned_fish；产出=marinated_fish
第5步【id=op_004_01｜时间=120秒；资源=human_1；前置=op_003_01；参数=不适用；来源=原文及AI估计】把调好味的带鱼块码入蒸盘中。；投入=marinated_fish；产出=fish_tray
第6步【id=op_005_01｜时间=30秒；资源=human_1,steam_oven_1；前置=op_004_01；参数=temperature_c=100,mode=普通蒸；来源=原文及AI估计】水箱注水，放入设备，再放入蒸盘。；投入=fish_tray；产出=loaded_fish
第7步【id=op_006_01｜时间=60秒；资源=human_1,steam_oven_1；前置=op_005_01；参数=temperature_c=100,mode=普通蒸；来源=原文及AI估计】设置设备程序/补水；清蒸带鱼；投入=无食物投入；产出=无食物产出
第8步【id=op_006_02｜时间=300秒；资源=steam_oven_1；前置=op_006_01；参数=temperature_c=100,mode=普通蒸；来源=原文及AI估计】预热/升温；清蒸带鱼；投入=无食物投入；产出=无食物产出
第9步【id=op_006_03｜时间=600秒；资源=steam_oven_1；前置=op_006_02,op_005_01；参数=temperature_c=100,mode=普通蒸；来源=原文及AI估计】选择“开始烹饪”按键，按屏幕提示操作。；投入=loaded_fish；产出=steamed_fish
第10步【id=op_007_01｜时间=30秒；资源=human_1,steam_oven_1；前置=op_006_03；参数=temperature_c=100,mode=普通蒸；来源=原文及AI估计】打开箱门，取出蒸好的带鱼，放上备好的葱丝，浇入适量生抽。；投入=steamed_fish,ingredient_003,ingredient_007；产出=garnished_fish
第11步【id=op_008_01｜时间=120秒；资源=human_1,stove_choice；前置=op_007_01；参数=power_level=7；来源=原文及AI估计】烧热炒锅，倒入适量食用油，烧至八成热，将热油浇在鱼块上即可。；投入=ingredient_008；产出=hot_oil
第12步【id=op_8000_01｜时间=60秒；资源=human_1,stove_choice；前置=op_008_01,op_007_01；参数=power_level=7；来源=原文及AI估计】本次加工结束，移出食物并释放设备；投入=garnished_fish,hot_oil；产出=finished_fish
第13步【id=op_999_01｜时间=60秒；资源=human_1；前置=op_8000_01；参数=不适用；来源=原文及AI估计】确认全部必需分支完成并装盘上桌；投入=finished_fish；产出=finaldish"
"65433d6a45256c3ad7c270ab","手工鸡蛋豆腐","主料：鸡蛋3个；淡豆浆150毫升","第1步【id=op_002_01｜时间=120秒；资源=human_1；前置=无；参数=不适用；来源=原文及AI估计】取一浅口碗，垫上一层保鮮膜。；投入=无食物投入；产出=无食物产出
第2步【id=op_003_01｜时间=180秒；资源=human_1；前置=op_002_01；参数=不适用；来源=原文及AI估计】鸡蛋打散过筛待用，将豆浆与蛋液混合拌勻过筛，倒入碗中，再用用保鮮膜将容器封住，用牙签扎几个小孔。；投入=ingredient_001,ingredient_002；产出=egg_soy_mixture
第3步【id=op_004_01｜时间=60秒；资源=human_1,steam_oven_1；前置=op_003_01；参数=temperature_c=100,mode=普通蒸；来源=原文及AI估计】设置设备程序/补水；手工鸡蛋豆腐；投入=无食物投入；产出=无食物产出
第4步【id=op_004_02｜时间=300秒；资源=steam_oven_1；前置=op_004_01；参数=temperature_c=100,mode=普通蒸；来源=原文及AI估计】预热/升温；手工鸡蛋豆腐；投入=无食物投入；产出=无食物产出
第5步【id=op_004_03｜时间=60秒；资源=human_1,steam_oven_1；前置=op_004_02,op_003_01；参数=temperature_c=100,mode=普通蒸；来源=原文及AI估计】装入本步骤食材；投入=egg_soy_mixture；产出=flow_002_00_00
第6步【id=op_004_04｜时间=900秒；资源=steam_oven_1；前置=op_004_03；参数=temperature_c=100,mode=普通蒸；来源=原文及AI估计】放入方太智能烹饪设备，开启电源，取出水箱加满水，选择“开始烹饪”按键，按屏幕提示操作。；投入=flow_002_00_00；产出=flow_002_01_00
第7步【id=op_8000_01｜时间=60秒；资源=human_1,steam_oven_1；前置=op_004_04；参数=temperature_c=100,mode=普通蒸；来源=原文及AI估计】本次加工结束，移出食物并释放设备；投入=flow_002_01_00；产出=egg_tofu
第8步【id=op_999_01｜时间=60秒；资源=human_1；前置=op_8000_01；参数=不适用；来源=原文及AI估计】确认全部必需分支完成并装盘上桌；投入=egg_tofu；产出=finaldish"
"645c5889614c1208ae1f5a24","立夏饭","主料：大米200克；腊肠50克；咸肉40克；辅料：胡萝卜20克；笋25克；香菇5朵；豌豆5克","第1步【id=op_002_01｜时间=120秒；资源=human_1；前置=无；参数=不适用；来源=原文及AI估计】将食材处理成小丁。；投入=ingredient_002,ingredient_003,ingredient_004,ingredient_005,ingredient_006,ingredient_007；产出=meat_dice,vegetable_dice
第2步【id=op_003_01｜时间=240秒；资源=human_1,stove_choice；前置=op_002_01；参数=power_level=5；来源=原文及AI估计】方太电磁灶开至5段中火，炒锅先将腊肠和肉丁煸炒出油。；投入=meat_dice；产出=rendered_meat
第3步【id=op_004_01｜时间=120秒；资源=human_1,stove_choice；前置=op_003_01,op_002_01；参数=power_level=7；来源=原文及AI估计】下入剩下的菜丁，将炒好的蔬菜肉倒入碗中，加入大米，倒入和食材齐平的水。；投入=rendered_meat,vegetable_dice,ingredient_001；产出=flow_003_00_00,flow_003_00_01,flow_003_00_02
第4步【id=op_8000_01｜时间=60秒；资源=human_1,stove_choice；前置=op_004_01；参数=power_level=7；来源=原文及AI估计】本次加工结束，移出食物并释放设备；投入=flow_003_00_00,flow_003_00_01,flow_003_00_02；产出=rice_mix
第5步【id=op_005_01｜时间=60秒；资源=human_1,steam_oven_1；前置=op_8000_01；参数=temperature_c=100,mode=普通蒸；来源=原文及AI估计】设置设备程序/补水；立夏饭；投入=无食物投入；产出=无食物产出
第6步【id=op_005_02｜时间=300秒；资源=steam_oven_1；前置=op_005_01；参数=temperature_c=100,mode=普通蒸；来源=原文及AI估计】预热/升温；立夏饭；投入=无食物投入；产出=无食物产出
第7步【id=op_005_03｜时间=2100秒；资源=steam_oven_1；前置=op_005_02,op_8000_01；参数=temperature_c=100,mode=普通蒸；来源=原文及AI估计】开启电源，取出水箱加满水，选择“开始烹饪”按键，按屏幕提示操作。；投入=rice_mix；产出=flow_004_00_00
第8步【id=op_8001_01｜时间=60秒；资源=human_1,steam_oven_1；前置=op_005_03；参数=temperature_c=100,mode=普通蒸；来源=原文及AI估计】本次加工结束，移出食物并释放设备；投入=flow_004_00_00；产出=cooked_rice
第9步【id=op_006_01｜时间=120秒；资源=human_1；前置=op_8001_01；参数=不适用；来源=原文及AI估计】拌匀之后就可以吃啦。；投入=cooked_rice；产出=finished_rice
第10步【id=op_999_01｜时间=60秒；资源=human_1；前置=op_006_01；参数=不适用；来源=原文及AI估计】确认全部必需分支完成并装盘上桌；投入=finished_rice；产出=finaldish"
"668759f0bfbee3388538968e","嫩烤鸡胸肉","A料：市售冰鲜鸡胸肉1块；蒜末10克；柠檬1个；研磨黑胡椒海盐2.5克；橄榄油3克","第1步【id=op_001_01｜时间=180秒；资源=human_1；前置=无；参数=不适用；来源=原文及AI估计】柠檬切片后，将鸡胸肉清洗干净擦干水分与所有调料混合均匀。；投入=ingredient_001,ingredient_002,ingredient_003,ingredient_004,ingredient_005；产出=seasoned_chicken
第2步【id=op_002_01｜时间=3600秒；资源=fridge_cold_1；前置=op_001_01；参数=temperature_c=4,mode=冷藏；来源=原文及AI估计】腌制1h。；投入=seasoned_chicken；产出=marinated_chicken
第3步【id=op_003_01｜时间=120秒；资源=human_1；前置=op_002_01；参数=不适用；来源=原文及AI估计】蒸烤盘上铺上锡纸，放上腌制好的鸡胸肉。；投入=marinated_chicken；产出=tray_chicken
第4步【id=op_004_01｜时间=30秒；资源=human_1,oven_1；前置=op_003_01；参数=temperature_c=180,mode=上下火；来源=原文及AI估计】将蒸烤盘放入烹饪机腔体第三层。；投入=tray_chicken；产出=flow_004_00_00
第5步【id=op_8000_01｜时间=60秒；资源=human_1,oven_1；前置=op_004_01；参数=temperature_c=180,mode=上下火；来源=原文及AI估计】本次加工结束，移出食物并释放设备；投入=flow_004_00_00；产出=loaded_chicken
第6步【id=op_005_01｜时间=60秒；资源=human_1；前置=op_8000_01；参数=不适用；来源=原文及AI估计】将食物探针插入鸡胸肉（确保食物探针上的三个温度检测点全部插入食物并且位于食物中心位置）。；投入=loaded_chicken；产出=prepared_chicken
第7步【id=op_006_01｜时间=60秒；资源=human_1；前置=op_005_01；参数=不适用；来源=原文及AI估计】将食物探针插头插入腔体插槽；在探针模式选择便捷程序-鸡胸肉，设置腔体温度和食物中心温度。；投入=无食物投入；产出=无食物产出
第8步【id=op_007_01｜时间=600秒；资源=oven_1；前置=op_006_01；参数=temperature_c=180,mode=上下火；来源=原文及AI估计】预热/升温；嫩烤鸡胸肉；投入=无食物投入；产出=无食物产出
第9步【id=op_007_02｜时间=1500秒；资源=oven_1；前置=op_007_01,op_005_01；参数=temperature_c=180,mode=上下火；来源=原文及AI估计】运行鸡胸肉程序，按已确认的中心温度终点结束。；投入=prepared_chicken；产出=flow_006_00_00
第10步【id=op_8001_01｜时间=60秒；资源=human_1,oven_1；前置=op_007_02；参数=temperature_c=180,mode=上下火；来源=原文及AI估计】本次加工结束，移出食物并释放设备；投入=flow_006_00_00；产出=cooked_chicken
第11步【id=op_999_01｜时间=60秒；资源=human_1；前置=op_8001_01；参数=不适用；来源=原文及AI估计】确认全部必需分支完成并装盘上桌；投入=cooked_chicken；产出=finaldish"
"5e6f131cd8dcd921c6736129","蒸咸蛋酿苦瓜","主料：苦瓜260克；熟咸蛋黄50克；辅料：咖喱膏8克；盐2克；白糖2克；鸡粉1克；水淀粉10毫升；料酒10毫升；食用油10毫升","第1步【id=op_001_01｜时间=120秒；资源=human_1；前置=无；参数=不适用；来源=原文及AI估计】苦瓜切小段，去除瓜瓤。；投入=ingredient_001；产出=bittermelon_rings
第2步【id=op_002_01｜时间=180秒；资源=human_1；前置=op_001_01；参数=不适用；来源=原文及AI估计】熟咸蛋黄切碎末。；投入=ingredient_002；产出=yolk_crumbs
第3步【id=op_003_01｜时间=120秒；资源=human_1；前置=op_002_01,op_001_01；参数=不适用；来源=原文及AI估计】取切好的苦瓜段，填入蛋黄末，压紧，放入蒸盘中。；投入=bittermelon_rings,yolk_crumbs；产出=stuffed_melon
第4步【id=op_004_01｜时间=30秒；资源=human_1,steam_oven_1；前置=op_003_01；参数=temperature_c=100,mode=普通蒸；来源=原文及AI估计】水箱注水，放入电蒸箱，再放入装有食材的蒸盘。；投入=stuffed_melon；产出=loaded_melon
第5步【id=op_005_01｜时间=60秒；资源=human_1,steam_oven_1；前置=op_004_01；参数=temperature_c=100,mode=普通蒸；来源=原文及AI估计】设置设备程序/补水；蒸咸蛋酿苦瓜；投入=无食物投入；产出=无食物产出
第6步【id=op_005_02｜时间=300秒；资源=steam_oven_1；前置=op_005_01；参数=temperature_c=100,mode=普通蒸；来源=原文及AI估计】预热/升温；蒸咸蛋酿苦瓜；投入=无食物投入；产出=无食物产出
第7步【id=op_005_03｜时间=300秒；资源=steam_oven_1；前置=op_005_02,op_004_01；参数=temperature_c=100,mode=普通蒸；来源=原文及AI估计】选择“普通蒸”模式，以100℃蒸5分钟至熟。；投入=loaded_melon；产出=flow_005_00_00
第8步【id=op_8001_01｜时间=60秒；资源=human_1,steam_oven_1；前置=op_005_03；参数=temperature_c=100,mode=普通蒸；来源=原文及AI估计】本次加工结束，移出食物并释放设备；投入=flow_005_00_00；产出=steamed_melon
第9步【id=op_006_01｜时间=300秒；资源=human_1,stove_choice；前置=op_8001_01；参数=power_level=7；来源=原文及AI估计】炒锅置旺火上，注入清水，煮沸，放入咖喱膏，搅散，待其溶化，加盐、鸡粉、白糖、水淀粉，调成味汁，盛出浇在菜肴上即可。；投入=ingredient_003,ingredient_004,ingredient_005,ingredient_006,ingredient_007,ingredient_008,ingredient_009,steamed_melon；产出=finished_melon
第10步【id=op_999_01｜时间=60秒；资源=human_1；前置=op_006_01；参数=不适用；来源=原文及AI估计】确认全部必需分支完成并装盘上桌；投入=finished_melon；产出=finaldish"
"5caf2e8fe78bfc455f2d5caa","红豆糯米糕","A料：糯米粉150g；蜜红豆48g；牛奶130g；B料：鸡蛋1个；细砂糖30g；黄油30g；干酵母2g","第1步【id=op_001_01｜时间=180秒；资源=human_1,stove_choice；前置=无；参数=power_level=7；来源=原文及AI估计】将黄油隔水融化。；投入=ingredient_006；产出=flow_001_00_00
第2步【id=op_8000_01｜时间=60秒；资源=human_1,stove_choice；前置=op_001_01；参数=power_level=7；来源=原文及AI估计】本次加工结束，移出食物并释放设备；投入=flow_001_00_00；产出=melted_butter
第3步【id=op_002_01｜时间=600秒；资源=无独占资源；前置=op_8000_01；参数=不适用；来源=原文及AI估计】黄油放至常温。；投入=melted_butter；产出=cooled_butter
第4步【id=op_003_01｜时间=120秒；资源=human_1；前置=op_002_01；参数=不适用；来源=原文及AI估计】加入鸡蛋、细砂糖、牛奶，用手动打蛋器搅拌均匀。；投入=cooled_butter,ingredient_004,ingredient_005,ingredient_003；产出=liquid_mix
第5步【id=op_004_01｜时间=180秒；资源=human_1；前置=op_003_01；参数=不适用；来源=原文及AI估计】加入过筛的糯米粉和干酵母，并用手动打蛋器搅拌均匀。；投入=liquid_mix,ingredient_001,ingredient_007；产出=rice_batter
第6步【id=op_005_01｜时间=240秒；资源=human_1；前置=op_004_01；参数=不适用；来源=原文及AI估计】将面糊装入裱花袋，挤到六连硅胶模中至1/3满；每个面糊表面放8g蜜红豆，继续填入剩余面糊。切记不要加得太满，避免酵母发酵溢出模具孔。；投入=rice_batter,ingredient_002；产出=filled_moulds
第7步【id=op_006_01｜时间=1800秒；资源=无独占资源；前置=op_005_01；参数=不适用；来源=原文及AI估计】将装好的模具静置。；投入=filled_moulds；产出=rested_batter
第8步【id=op_007_01｜时间=60秒；资源=human_1,oven_1；前置=op_006_01；参数=temperature_c=180,mode=上下火；来源=原文及AI估计】将模具放在烤架上，装入烤箱第3层，选择“开始烹饪”，按屏幕提示设置。；投入=rested_batter；产出=loaded_cakes
第9步【id=op_008_01｜时间=600秒；资源=oven_1；前置=op_007_01；参数=temperature_c=180,mode=上下火；来源=原文及AI估计】预热/升温；红豆糯米糕；投入=无食物投入；产出=无食物产出
第10步【id=op_008_02｜时间=1500秒；资源=oven_1；前置=op_008_01,op_007_01；参数=temperature_c=180,mode=上下火；来源=原文及AI估计】运行红豆糯米糕烘烤程序。；投入=loaded_cakes；产出=flow_008_00_00
第11步【id=op_8001_01｜时间=60秒；资源=human_1,oven_1；前置=op_008_02；参数=temperature_c=180,mode=上下火；来源=原文及AI估计】本次加工结束，移出食物并释放设备；投入=flow_008_00_00；产出=rice_cakes
第12步【id=op_999_01｜时间=60秒；资源=human_1；前置=op_8001_01；参数=不适用；来源=原文及AI估计】确认全部必需分支完成并装盘上桌；投入=rice_cakes；产出=finaldish"
"5caf2ddbe78bfc455f2d5c96","糖霜饼干","A料：低筋面粉110g；细杏仁粉15g；黄油60g；细砂糖35g；牛奶15g；B料：蛋白粉5g；糖粉150g；凉开水25g；水溶性食用色素适量","第1步【id=op_001_01｜时间=120秒；资源=human_1；前置=无；参数=不适用；来源=原文及AI估计】黄油切小块。；投入=ingredient_003；产出=butter_cubes
第2步【id=op_002_01｜时间=1800秒；资源=无独占资源；前置=op_001_01；参数=不适用；来源=原文及AI估计】将黄油在室温软化。；投入=butter_cubes；产出=soft_butter
第3步【id=op_003_01｜时间=240秒；资源=human_1；前置=op_002_01；参数=不适用；来源=原文及AI估计】加入细砂糖，用电动打蛋器打发至体积蓬松、颜色变浅。；投入=soft_butter,ingredient_004；产出=creamed_butter
第4步【id=op_004_01｜时间=120秒；资源=human_1；前置=op_003_01；参数=不适用；来源=原文及AI估计】加入牛奶，继续搅打均匀，使其呈质地细腻状。；投入=creamed_butter,ingredient_005；产出=milk_butter
第5步【id=op_005_01｜时间=180秒；资源=human_1；前置=op_004_01；参数=不适用；来源=原文及AI估计】筛入低筋面粉，加入杏仁粉，用刮刀搅拌均匀。；投入=milk_butter,ingredient_001,ingredient_002；产出=cookie_dough
第6步【id=op_006_01｜时间=240秒；资源=human_1；前置=op_005_01；参数=不适用；来源=原文及AI估计】将面团放烘焙纸上，盖保鲜袋，擀为0.5厘米厚的均匀面片。；投入=cookie_dough；产出=dough_sheet
第7步【id=op_007_01｜时间=1800秒；资源=fridge_freezer_1；前置=op_006_01；参数=temperature_c=-18,mode=冷冻；来源=原文及AI估计】将面片放入冰箱冷冻至冻硬。；投入=dough_sheet；产出=frozen_sheet
第8步【id=op_008_01｜时间=480秒；资源=human_1；前置=op_007_01；参数=不适用；来源=原文及AI估计】取出冻硬的面片，用饼干模刻出形状，移入垫有烘焙纸的烤盘中，刻完后剩余的面皮合并压实后参照以上步骤再次操作，直至面皮基本用完。；投入=frozen_sheet；产出=raw_cookies
第9步【id=op_009_01｜时间=60秒；资源=human_1,oven_1；前置=op_008_01；参数=temperature_c=170,mode=上下火；来源=原文及AI估计】设置设备程序/补水；糖霜饼干；投入=无食物投入；产出=无食物产出
第10步【id=op_009_02｜时间=600秒；资源=oven_1；前置=op_009_01；参数=temperature_c=170,mode=上下火；来源=原文及AI估计】预热/升温；糖霜饼干；投入=无食物投入；产出=无食物产出
第11步【id=op_009_03｜时间=60秒；资源=human_1,oven_1；前置=op_009_02,op_008_01；参数=temperature_c=170,mode=上下火；来源=原文及AI估计】装入本步骤食材；投入=raw_cookies；产出=flow_009_00_00
第12步【id=op_009_04｜时间=900秒；资源=oven_1；前置=op_009_03；参数=temperature_c=170,mode=上下火；来源=原文及AI估计】把烤盘放入烤箱第3层，选择“开始烹饪”按键，按屏幕提示操作。；投入=flow_009_00_00；产出=hot_cookies
第13步【id=op_011_01｜时间=30秒；资源=human_1,oven_1；前置=op_009_04；参数=temperature_c=170,mode=上下火；来源=原文及AI估计】烤制完成后取出饼干。；投入=hot_cookies；产出=unloaded_cookies
第14步【id=op_012_01｜时间=1200秒；资源=无独占资源；前置=op_011_01；参数=不适用；来源=原文及AI估计】将饼干放凉。；投入=unloaded_cookies；产出=cold_cookies
第15步【id=op_013_01｜时间=120秒；资源=human_1；前置=op_012_01；参数=不适用；来源=原文及AI估计】将蛋白粉、糖粉、凉开水倒入小碗中搅拌均匀，凉开水的量依据所需糖霜的稀稠度酌情加减。；投入=ingredient_006,ingredient_007,ingredient_008；产出=white_icing
第16步【id=op_014_01｜时间=120秒；资源=human_1；前置=op_013_01；参数=不适用；来源=原文及AI估计】将糖霜调入色素搅拌均匀（也可不加）。；投入=white_icing,ingredient_009；产出=colored_icing
第17步【id=op_015_01｜时间=1200秒；资源=human_1；前置=op_014_01,op_012_01；参数=不适用；来源=原文及AI估计】裱花袋剪合适大小的口子，装裱花嘴（常用最小号圆嘴）及糖霜，在饼干上画图样。；投入=cold_cookies,colored_icing；产出=iced_cookies
第18步【id=op_016_01｜时间=7200秒；资源=无独占资源；前置=op_015_01；参数=不适用；来源=原文及AI估计】放在烤架上晾干，至糖霜全部变硬。；投入=iced_cookies；产出=finished_cookies
第19步【id=op_999_01｜时间=60秒；资源=human_1；前置=op_016_01；参数=不适用；来源=原文及AI估计】确认全部必需分支完成并装盘上桌；投入=finished_cookies；产出=finaldish"
"5c86417e98d5bc7e184a90a8","抹茶红豆白玉卷","A料：糯米粉100g；粘米粉25g；牛奶150ml；黄油15g；白砂糖25g；B料：鸡蛋4个；水60ml；植物油25g；白砂糖75g；抹茶粉10g；低筋面粉60g；C料：红豆沙55g；水20ml；吉利丁5g；淡奶油65g；D料：淡奶油300g；白砂糖25g；补充：玉米淀粉10克","第1步【id=op_001_01｜时间=120秒；资源=human_1,steam_oven_1；前置=无；参数=temperature_c=100,mode=普通蒸；来源=原文及AI估计】红豆沙55g加水20ml拌匀，放入方太蒸箱。；投入=ingredient_012,ingredient_013；产出=bean_paste_mix
第2步【id=op_002_01｜时间=60秒；资源=human_1,steam_oven_1；前置=op_001_01；参数=temperature_c=100,mode=普通蒸；来源=原文及AI估计】设置设备程序/补水；抹茶红豆白玉卷；投入=无食物投入；产出=无食物产出
第3步【id=op_002_02｜时间=300秒；资源=steam_oven_1；前置=op_002_01；参数=temperature_c=100,mode=普通蒸；来源=原文及AI估计】预热/升温；抹茶红豆白玉卷；投入=无食物投入；产出=无食物产出
第4步【id=op_002_03｜时间=180秒；资源=steam_oven_1；前置=op_002_02,op_001_01；参数=temperature_c=100,mode=普通蒸；来源=原文及AI估计】设置100℃蒸制红豆沙。；投入=bean_paste_mix；产出=flow_005_00_00
第5步【id=op_1000_01｜时间=600秒；资源=无独占资源；前置=无；参数=不适用；来源=原文及AI估计】用冷水泡发吉利丁5克；投入=ingredient_014；产出=flow_001_00_00
第6步【id=op_1000_02｜时间=30秒；资源=human_1；前置=op_1000_01；参数=不适用；来源=原文及AI估计】沥去吉利丁表面水分；投入=flow_001_00_00；产出=soft_gelatin
第7步【id=op_1001_01｜时间=180秒；资源=stove_choice；前置=无；参数=power_level=7；来源=原文及AI估计】隔水融化15克黄油；投入=ingredient_004；产出=flow_002_00_00
第8步【id=op_1002_01｜时间=120秒；资源=human_1；前置=无；参数=不适用；来源=原文及AI估计】将4个鸡蛋蛋清蛋黄分离；投入=ingredient_006；产出=egg_whites,egg_yolks
第9步【id=op_8000_01｜时间=60秒；资源=human_1,stove_choice；前置=op_1001_01；参数=power_level=7；来源=原文及AI估计】本次加工结束，移出食物并释放设备；投入=flow_002_00_00；产出=melted_butter
第10步【id=op_8001_01｜时间=60秒；资源=human_1,steam_oven_1；前置=op_002_03；参数=temperature_c=100,mode=普通蒸；来源=原文及AI估计】本次加工结束，移出食物并释放设备；投入=flow_005_00_00；产出=hot_bean_paste
第11步【id=op_003_01｜时间=120秒；资源=human_1；前置=op_8001_01,op_1000_02；参数=不适用；来源=原文及AI估计】趁热加入泡软的吉利丁5g拌匀成红豆糊。；投入=hot_bean_paste,soft_gelatin；产出=bean_gelatin
第12步【id=op_004_01｜时间=120秒；资源=human_1；前置=op_003_01；参数=不适用；来源=原文及AI估计】淡奶油65g用手持电动打蛋器打至5成发，有轻微纹路流动性。；投入=ingredient_015；产出=soft_cream
第13步【id=op_1003_01｜时间=600秒；资源=无独占资源；前置=op_003_01；参数=不适用；来源=原文及AI估计】加入吉利丁的红豆糊放至温而不烫且未凝固，再与五成发奶油混合。；投入=bean_gelatin；产出=cooled_bean_gelatin
第14步【id=op_005_01｜时间=120秒；资源=human_1；前置=op_004_01,op_1003_01；参数=不适用；来源=原文及AI估计】倒入红豆糊拌匀，灌入爱心模具内，进冰箱。；投入=cooled_bean_gelatin,soft_cream；产出=bean_cream_mould
第15步【id=op_006_01｜时间=10800秒；资源=fridge_freezer_1；前置=op_005_01；参数=temperature_c=-18,mode=冷冻；来源=原文及AI估计】冷冻3小时。；投入=bean_cream_mould；产出=frozen_bean_cream
第16步【id=op_007_01｜时间=120秒；资源=human_1,steam_oven_1；前置=op_006_01,op_8000_01；参数=temperature_c=100,mode=普通蒸；来源=原文及AI估计】糯米粉和粘米粉混合，加入白砂糖25g、牛奶150ml、融化的液体黄油15g，拌成细腻面糊，放方太蒸箱。；投入=ingredient_001,ingredient_002,ingredient_003,ingredient_005,melted_butter；产出=skin_batter
第17步【id=op_008_01｜时间=60秒；资源=human_1,steam_oven_1；前置=op_007_01；参数=temperature_c=100,mode=普通蒸；来源=原文及AI估计】设置设备程序/补水；抹茶红豆白玉卷；投入=无食物投入；产出=无食物产出
第18步【id=op_008_02｜时间=1200秒；资源=steam_oven_1；前置=op_008_01,op_007_01；参数=temperature_c=100,mode=普通蒸；来源=原文及AI估计】设置100℃蒸制糯米皮面糊。；投入=skin_batter；产出=flow_012_00_00
第19步【id=op_8002_01｜时间=60秒；资源=human_1,steam_oven_1；前置=op_008_02；参数=temperature_c=100,mode=普通蒸；来源=原文及AI估计】本次加工结束，移出食物并释放设备；投入=flow_012_00_00；产出=hot_skin
第20步【id=op_009_01｜时间=360秒；资源=human_1；前置=op_8002_01,op_1002_01；参数=不适用；来源=原文及AI估计】4只蛋清边打发边分2次加入75g砂糖，打发至拉起打蛋器有一个弯弯的尖角备用。；投入=egg_whites,ingredient_009；产出=meringue
第21步【id=op_010_01｜时间=180秒；资源=human_1；前置=op_009_01,op_1002_01；参数=不适用；来源=原文及AI估计】混合水60ml和色拉油25ml，筛入低粉60g和抹茶粉10g搅拌拌匀，加入4个蛋黄，搅拌成顺滑的抹茶蛋黄糊。；投入=egg_yolks,ingredient_007,ingredient_008,ingredient_010,ingredient_011；产出=matcha_yolk_batter
第22步【id=op_011_01｜时间=120秒；资源=human_1；前置=op_010_01,op_009_01；参数=不适用；来源=原文及AI估计】分两次加入蛋白糊，拌匀制作成抹茶蛋糕糊。；投入=matcha_yolk_batter,meringue；产出=cake_batter
第23步【id=op_012_01｜时间=120秒；资源=human_1；前置=op_011_01；参数=不适用；来源=原文及AI估计】倒入铺好油纸的烤盘内，抹平表面，轻轻震出气泡。；投入=cake_batter；产出=cake_tray
第24步【id=op_013_01｜时间=60秒；资源=human_1,oven_1；前置=op_012_01；参数=temperature_c=170,mode=上下火；来源=原文及AI估计】设置设备程序/补水；抹茶红豆白玉卷；投入=无食物投入；产出=无食物产出
第25步【id=op_013_02｜时间=600秒；资源=oven_1；前置=op_013_01；参数=temperature_c=170,mode=上下火；来源=原文及AI估计】预热/升温；抹茶红豆白玉卷；投入=无食物投入；产出=无食物产出
第26步【id=op_013_03｜时间=60秒；资源=human_1,oven_1；前置=op_013_02,op_012_01；参数=temperature_c=170,mode=上下火；来源=原文及AI估计】装入本步骤食材；投入=cake_tray；产出=flow_017_00_00
第27步【id=op_013_04｜时间=1080秒；资源=oven_1；前置=op_013_03；参数=temperature_c=170,mode=上下火；来源=原文及AI估计】放入方太烤箱中层，选择“开始烹饪”按键，按屏幕提示操作。；投入=flow_017_00_00；产出=hot_cake
第28步【id=op_014_01｜时间=60秒；资源=human_1,oven_1；前置=op_013_04；参数=temperature_c=170,mode=上下火；来源=原文及AI估计】取出烤好的抹茶蛋糕放网架；投入=hot_cake；产出=cooled_cake
第29步【id=op_014_02｜时间=1800秒；资源=无独占资源；前置=op_014_01；参数=不适用；来源=原文及AI估计】将抹茶蛋糕充分放凉；投入=cooled_cake；产出=flow_019_00_00
第30步【id=op_014_03｜时间=120秒；资源=human_1；前置=op_014_02；参数=不适用；来源=原文及AI估计】切成两片20乘5厘米蛋糕片；投入=flow_019_00_00；产出=cake_slices
第31步【id=op_015_01｜时间=300秒；资源=human_1；前置=op_014_03；参数=不适用；来源=原文及AI估计】淡奶油300g加入白砂糖25g，用电动打蛋器中速打至9成发，呈现硬挺状。；投入=ingredient_016,ingredient_017；产出=firm_cream
第32步【id=op_016_01｜时间=1200秒；资源=无独占资源；前置=op_015_01,op_8002_01；参数=不适用；来源=原文及AI估计】等待糯米皮面团冷却。；投入=hot_skin；产出=cold_skin
第33步【id=op_017_01｜时间=420秒；资源=human_1；前置=op_016_01；参数=不适用；来源=原文及AI估计】桌面撒玉米淀粉，将冷却的糯米皮擀成20X25cm长方形；铺油纸后翻面，将油纸垫下面。；投入=cold_skin,ingredient_018；产出=rolled_skin
第34步【id=op_018_01｜时间=240秒；资源=human_1；前置=op_017_01,op_014_03,op_015_01,op_006_01；参数=不适用；来源=原文及AI估计】糯米皮最顶端处放一片抹茶蛋糕，挤上奶油夹层，放入制作好的红豆奶冻，再挤上奶油夹层，最上层放入另外一片抹茶蛋糕片，卷成蛋糕卷。；投入=rolled_skin,cake_slices,firm_cream,frozen_bean_cream；产出=assembled_rolls
第35步【id=op_019_01｜时间=300秒；资源=human_1；前置=op_018_01；参数=不适用；来源=原文及AI估计】按照步骤卷好的两条蛋糕卷放入冰箱。；投入=assembled_rolls；产出=loaded_rolls
第36步【id=op_020_01｜时间=7200秒；资源=fridge_freezer_1；前置=op_019_01；参数=temperature_c=-18,mode=冷冻；来源=原文及AI估计】冷冻定型2小时。；投入=loaded_rolls；产出=set_rolls
第37步【id=op_021_01｜时间=180秒；资源=human_1；前置=op_020_01；参数=不适用；来源=原文及AI估计】切片即可享用。；投入=set_rolls；产出=finished_rolls
第38步【id=op_999_01｜时间=60秒；资源=human_1；前置=op_021_01；参数=不适用；来源=原文及AI估计】确认全部必需分支完成并装盘上桌；投入=finished_rolls；产出=finaldish"
"5d664a986601a865649f9aba","大理石饼干","A料：低筋面粉150克；黄油80克；糖粉60克；蛋白25克；香草粉5克；B料：低筋面粉78克；可可粉12克；黄油48克；糖粉36克；鸡蛋液15克","第1步【id=op_001_01｜时间=30秒；资源=human_1；前置=无；参数=不适用；来源=原文及AI估计】把低筋面粉倒在容器中，放入香草粉。；投入=ingredient_001,ingredient_005；产出=vanilla_flour
第2步【id=op_002_01｜时间=120秒；资源=human_1；前置=op_001_01；参数=不适用；来源=原文及AI估计】倒入糖粉、蛋清，搅匀。；投入=vanilla_flour,ingredient_003,ingredient_004；产出=vanilla_wet_mix
第3步【id=op_003_01｜时间=30秒；资源=human_1；前置=op_002_01；参数=不适用；来源=原文及AI估计】倒入黄油。；投入=vanilla_wet_mix,ingredient_002；产出=vanilla_butter_mix
第4步【id=op_004_01｜时间=120秒；资源=human_1；前置=op_003_01；参数=不适用；来源=原文及AI估计】将材料混合均匀。；投入=vanilla_butter_mix；产出=mixed_vanilla
第5步【id=op_005_01｜时间=360秒；资源=human_1；前置=op_004_01；参数=不适用；来源=原文及AI估计】揉搓成香草面团。；投入=mixed_vanilla；产出=vanilla_dough
第6步【id=op_006_01｜时间=30秒；资源=human_1；前置=op_005_01；参数=不适用；来源=原文及AI估计】把低筋面粉倒在另一个容器中，放入可可粉。；投入=ingredient_006,ingredient_007；产出=cocoa_flour
第7步【id=op_007_01｜时间=120秒；资源=human_1；前置=op_006_01；参数=不适用；来源=原文及AI估计】倒入白糖、鸡蛋，用刮板搅匀。；投入=cocoa_flour,ingredient_009,ingredient_010；产出=cocoa_wet_mix
第8步【id=op_008_01｜时间=120秒；资源=human_1；前置=op_007_01；参数=不适用；来源=原文及AI估计】加入黄油。；投入=cocoa_wet_mix,ingredient_008；产出=cocoa_butter_mix
第9步【id=op_009_01｜时间=360秒；资源=human_1；前置=op_008_01；参数=不适用；来源=原文及AI估计】将材料混合均匀，揉搓圆，制成巧克力面团。；投入=cocoa_butter_mix；产出=cocoa_dough
第10步【id=op_010_01｜时间=180秒；资源=human_1；前置=op_009_01,op_005_01；参数=不适用；来源=原文及AI估计】将巧克力面团、香草面团混合均匀。；投入=vanilla_dough,cocoa_dough；产出=marble_dough
第11步【id=op_011_01｜时间=180秒；资源=human_1；前置=op_010_01；参数=不适用；来源=原文及AI估计】揉搓成直径为4厘米的长条状。；投入=marble_dough；产出=dough_log
第12步【id=op_012_01｜时间=180秒；资源=human_1；前置=op_011_01；参数=不适用；来源=原文及AI估计】用油纸将长条面团包住，放入冰箱。；投入=dough_log；产出=wrapped_log
第13步【id=op_013_01｜时间=1200秒；资源=fridge_freezer_1；前置=op_012_01；参数=temperature_c=-18,mode=冷冻；来源=原文及AI估计】冷冻20分钟至定型。；投入=wrapped_log；产出=frozen_log
第14步【id=op_014_01｜时间=30秒；资源=human_1；前置=op_013_01；参数=不适用；来源=原文及AI估计】取出，撕去油纸，切成直径为0.5厘米等同的片状，制成饼干生坯。；投入=frozen_log；产出=cookie_slices
第15步【id=op_015_01｜时间=30秒；资源=human_1；前置=op_014_01；参数=不适用；来源=原文及AI估计】将生坯放入垫有油纸的烤盘中。；投入=cookie_slices；产出=tray_cookies
第16步【id=op_016_01｜时间=30秒；资源=human_1,oven_1；前置=op_015_01；参数=temperature_c=180,mode=上下火；来源=原文及AI估计】放入烤箱中。；投入=tray_cookies；产出=loaded_cookies
第17步【id=op_017_01｜时间=60秒；资源=human_1,oven_1；前置=op_016_01；参数=temperature_c=180,mode=上下火；来源=原文及AI估计】设置设备程序/补水；大理石饼干；投入=无食物投入；产出=无食物产出
第18步【id=op_017_02｜时间=600秒；资源=oven_1；前置=op_017_01；参数=temperature_c=180,mode=上下火；来源=原文及AI估计】预热/升温；大理石饼干；投入=无食物投入；产出=无食物产出
第19步【id=op_017_03｜时间=900秒；资源=oven_1；前置=op_017_02,op_016_01；参数=temperature_c=180,mode=上下火；来源=原文及AI估计】选择“常规烘焙”模式，以180℃烤制15分钟.。；投入=loaded_cookies；产出=baked_cookies
第20步【id=op_018_01｜时间=30秒；资源=human_1,oven_1；前置=op_017_03；参数=temperature_c=180,mode=上下火；来源=原文及AI估计】打开箱门，取出烤好的饼干即可。；投入=baked_cookies；产出=served_cookies
第21步【id=op_999_01｜时间=60秒；资源=human_1；前置=op_018_01；参数=不适用；来源=原文及AI估计】确认全部必需分支完成并装盘上桌；投入=served_cookies；产出=finaldish"
"65433a5545256c3ad7c26a5b","莲藕虾肉饼","主料：猪肉糜100克；咸鸭蛋蛋清1个；虾仁8个；莲藕150克；香菜2棵；香葱5克；咸蛋黄4个；辅料：白砂糖2克；料酒10毫升；白胡椒1克；盐3克","第1步【id=op_002_01｜时间=300秒；资源=human_1；前置=无；参数=不适用；来源=原文及AI估计】莲藕切丝、芫荽切碎、虾肉切丁备用。；投入=ingredient_003,ingredient_004,ingredient_005,ingredient_006；产出=shrimp_dice,lotus_shreds,herbs
第2步【id=op_003_01｜时间=180秒；资源=human_1；前置=op_002_01；参数=不适用；来源=原文及AI估计】将猪肉糜、虾肉、莲藕丝放入碗中，加入盐、糖、料酒，剁碎的香菜，少许葱花，一个咸鸭蛋的蛋清，白胡椒粉搅拌均匀。；投入=ingredient_001,ingredient_002,shrimp_dice,lotus_shreds,herbs,ingredient_008,ingredient_009,ingredient_010,ingredient_011；产出=meat_mix
第3步【id=op_004_01｜时间=120秒；资源=human_1；前置=op_003_01；参数=不适用；来源=原文及AI估计】然后将咸蛋黄铺在肉上面。；投入=meat_mix,ingredient_007；产出=topped_meat
第4步【id=op_005_01｜时间=60秒；资源=human_1,steam_oven_1；前置=op_004_01；参数=temperature_c=100,mode=普通蒸；来源=原文及AI估计】设置设备程序/补水；莲藕虾肉饼；投入=无食物投入；产出=无食物产出
第5步【id=op_005_02｜时间=300秒；资源=steam_oven_1；前置=op_005_01；参数=temperature_c=100,mode=普通蒸；来源=原文及AI估计】预热/升温；莲藕虾肉饼；投入=无食物投入；产出=无食物产出
第6步【id=op_005_03｜时间=60秒；资源=human_1,steam_oven_1；前置=op_005_02,op_004_01；参数=temperature_c=100,mode=普通蒸；来源=原文及AI估计】装入本步骤食材；投入=topped_meat；产出=flow_004_00_00
第7步【id=op_005_04｜时间=1080秒；资源=steam_oven_1；前置=op_005_03；参数=temperature_c=100,mode=普通蒸；来源=原文及AI估计】放入方太智能烹饪设备，开启电源，取出水箱加满水，选择“开始烹饪”按键，按屏幕提示操作。；投入=flow_004_00_00；产出=flow_004_01_00
第8步【id=op_8000_01｜时间=60秒；资源=human_1,steam_oven_1；前置=op_005_04；参数=temperature_c=100,mode=普通蒸；来源=原文及AI估计】本次加工结束，移出食物并释放设备；投入=flow_004_01_00；产出=steamed_patty
第9步【id=op_999_01｜时间=60秒；资源=human_1；前置=op_8000_01；参数=不适用；来源=原文及AI估计】确认全部必需分支完成并装盘上桌；投入=steamed_patty；产出=finaldish"
"6889acfbf5dd4d1e1f228e84","沙参老鸭麦冬汤","主料：老鸭1500克；沙参30克；麦冬10克；辅料：盐10克；姜片15克；大葱段20克；黄酒20克；纯净水2000克","第1步【id=op_1000_01｜时间=300秒；资源=human_1；前置=无；参数=不适用；来源=原文及AI估计】老鸭清理洗净后切成适合焯水的鸭块。；投入=ingredient_001；产出=duck_chunks
第2步【id=op_001_01｜时间=600秒；资源=human_1,stove_choice；前置=op_1000_01；参数=power_level=7；来源=原文及AI估计】将鸭块、姜片、葱段、料酒和没过食材的水放入锅中，开中大火进行焯水，结束后洗净鸭块。；投入=duck_chunks,ingredient_005,ingredient_006,ingredient_007；产出=blanched_duck
第3步【id=op_002_01｜时间=300秒；资源=human_1,stove_choice；前置=op_001_01；参数=power_level=7；来源=原文及AI估计】再将焯好的鸭块进行煸炒出油，炒至微黄后，撇去多余的油脂。；投入=blanched_duck；产出=fried_duck
第4步【id=op_1001_01｜时间=120秒；资源=human_1；前置=无；参数=不适用；来源=原文及AI估计】沙参和麦冬洗净，装入可用于炖汤的料包。；投入=ingredient_002,ingredient_003；产出=herb_pack
第5步【id=op_003_01｜时间=30秒；资源=human_1,stove_choice；前置=op_002_01,op_1001_01；参数=power_level=7；来源=原文及AI估计】将炒好的鸭块、沙参麦冬包和2000g纯净水放入砂锅中。；投入=fried_duck,herb_pack,ingredient_008,ingredient_004；产出=flow_005_00_00,flow_005_00_01,flow_005_00_02,flow_005_00_03
第6步【id=op_8000_01｜时间=60秒；资源=human_1,stove_choice；前置=op_003_01；参数=power_level=7；来源=原文及AI估计】本次加工结束，移出食物并释放设备；投入=flow_005_00_00,flow_005_00_01,flow_005_00_02,flow_005_00_03；产出=duck_soup_pot
第7步【id=op_004_01｜时间=60秒；资源=human_1,steam_oven_1；前置=op_8000_01；参数=temperature_c=100,mode=普通蒸；来源=原文及AI估计】设置设备程序/补水；沙参老鸭麦冬汤；投入=无食物投入；产出=无食物产出
第8步【id=op_004_02｜时间=300秒；资源=steam_oven_1；前置=op_004_01；参数=temperature_c=100,mode=普通蒸；来源=原文及AI估计】预热/升温；沙参老鸭麦冬汤；投入=无食物投入；产出=无食物产出
第9步【id=op_004_03｜时间=60秒；资源=human_1,steam_oven_1；前置=op_004_02,op_8000_01；参数=temperature_c=100,mode=普通蒸；来源=原文及AI估计】装入本步骤食材；投入=duck_soup_pot；产出=flow_006_00_00
第10步【id=op_004_04｜时间=7200秒；资源=steam_oven_1；前置=op_004_03；参数=temperature_c=100,mode=普通蒸；来源=原文及AI估计】将其放在蒸烤架上，放入机器最底层，设置普通蒸100℃，120分钟。；投入=flow_006_00_00；产出=flow_006_01_00
第11步【id=op_8001_01｜时间=60秒；资源=human_1,steam_oven_1；前置=op_004_04；参数=temperature_c=100,mode=普通蒸；来源=原文及AI估计】本次加工结束，移出食物并释放设备；投入=flow_006_01_00；产出=duck_soup
第12步【id=op_999_01｜时间=60秒；资源=human_1；前置=op_8001_01；参数=不适用；来源=原文及AI估计】确认全部必需分支完成并装盘上桌；投入=duck_soup；产出=finaldish"
"5c81cf416dc6e123a037a1f0","原味墨西哥面包","A料：高筋面粉150克；牛奶75克；鸡蛋15克；白糖25克；黄油15克；酵母2克；盐1克；B料：糖粉30克；黄油28克；盐少许；鸡蛋27克；低筋面粉30克","第1步【id=op_1000_01｜时间=900秒；资源=无独占资源；前置=无；参数=不适用；来源=原文及AI估计】将A料15克黄油取出置室温软化至可揉入面团。；投入=ingredient_005；产出=soft_dough_butter
第2步【id=op_001_01｜时间=1500秒；资源=human_1；前置=op_1000_01；参数=不适用；来源=原文及AI估计】将A中除黄油外的所有原来混合揉成团,待面团揉至光滑，加入软化的黄油,继续揉面至完全扩展状态，即拉伸面团可以拉出薄膜，形成的薄膜不易破，破裂边沿处也较光滑。；投入=ingredient_001,ingredient_002,ingredient_003,ingredient_004,ingredient_006,ingredient_007,soft_dough_butter；产出=bread_dough
第3步【id=op_002_01｜时间=360秒；资源=human_1；前置=op_001_01；参数=不适用；来源=原文及AI估计】将揉好的面团整圆，盖上保鲜膜，准备进行第一次发酵。；投入=bread_dough；产出=rounded_dough
第4步【id=op_003_01｜时间=7200秒；资源=无独占资源；前置=op_002_01；参数=不适用；来源=原文及AI估计】发酵，选择烤箱“发酵”，设置35~40℃，时间1~2小时，发酵至两倍大。；投入=rounded_dough；产出=first_risen
第5步【id=op_004_01｜时间=180秒；资源=human_1；前置=op_003_01；参数=不适用；来源=原文及AI估计】将面团取出排气，分割成三等分，滚圆，放入模具，准备第二次发酵。；投入=first_risen；产出=shaped_buns
第6步【id=op_005_01｜时间=5400秒；资源=无独占资源；前置=op_004_01；参数=不适用；来源=原文及AI估计】发酵，选择烤箱“发酵”，设置35~40℃，时间40~90分钟，发酵至两倍大。；投入=shaped_buns；产出=second_risen
第7步【id=op_1001_01｜时间=900秒；资源=无独占资源；前置=无；参数=不适用；来源=原文及AI估计】将B料28克黄油取出置室温软化至可搅拌制酱。；投入=ingredient_009；产出=soft_topping_butter
第8步【id=op_006_01｜时间=120秒；资源=human_1；前置=op_1001_01；参数=不适用；来源=原文及AI估计】发酵期间准备墨西哥酱：将软化的黄油加糖粉和盐搅匀，不要过分搅拌。；投入=soft_topping_butter,ingredient_008,ingredient_010,ingredient_011；产出=topping_liquid
第9步【id=op_007_01｜时间=120秒；资源=human_1；前置=op_006_01；参数=不适用；来源=原文及AI估计】倒入低筋面粉，搅拌均匀,把墨西哥面糊装入裱花袋。；投入=topping_liquid,ingredient_012；产出=topping_batter
第10步【id=op_008_01｜时间=120秒；资源=human_1；前置=op_005_01,op_007_01；参数=不适用；来源=原文及AI估计】在面团上以螺旋状挤出墨西哥面糊，大约盖住面团的2/3即可。；投入=second_risen,topping_batter；产出=topped_buns
第11步【id=op_009_01｜时间=60秒；资源=human_1,oven_1；前置=op_008_01；参数=temperature_c=180,mode=上下火；来源=原文及AI估计】设置设备程序/补水；原味墨西哥面包；投入=无食物投入；产出=无食物产出
第12步【id=op_009_02｜时间=600秒；资源=oven_1；前置=op_009_01；参数=temperature_c=180,mode=上下火；来源=原文及AI估计】预热/升温；原味墨西哥面包；投入=无食物投入；产出=无食物产出
第13步【id=op_009_03｜时间=1080秒；资源=oven_1；前置=op_009_02,op_008_01；参数=temperature_c=180,mode=上下火；来源=原文及AI估计】选择“开始烹饪”按键，按屏幕提示操作。；投入=topped_buns；产出=flow_011_00_00
第14步【id=op_8000_01｜时间=60秒；资源=human_1,oven_1；前置=op_009_03；参数=temperature_c=180,mode=上下火；来源=原文及AI估计】本次加工结束，移出食物并释放设备；投入=flow_011_00_00；产出=baked_buns
第15步【id=op_999_01｜时间=60秒；资源=human_1；前置=op_8000_01；参数=不适用；来源=原文及AI估计】确认全部必需分支完成并装盘上桌；投入=baked_buns；产出=finaldish"
"64f5510a255d3b02f695fde1","腊味蒸素鸡","主料：素鸡300克；腊肠50克；腊肉50克；辅料：盐3克；糖3克；料酒10克；葱10克；姜10克","第1步【id=op_002_01｜时间=240秒；资源=human_1；前置=无；参数=不适用；来源=原文及AI估计】腊味切片，素鸡对半切开后切成5毫米的片，姜切丝，小葱切成葱花。；投入=ingredient_001,ingredient_002,ingredient_003,ingredient_007,ingredient_008；产出=tofu_slices,cured_slices,ginger_shreds,scallions
第2步【id=op_003_01｜时间=120秒；资源=human_1；前置=op_002_01；参数=不适用；来源=原文及AI估计】素鸡在盘底铺圈，撒上盐、糖、料酒。；投入=tofu_slices,ingredient_004,ingredient_005,ingredient_006；产出=seasoned_tofu
第3步【id=op_004_01｜时间=900秒；资源=fridge_cold_1；前置=op_003_01；参数=temperature_c=4,mode=冷藏；来源=原文及AI估计】腌制入味。；投入=seasoned_tofu；产出=marinated_tofu
第4步【id=op_005_01｜时间=120秒；资源=human_1；前置=op_004_01,op_002_01；参数=不适用；来源=原文及AI估计】腊味铺在素鸡上面，加上姜丝。；投入=marinated_tofu,cured_slices,ginger_shreds；产出=assembled_tofu
第5步【id=op_006_01｜时间=60秒；资源=human_1,steam_oven_1；前置=op_005_01；参数=temperature_c=100,mode=普通蒸；来源=原文及AI估计】设置设备程序/补水；腊味蒸素鸡；投入=无食物投入；产出=无食物产出
第6步【id=op_006_02｜时间=300秒；资源=steam_oven_1；前置=op_006_01；参数=temperature_c=100,mode=普通蒸；来源=原文及AI估计】预热/升温；腊味蒸素鸡；投入=无食物投入；产出=无食物产出
第7步【id=op_006_03｜时间=60秒；资源=human_1,steam_oven_1；前置=op_006_02,op_005_01；参数=temperature_c=100,mode=普通蒸；来源=原文及AI估计】装入本步骤食材；投入=assembled_tofu；产出=flow_005_00_00
第8步【id=op_006_04｜时间=900秒；资源=steam_oven_1；前置=op_006_03；参数=temperature_c=100,mode=普通蒸；来源=原文及AI估计】放入方太智能烹饪设备第2层，开启电源，取出水箱加满水，选择“开始烹饪”按键，按屏幕提示操作。；投入=flow_005_00_00；产出=steamed_tofu
第9步【id=op_007_01｜时间=120秒；资源=human_1,steam_oven_1；前置=op_006_04,op_002_01；参数=temperature_c=100,mode=普通蒸；来源=原文及AI估计】取出后撒上葱花即可食用。；投入=steamed_tofu,scallions；产出=finished_tofu
第10步【id=op_999_01｜时间=60秒；资源=human_1；前置=op_007_01；参数=不适用；来源=原文及AI估计】确认全部必需分支完成并装盘上桌；投入=finished_tofu；产出=finaldish"
"5c8762bd98d5bc7e184a917c","烤鱿鱼干","主料：干鱿鱼1条；辅料：生抽5毫升；芥末5克","第1步【id=op_001_01｜时间=120秒；资源=human_1；前置=无；参数=不适用；来源=原文及AI估计】将干鱿鱼表面的皮和胶板撕掉。；投入=ingredient_001；产出=clean_squid
第2步【id=op_002_01｜时间=120秒；资源=human_1；前置=op_001_01；参数=不适用；来源=原文及AI估计】用竹签将干鱿鱼穿成串，待用。；投入=clean_squid；产出=skewered_squid
第3步【id=op_003_01｜时间=120秒；资源=human_1,oven_1；前置=op_002_01；参数=temperature_c=230,mode=顶部烤；来源=原文及AI估计】在烤盘中铺上锡纸，将干鱿鱼放到锡纸上，将烤盘置入烤箱中。；投入=skewered_squid；产出=loaded_squid
第4步【id=op_004_01｜时间=600秒；资源=oven_1；前置=op_003_01；参数=temperature_c=230,mode=顶部烤；来源=原文及AI估计】预热/升温；烤鱿鱼干；投入=无食物投入；产出=无食物产出
第5步【id=op_004_02｜时间=90秒；资源=oven_1；前置=op_004_01,op_003_01；参数=temperature_c=230,mode=顶部烤；来源=原文及AI估计】顶部烤230℃烤鱿鱼干90秒（原240℃60秒的AI替代）；投入=loaded_squid；产出=flow_004_00_00
第6步【id=op_8000_01｜时间=60秒；资源=human_1,oven_1；前置=op_004_02；参数=temperature_c=230,mode=顶部烤；来源=原文及AI估计】本次加工结束，移出食物并释放设备；投入=flow_004_00_00；产出=roasted_squid
第7步【id=op_005_01｜时间=120秒；资源=human_1；前置=op_8000_01；参数=不适用；来源=原文及AI估计】将烤好的鱿鱼干装入盘中，把鱿鱼干撕成细丝，摆上适量生抽和芥末，蘸着食用即可。；投入=roasted_squid,ingredient_002,ingredient_003；产出=served_squid
第8步【id=op_999_01｜时间=60秒；资源=human_1；前置=op_005_01；参数=不适用；来源=原文及AI估计】确认全部必需分支完成并装盘上桌；投入=served_squid；产出=finaldish"
"5fe1972d5f8f38795ea6fe7b","秘制叉烧","A料：梅花肉（或五花肉）400克；B料：老抽10克；生抽15克；红腐乳40克；细砂糖45克；五香粉1克；蒜蓉5克；蚝油25克；红糟或红腐乳汁18克","第1步【id=op_001_01｜时间=120秒；资源=human_1；前置=无；参数=不适用；来源=原文及AI估计】用肉针（肉锤）在猪肉的正反两面扎孔（捶打），再将猪肉切成厚约 2cm，宽约 6cm 的肉块。；投入=ingredient_001；产出=pork_chunks
第2步【id=op_002_01｜时间=30秒；资源=human_1；前置=op_001_01；参数=不适用；来源=原文及AI估计】将肉块放入盆中，加入 B 中的腌料。；投入=pork_chunks,ingredient_002,ingredient_003,ingredient_004,ingredient_005,ingredient_006,ingredient_007,ingredient_008,ingredient_009；产出=pork_with_sauce
第3步【id=op_003_01｜时间=360秒；资源=human_1；前置=op_002_01；参数=不适用；来源=原文及AI估计】将肉块与腌料 B 揉捏均匀。；投入=pork_with_sauce；产出=seasoned_pork
第4步【id=op_004_01｜时间=30秒；资源=human_1；前置=op_003_01；参数=不适用；来源=原文及AI估计】装入保鲜袋中放入冰箱。；投入=seasoned_pork；产出=bagged_pork
第5步【id=op_005_01｜时间=54000秒；资源=fridge_cold_1；前置=op_004_01；参数=temperature_c=4,mode=冷藏；来源=原文及AI估计】冷藏 15 个小时以上使之充分入味。；投入=bagged_pork；产出=marinated_pork
第6步【id=op_006_01｜时间=30秒；资源=human_1；前置=op_005_01；参数=不适用；来源=原文及AI估计】将腌制好的肉从冰箱取出，沥去多余腌汁。；投入=marinated_pork；产出=drained_pork
第7步【id=op_007_01｜时间=1800秒；资源=无独占资源；前置=op_006_01；参数=不适用；来源=原文及AI估计】等待肉块恢复至常温。；投入=drained_pork；产出=room_pork
第8步【id=op_008_01｜时间=120秒；资源=human_1；前置=op_007_01；参数=不适用；来源=原文及AI估计】烤架放在垫有锡纸的烤盘上，将肉块放在烤架上。；投入=room_pork；产出=racked_pork
第9步【id=op_009_01｜时间=60秒；资源=human_1,oven_1；前置=op_008_01；参数=temperature_c=190,mode=上下火；来源=原文及AI估计】设置设备程序/补水；秘制叉烧；投入=无食物投入；产出=无食物产出
第10步【id=op_009_02｜时间=600秒；资源=oven_1；前置=op_009_01；参数=temperature_c=190,mode=上下火；来源=原文及AI估计】预热/升温；秘制叉烧；投入=无食物投入；产出=无食物产出
第11步【id=op_009_03｜时间=2100秒；资源=oven_1；前置=op_009_02,op_008_01；参数=temperature_c=190,mode=上下火；来源=原文及AI估计】选择“开始烹饪”按键，按屏幕提示操作。；投入=racked_pork；产出=cooked_pork
第12步【id=op_010_01｜时间=30秒；资源=human_1,oven_1；前置=op_009_03；参数=temperature_c=190,mode=上下火；来源=原文及AI估计】待烹饪结束，取出即可食用。；投入=cooked_pork；产出=served_pork
第13步【id=op_999_01｜时间=60秒；资源=human_1；前置=op_010_01；参数=不适用；来源=原文及AI估计】确认全部必需分支完成并装盘上桌；投入=served_pork；产出=finaldish"
"65f7f4ee85eb6c79dfb992ff","皂角银耳羹","A料：干银耳15克；干皂角米15克；干桃胶5克；干雪燕5克；水1500克；冰糖85克；红枣6个；枸杞12个","第1步【id=op_001_01｜时间=86400秒；资源=无独占资源；前置=无；参数=不适用；来源=原文及AI估计】干桃胶、干雪燕、干皂角米提前一天用冷水泡发。；投入=ingredient_002,ingredient_003,ingredient_004；产出=soaked_gums
第2步【id=op_002_01｜时间=120秒；资源=human_1；前置=op_001_01；参数=不适用；来源=原文及AI估计】挑去泡发食材中的杂质。；投入=soaked_gums；产出=clean_gums
第3步【id=op_1000_01｜时间=180秒；资源=human_1,stove_choice；前置=无；参数=power_level=7；来源=原文及AI估计】制备泡银耳所需工艺温水；投入=无食物投入；产出=无食物产出
第4步【id=op_8000_01｜时间=60秒；资源=human_1,stove_choice；前置=op_1000_01；参数=power_level=7；来源=原文及AI估计】本次加工结束，移出食物并释放设备；投入=无食物投入；产出=无食物产出
第5步【id=op_003_01｜时间=30秒；资源=human_1；前置=op_002_01,op_8000_01；参数=不适用；来源=原文及AI估计】将银耳放入温水。；投入=ingredient_001；产出=tremella_in_water
第6步【id=op_004_01｜时间=2400秒；资源=无独占资源；前置=op_003_01；参数=不适用；来源=原文及AI估计】泡发银耳。；投入=tremella_in_water；产出=soaked_tremella
第7步【id=op_005_01｜时间=120秒；资源=human_1；前置=op_004_01；参数=不适用；来源=原文及AI估计】剪去银耳根部，切小朵备用。；投入=soaked_tremella；产出=tremella_florets
第8步【id=op_006_01｜时间=180秒；资源=human_1；前置=op_005_01；参数=不适用；来源=原文及AI估计】红枣洗净备用。；投入=ingredient_007；产出=washed_dates
第9步【id=op_007_01｜时间=600秒；资源=无独占资源；前置=op_006_01；参数=不适用；来源=原文及AI估计】枸杞泡发备用。；投入=ingredient_008；产出=soaked_goji
第10步【id=op_008_01｜时间=30秒；资源=human_1；前置=op_007_01,op_002_01,op_005_01,op_006_01；参数=不适用；来源=原文及AI估计】取一带盖大碗或砂锅，放入所有材料（除枸杞）。；投入=clean_gums,tremella_florets,washed_dates,ingredient_005,ingredient_006；产出=dessert_pot
第11步【id=op_009_01｜时间=60秒；资源=human_1,oven_1；前置=op_008_01；参数=temperature_c=180,mode=上下火；来源=原文及AI估计】设置设备程序/补水；皂角银耳羹；投入=无食物投入；产出=无食物产出
第12步【id=op_009_02｜时间=600秒；资源=oven_1；前置=op_009_01；参数=temperature_c=180,mode=上下火；来源=原文及AI估计】预热/升温；皂角银耳羹；投入=无食物投入；产出=无食物产出
第13步【id=op_009_03｜时间=60秒；资源=human_1,oven_1；前置=op_009_02,op_008_01；参数=temperature_c=180,mode=上下火；来源=原文及AI估计】装入本步骤食材；投入=dessert_pot；产出=flow_009_00_00
第14步【id=op_009_04｜时间=5400秒；资源=oven_1；前置=op_009_03；参数=temperature_c=180,mode=上下火；来源=原文及AI估计】放在烤架上，放入蒸烤箱第二层，水箱加满水，按照屏端提示操作，点击确认键开始烹饪。；投入=flow_009_00_00；产出=flow_009_01_00
第15步【id=op_8002_01｜时间=60秒；资源=human_1,oven_1；前置=op_009_04；参数=temperature_c=180,mode=上下火；来源=原文及AI估计】本次加工结束，移出食物并释放设备；投入=flow_009_01_00；产出=cooked_dessert
第16步【id=op_010_01｜时间=120秒；资源=human_1,steam_oven_1；前置=op_8002_01,op_007_01；参数=temperature_c=100,mode=普通蒸；来源=原文及AI估计】蒸好后取出，撒上枸杞，可趁热食用。；投入=cooked_dessert,soaked_goji；产出=finished_dessert
第17步【id=op_999_01｜时间=60秒；资源=human_1；前置=op_010_01；参数=不适用；来源=原文及AI估计】确认全部必需分支完成并装盘上桌；投入=finished_dessert；产出=finaldish"
"600e4f733f3ff83ca1e5191a","柠檬干","主料：新鲜柠檬300克","第1步【id=op_001_01｜时间=120秒；资源=human_1；前置=无；参数=不适用；来源=原文及AI估计】将柠檬切成1-2mm厚的薄片。；投入=ingredient_001；产出=lemon_slices
第2步【id=op_002_01｜时间=120秒；资源=human_1,oven_1；前置=op_001_01；参数=temperature_c=80,mode=蔬果干；来源=原文及AI估计】将柠檬片平铺在蒸烤架上，放入机器中间层，关门。；投入=lemon_slices；产出=racked_lemon
第3步【id=op_003_01｜时间=60秒；资源=human_1,oven_1；前置=op_002_01；参数=temperature_c=80,mode=蔬果干；来源=原文及AI估计】设置设备程序/补水；柠檬干；投入=无食物投入；产出=无食物产出
第4步【id=op_003_02｜时间=600秒；资源=oven_1；前置=op_003_01；参数=temperature_c=80,mode=蔬果干；来源=原文及AI估计】预热/升温；柠檬干；投入=无食物投入；产出=无食物产出
第5步【id=op_003_03｜时间=10800秒；资源=oven_1；前置=op_003_02,op_002_01；参数=temperature_c=80,mode=蔬果干；来源=原文及AI估计】开启电源，选择“开始烹饪”按键，按屏幕提示操作。；投入=racked_lemon；产出=flow_003_00_00
第6步【id=op_8000_01｜时间=60秒；资源=human_1,oven_1；前置=op_003_03；参数=temperature_c=80,mode=蔬果干；来源=原文及AI估计】本次加工结束，移出食物并释放设备；投入=flow_003_00_00；产出=dried_lemon
第7步【id=op_999_01｜时间=60秒；资源=human_1；前置=op_8000_01；参数=不适用；来源=原文及AI估计】确认全部必需分支完成并装盘上桌；投入=dried_lemon；产出=finaldish"
"5d5665cea9114174727c8be4","培根披萨","A料：高筋面粉200克；酵母3克；黄油20克；水80毫升；盐1克；白糖10克；鸡蛋1个；B料：彩椒丁30克；玉米粒30克；培根片50克；番茄酱20克；芝士碎40克","第1步【id=op_001_01｜时间=30秒；资源=human_1；前置=无；参数=不适用；来源=原文及AI估计】将酵母倒入清水中，加入细砂糖。；投入=ingredient_002,ingredient_004,ingredient_006；产出=yeast_sugar_water
第2步【id=op_002_01｜时间=120秒；资源=human_1；前置=op_001_01；参数=不适用；来源=原文及AI估计】拌匀至溶化。；投入=yeast_sugar_water；产出=dissolved_yeast
第3步【id=op_003_01｜时间=30秒；资源=human_1；前置=op_002_01；参数=不适用；来源=原文及AI估计】高筋面粉倒入容器中。；投入=ingredient_001；产出=flour_bowl
第4步【id=op_004_01｜时间=120秒；资源=human_1；前置=op_003_01,op_002_01；参数=不适用；来源=原文及AI估计】加入鸡蛋、酵母糖水。；投入=flour_bowl,ingredient_007,dissolved_yeast；产出=wet_flour
第5步【id=op_005_01｜时间=360秒；资源=human_1；前置=op_004_01；参数=不适用；来源=原文及AI估计】用软刮混合均匀，揉搓成面团。；投入=wet_flour；产出=initial_dough
第6步【id=op_006_01｜时间=600秒；资源=human_1；前置=op_005_01；参数=不适用；来源=原文及AI估计】将面团稍微拉平。；投入=initial_dough；产出=flattened_dough
第7步【id=op_007_01｜时间=360秒；资源=human_1；前置=op_006_01；参数=不适用；来源=原文及AI估计】从一端向另一端卷起来，反复揉搓成纯滑的面团。；投入=flattened_dough；产出=smooth_dough
第8步【id=op_008_01｜时间=120秒；资源=human_1；前置=op_007_01；参数=不适用；来源=原文及AI估计】加入黄油、盐。；投入=smooth_dough,ingredient_003,ingredient_005；产出=butter_dough
第9步【id=op_009_01｜时间=360秒；资源=human_1；前置=op_008_01；参数=不适用；来源=原文及AI估计】封好口将黄油和盐包裹住，揉成面团，再将面团稍微拉平，反复揉搓成光滑的面团。；投入=butter_dough；产出=finished_dough
第10步【id=op_010_01｜时间=360秒；资源=human_1；前置=op_009_01；参数=不适用；来源=原文及AI估计】面团放入容器中，用保鲜膜包好。；投入=finished_dough；产出=covered_dough
第11步【id=op_011_01｜时间=30秒；资源=human_1,oven_1；前置=op_010_01；参数=temperature_c=180,mode=上下火；来源=原文及AI估计】放入烤箱中。；投入=covered_dough；产出=flow_011_00_00
第12步【id=op_8000_01｜时间=60秒；资源=human_1,oven_1；前置=op_011_01；参数=temperature_c=180,mode=上下火；来源=原文及AI估计】本次加工结束，移出食物并释放设备；投入=flow_011_00_00；产出=loaded_dough
第13步【id=op_012_01｜时间=3600秒；资源=无独占资源；前置=op_8000_01；参数=不适用；来源=原文及AI估计】选择“发酵”模式，以35℃发酵30分钟。；投入=loaded_dough；产出=risen_dough
第14步【id=op_013_01｜时间=300秒；资源=human_1,oven_1；前置=op_012_01；参数=temperature_c=180,mode=上下火；来源=原文及AI估计】将发酵好的面团取出，用擀面杖擀平成圆形。；投入=risen_dough；产出=pizza_base
第15步【id=op_014_01｜时间=120秒；资源=human_1；前置=op_013_01；参数=不适用；来源=原文及AI估计】放入披萨盘中，刷上番茄酱。；投入=pizza_base,ingredient_011；产出=sauced_base
第16步【id=op_015_01｜时间=120秒；资源=human_1；前置=op_014_01；参数=不适用；来源=原文及AI估计】放上培根片、玉米粒、彩椒丁，撒上芝士碎。；投入=sauced_base,ingredient_008,ingredient_009,ingredient_010,ingredient_012；产出=topped_pizza
第17步【id=op_016_01｜时间=30秒；资源=human_1,oven_1；前置=op_015_01；参数=temperature_c=180,mode=上下火；来源=原文及AI估计】放入烤箱中。；投入=topped_pizza；产出=loaded_pizza
第18步【id=op_017_01｜时间=60秒；资源=human_1,oven_1；前置=op_016_01；参数=temperature_c=180,mode=上下火；来源=原文及AI估计】设置设备程序/补水；培根披萨；投入=无食物投入；产出=无食物产出
第19步【id=op_017_02｜时间=600秒；资源=oven_1；前置=op_017_01；参数=temperature_c=180,mode=上下火；来源=原文及AI估计】预热/升温；培根披萨；投入=无食物投入；产出=无食物产出
第20步【id=op_017_03｜时间=600秒；资源=oven_1；前置=op_017_02,op_016_01；参数=temperature_c=180,mode=上下火；来源=原文及AI估计】选择“常规烘焙”模式，以180℃烤10分钟，取出即可。；投入=loaded_pizza；产出=flow_017_00_00
第21步【id=op_017_04｜时间=60秒；资源=human_1,oven_1；前置=op_017_03；参数=temperature_c=180,mode=上下火；来源=原文及AI估计】取出本步骤熟食；投入=flow_017_00_00；产出=baked_pizza
第22步【id=op_999_01｜时间=60秒；资源=human_1；前置=op_017_04；参数=不适用；来源=原文及AI估计】确认全部必需分支完成并装盘上桌；投入=baked_pizza；产出=finaldish"
"5cc7eb394a21a4301960af00","银鱼蒸蛋","主料：银鱼干15克；鸡蛋3个；辅料：小葱1根；生姜1片（切丝）；盐1/4茶匙（1.8g）；白砂糖1/2茶匙（2.5g）；美味鲜1茶匙；水360g左右；芝麻油2滴","第1步【id=op_001_01｜时间=1800秒；资源=无独占资源；前置=无；参数=不适用；来源=原文及AI估计】将银鱼干泡入水中至变软。；投入=ingredient_001；产出=soaked_fish
第2步【id=op_002_01｜时间=30秒；资源=human_1；前置=op_001_01；参数=不适用；来源=原文及AI估计】沥干水分，放入汤碗。；投入=soaked_fish；产出=drained_fish
第3步【id=op_1000_01｜时间=120秒；资源=human_1；前置=无；参数=不适用；来源=原文及AI估计】小葱洗净切葱花，生姜洗净切丝，分别留待拌蛋液和出锅装饰。；投入=ingredient_003,ingredient_004；产出=scallion_topping,ginger_shreds
第4步【id=op_003_01｜时间=120秒；资源=human_1；前置=op_002_01,op_1000_01；参数=不适用；来源=原文及AI估计】将鸡蛋打碎，加入两倍的水（约360g左右）、盐、糖、姜丝，搅拌均匀后倒入装银鱼的碗中。；投入=drained_fish,ingredient_002,ingredient_005,ingredient_006,ingredient_008,ginger_shreds；产出=fish_egg_mix
第5步【id=op_004_01｜时间=60秒；资源=human_1,steam_oven_1；前置=op_003_01；参数=temperature_c=100,mode=普通蒸；来源=原文及AI估计】设置设备程序/补水；银鱼蒸蛋；投入=无食物投入；产出=无食物产出
第6步【id=op_004_02｜时间=300秒；资源=steam_oven_1；前置=op_004_01；参数=temperature_c=100,mode=普通蒸；来源=原文及AI估计】预热/升温；银鱼蒸蛋；投入=无食物投入；产出=无食物产出
第7步【id=op_004_03｜时间=60秒；资源=human_1,steam_oven_1；前置=op_004_02,op_003_01；参数=temperature_c=100,mode=普通蒸；来源=原文及AI估计】装入本步骤食材；投入=fish_egg_mix；产出=flow_005_00_00
第8步【id=op_004_04｜时间=720秒；资源=steam_oven_1；前置=op_004_03；参数=temperature_c=100,mode=普通蒸；来源=原文及AI估计】将碗放在有孔蒸盘/蒸烤架上， 放入机器中间层，水箱加满水，选择“开始烹饪”按键，按屏幕提示操作。；投入=flow_005_00_00；产出=flow_005_01_00
第9步【id=op_8000_01｜时间=60秒；资源=human_1,steam_oven_1；前置=op_004_04；参数=temperature_c=100,mode=普通蒸；来源=原文及AI估计】本次加工结束，移出食物并释放设备；投入=flow_005_01_00；产出=steamed_eggs
第10步【id=op_005_01｜时间=120秒；资源=human_1；前置=op_8000_01,op_1000_01；参数=不适用；来源=原文及AI估计】待烹饪结束后，撒上葱花、美味鲜、芝麻油2滴，趁热食用即可。；投入=steamed_eggs,scallion_topping,ingredient_007,ingredient_009；产出=finished_eggs
第11步【id=op_999_01｜时间=60秒；资源=human_1；前置=op_005_01；参数=不适用；来源=原文及AI估计】确认全部必需分支完成并装盘上桌；投入=finished_eggs；产出=finaldish"
"5c871bef98d5bc7e184a90dd","香烤鲫鱼","主料：鲫鱼220克；辅料：姜片20克；干辣椒10克；葱花5克；盐1克；胡椒粉4克；料酒5毫升；食用油15毫升","第1步【id=op_1000_01｜时间=180秒；资源=human_1；前置=无；参数=不适用；来源=原文及AI估计】鲫鱼去鳞去内脏，清洗干净并沥干。；投入=ingredient_001；产出=clean_fish
第2步【id=op_001_01｜时间=180秒；资源=human_1；前置=op_1000_01；参数=不适用；来源=原文及AI估计】洗净的鲫鱼装盘，放上姜片和干辣椒。；投入=clean_fish,ingredient_002,ingredient_003；产出=aromatic_fish
第3步【id=op_002_01｜时间=120秒；资源=human_1；前置=op_001_01；参数=不适用；来源=原文及AI估计】往两面鱼身上淋入料酒，撒上盐和适量胡椒粉，抹匀。；投入=aromatic_fish,ingredient_005,ingredient_006,ingredient_007；产出=seasoned_fish
第4步【id=op_003_01｜时间=600秒；资源=fridge_cold_1；前置=op_002_01；参数=temperature_c=4,mode=冷藏；来源=原文及AI估计】腌渍10分钟至入味。；投入=seasoned_fish；产出=marinated_fish
第5步【id=op_004_01｜时间=120秒；资源=human_1；前置=op_003_01；参数=不适用；来源=原文及AI估计】在烤盘中铺上锡纸，将烤串放在烤架上，刷上适量食用油。；投入=marinated_fish,ingredient_008；产出=oiled_fish
第6步【id=op_005_01｜时间=120秒；资源=human_1,oven_1；前置=op_004_01；参数=temperature_c=200,mode=上下火；来源=原文及AI估计】将烤盘置入烤箱中。；投入=oiled_fish；产出=loaded_fish
第7步【id=op_006_01｜时间=60秒；资源=human_1,oven_1；前置=op_005_01；参数=temperature_c=200,mode=上下火；来源=原文及AI估计】设置设备程序/补水；香烤鲫鱼；投入=无食物投入；产出=无食物产出
第8步【id=op_006_02｜时间=600秒；资源=oven_1；前置=op_006_01；参数=temperature_c=200,mode=上下火；来源=原文及AI估计】预热/升温；香烤鲫鱼；投入=无食物投入；产出=无食物产出
第9步【id=op_006_03｜时间=1200秒；资源=oven_1；前置=op_006_02,op_005_01；参数=temperature_c=200,mode=顶部烤；来源=原文及AI估计】选择“完全烧烤”模式，以200℃烤20分钟。；投入=loaded_fish；产出=roasted_fish
第10步【id=op_007_01｜时间=30秒；资源=human_1,oven_1；前置=op_006_03；参数=temperature_c=200,mode=上下火；来源=原文及AI估计】取出烤盘，放上葱花即可。；投入=roasted_fish,ingredient_004；产出=finished_fish
第11步【id=op_999_01｜时间=60秒；资源=human_1；前置=op_007_01；参数=不适用；来源=原文及AI估计】确认全部必需分支完成并装盘上桌；投入=finished_fish；产出=finaldish"
"5cc7e58a4a21a4301960aefc","温州鱼饼","主料：鮸鱼净鱼肉300g；辅料：猪肥膘60g；粗洋芋淀粉100g；葱白碎5g；蛋清10g；水20g；生姜10g；白糖1/2t(2.5克)；盐1/2t(3克)；鸡精1/2t(2克)；料酒1t(14克)","第1步【id=op_001_01｜时间=180秒；资源=human_1；前置=无；参数=不适用；来源=原文及AI估计】鮸鱼洗净后取净鱼肉300g。；投入=ingredient_001；产出=clean_fish
第2步【id=op_002_01｜时间=180秒；资源=human_1；前置=op_001_01；参数=不适用；来源=原文及AI估计】将鱼肉与猪肥膘一起用刀剁碎备用（或料理机搅碎备用）。；投入=clean_fish,ingredient_002；产出=minced_fish_pork
第3步【id=op_003_01｜时间=120秒；资源=human_1；前置=op_002_01；参数=不适用；来源=原文及AI估计】生姜用刀背拍碎后加入20g清水中。；投入=ingredient_006,ingredient_007；产出=ginger_water
第4步【id=op_004_01｜时间=30秒；资源=human_1；前置=op_003_01,op_002_01；参数=不适用；来源=原文及AI估计】稍微按压后取10g生姜水倒入鱼肉末中。；投入=minced_fish_pork,ginger_water；产出=mince_with_ginger
第5步【id=op_005_01｜时间=120秒；资源=human_1；前置=op_004_01；参数=不适用；来源=原文及AI估计】在鱼肉末中加入白糖1/2t，盐1/2t，鸡精1/2t，料酒1t，蛋清10g，葱白碎5g及粗洋芋淀粉100g。；投入=mince_with_ginger,ingredient_003,ingredient_004,ingredient_005,ingredient_008,ingredient_009,ingredient_010,ingredient_011；产出=seasoned_mince
第6步【id=op_006_01｜时间=120秒；资源=human_1；前置=op_005_01；参数=不适用；来源=原文及AI估计】拌匀后用手反复摔打使其上劲。；投入=seasoned_mince；产出=elastic_mince
第7步【id=op_007_01｜时间=120秒；资源=human_1；前置=op_006_01；参数=不适用；来源=原文及AI估计】手上沾少许水，将鱼肉馅均分成两块，整形成两个长扁形的鱼饼（约长10cm*宽5cm*厚3cm）。；投入=elastic_mince；产出=raw_fishcakes
第8步【id=op_008_01｜时间=480秒；资源=human_1,stove_choice；前置=op_007_01；参数=power_level=7；来源=原文及AI估计】放入锅中煎至两面金黄色，放入盘后放入有孔蒸盘中。；投入=raw_fishcakes；产出=flow_008_00_00
第9步【id=op_8000_01｜时间=60秒；资源=human_1,stove_choice；前置=op_008_01；参数=power_level=7；来源=原文及AI估计】本次加工结束，移出食物并释放设备；投入=flow_008_00_00；产出=fried_fishcakes
第10步【id=op_009_01｜时间=60秒；资源=human_1,steam_oven_1；前置=op_8000_01；参数=temperature_c=100,mode=普通蒸；来源=原文及AI估计】设置设备程序/补水；温州鱼饼；投入=无食物投入；产出=无食物产出
第11步【id=op_009_02｜时间=300秒；资源=steam_oven_1；前置=op_009_01；参数=temperature_c=100,mode=普通蒸；来源=原文及AI估计】预热/升温；温州鱼饼；投入=无食物投入；产出=无食物产出
第12步【id=op_009_03｜时间=60秒；资源=human_1,steam_oven_1；前置=op_009_02,op_8000_01；参数=temperature_c=100,mode=普通蒸；来源=原文及AI估计】装入本步骤食材；投入=fried_fishcakes；产出=flow_009_00_00
第13步【id=op_009_04｜时间=900秒；资源=steam_oven_1；前置=op_009_03；参数=temperature_c=100,mode=普通蒸；来源=原文及AI估计】将有孔蒸盘（或蒸烤架）放入烹饪机中间层，选择“开始烹饪”按键，按屏幕提示操作。；投入=flow_009_00_00；产出=flow_009_01_00
第14步【id=op_8001_01｜时间=60秒；资源=human_1,steam_oven_1；前置=op_009_04；参数=temperature_c=100,mode=普通蒸；来源=原文及AI估计】本次加工结束，移出食物并释放设备；投入=flow_009_01_00；产出=steamed_fishcakes
第15步【id=op_999_01｜时间=60秒；资源=human_1；前置=op_8001_01；参数=不适用；来源=原文及AI估计】确认全部必需分支完成并装盘上桌；投入=steamed_fishcakes；产出=finaldish"
"5d6656036601a865649f9ae1","豆沙手撕包","主料：蛋黄15克；细砂糖50克；清水100毫升；高筋面250克；黄油35克；豆沙馅70克；辅料：酵母4克；奶粉10克","第1步【id=op_001_01｜时间=120秒；资源=human_1；前置=无；参数=不适用；来源=原文及AI估计】将酵母倒入清水中，拌匀，至酵母溶化。；投入=ingredient_003,ingredient_007；产出=yeast_water
第2步【id=op_002_01｜时间=30秒；资源=human_1；前置=op_001_01；参数=不适用；来源=原文及AI估计】把高筋面粉倒在容器中，倒入奶粉、细砂糖。；投入=ingredient_004,ingredient_008,ingredient_002；产出=dry_mix
第3步【id=op_003_01｜时间=120秒；资源=human_1；前置=op_002_01,op_001_01；参数=不适用；来源=原文及AI估计】加入酵母水。；投入=dry_mix,yeast_water；产出=wet_mix
第4步【id=op_004_01｜时间=30秒；资源=human_1；前置=op_003_01；参数=不适用；来源=原文及AI估计】倒入蛋黄。；投入=wet_mix,ingredient_001；产出=yolk_mix
第5步【id=op_005_01｜时间=360秒；资源=human_1；前置=op_004_01；参数=不适用；来源=原文及AI估计】用软刮充分拌匀，揉成面团。；投入=yolk_mix；产出=initial_dough
第6步【id=op_006_01｜时间=600秒；资源=human_1；前置=op_005_01；参数=不适用；来源=原文及AI估计】将面团稍微拉平。；投入=initial_dough；产出=flat_dough
第7步【id=op_007_01｜时间=360秒；资源=human_1；前置=op_006_01；参数=不适用；来源=原文及AI估计】从一端向另一端卷起来，反复揉搓成纯滑的面团。；投入=flat_dough；产出=smooth_dough
第8步【id=op_008_01｜时间=120秒；资源=human_1；前置=op_007_01；参数=不适用；来源=原文及AI估计】加入黄油。；投入=smooth_dough,ingredient_005；产出=butter_dough
第9步【id=op_009_01｜时间=30秒；资源=human_1；前置=op_008_01；参数=不适用；来源=原文及AI估计】封好口将黄油包裹住。；投入=butter_dough；产出=wrapped_dough
第10步【id=op_010_01｜时间=360秒；资源=human_1；前置=op_009_01；参数=不适用；来源=原文及AI估计】再将面团稍微拉平，反复揉搓成光滑的面团，放入容器中，用保鲜膜包好。；投入=wrapped_dough；产出=kneaded_dough
第11步【id=op_011_01｜时间=30秒；资源=human_1,oven_1；前置=op_010_01；参数=temperature_c=180,mode=上下火；来源=原文及AI估计】放入烤箱中。；投入=kneaded_dough；产出=flow_011_00_00
第12步【id=op_8000_01｜时间=60秒；资源=human_1,oven_1；前置=op_011_01；参数=temperature_c=180,mode=上下火；来源=原文及AI估计】本次加工结束，移出食物并释放设备；投入=flow_011_00_00；产出=loaded_dough
第13步【id=op_012_01｜时间=3600秒；资源=无独占资源；前置=op_8000_01；参数=不适用；来源=原文及AI估计】选择“发酵”模式，以35℃发酵30分钟。；投入=loaded_dough；产出=risen_dough
第14步【id=op_013_01｜时间=360秒；资源=human_1,oven_1；前置=op_012_01；参数=temperature_c=180,mode=上下火；来源=原文及AI估计】将发酵好的面团取出，分成7个大小一样的剂子，约每个25克，搓圆。；投入=risen_dough；产出=portioned_dough
第15步【id=op_014_01｜时间=300秒；资源=human_1；前置=op_013_01；参数=不适用；来源=原文及AI估计】用擀面杖擀成小面皮。；投入=portioned_dough；产出=wrappers
第16步【id=op_015_01｜时间=300秒；资源=human_1；前置=op_014_01；参数=不适用；来源=原文及AI估计】面皮上放上适量的豆沙馅，封口，收紧。；投入=wrappers,ingredient_006；产出=first_bun
第17步【id=op_016_01｜时间=120秒；资源=human_1；前置=op_015_01,op_014_01；参数=不适用；来源=原文及AI估计】按照此方法将剩余的面团做好。；投入=wrappers,ingredient_006；产出=remaining_buns
第18步【id=op_017_01｜时间=30秒；资源=human_1；前置=op_016_01,op_015_01；参数=不适用；来源=原文及AI估计】将生坯放入中空模具中。；投入=first_bun,remaining_buns；产出=mould_buns
第19步【id=op_018_01｜时间=30秒；资源=human_1,oven_1；前置=op_017_01；参数=temperature_c=180,mode=上下火；来源=原文及AI估计】放入烤箱。；投入=mould_buns；产出=flow_018_00_00
第20步【id=op_8002_01｜时间=60秒；资源=human_1,oven_1；前置=op_018_01；参数=temperature_c=180,mode=上下火；来源=原文及AI估计】本次加工结束，移出食物并释放设备；投入=flow_018_00_00；产出=loaded_buns
第21步【id=op_019_01｜时间=2400秒；资源=无独占资源；前置=op_8002_01；参数=不适用；来源=原文及AI估计】选择“发酵”模式，以35℃发酵20分钟至两倍大。；投入=loaded_buns；产出=proofed_buns
第22步【id=op_020_01｜时间=600秒；资源=oven_1；前置=op_019_01；参数=temperature_c=180,mode=上下火；来源=原文及AI估计】预热/升温；豆沙手撕包；投入=无食物投入；产出=无食物产出
第23步【id=op_020_02｜时间=720秒；资源=oven_1；前置=op_020_01,op_019_01；参数=temperature_c=180,mode=上下火；来源=原文及AI估计】将模式改成“常规烘焙”模式，以180℃烤12分钟。；投入=proofed_buns；产出=baked_buns
第24步【id=op_021_01｜时间=30秒；资源=human_1,oven_1；前置=op_020_02；参数=temperature_c=180,mode=上下火；来源=原文及AI估计】打开箱门，取出即可。；投入=baked_buns；产出=served_buns
第25步【id=op_999_01｜时间=60秒；资源=human_1；前置=op_021_01；参数=不适用；来源=原文及AI估计】确认全部必需分支完成并装盘上桌；投入=served_buns；产出=finaldish"
"66cec69b1142545e3856e07e","亲朋欢聚套餐","A料：猪肋排550克；蒜泥5克；盐2克；白糖3克；五香粉1克；孜然粉3克；辣椒粉3克；食用油10克；料酒10克；生抽10克；蚝油10克；老抽2克；B料：小龙虾500克；姜片30克；小葱段20克；啤酒50克；白灼汁60克；C料：土豆丝100克；胡萝卜丝100克；茼蒿叶50克；大米粉20克；盐3克；十三香3克；主料：嫩仔鸡1只（（净重1000g内））；奥尔良腌料80克；水70克；补充：大米200克；水240克","第1步【id=op_007_01｜时间=120秒；资源=human_1；前置=无；参数=不适用；来源=原文及AI估计】将200g大米洗净沥干放入小号碗中，再加入240g水，使米水充分混合均匀。；投入=ingredient_027,ingredient_028；产出=rice_bowl
第2步【id=op_1000_01｜时间=600秒；资源=human_1；前置=无；参数=不适用；来源=原文及AI估计】整鸡洗净沥干，加入奥尔良腌料80克和水70克揉匀；投入=ingredient_024,ingredient_025,ingredient_026；产出=flow_001_00_00,flow_001_00_01,flow_001_00_02
第3步【id=op_1000_02｜时间=14400秒；资源=fridge_cold_1；前置=op_1000_01；参数=temperature_c=4,mode=冷藏；来源=原文及AI估计】鸡在4℃冷藏腌制；投入=flow_001_00_00,flow_001_00_01,flow_001_00_02；产出=marinated_chicken
第4步【id=op_001_01｜时间=180秒；资源=human_1；前置=op_1000_02；参数=不适用；来源=原文及AI估计】将腌制好的鸡放入大号双耳盘中铺开，并将鸡翅用锡纸包裹好。；投入=marinated_chicken；产出=chicken_platter
第5步【id=op_1001_01｜时间=900秒；资源=human_1；前置=无；参数=不适用；来源=原文及AI估计】逐只刷洗500克小龙虾，去虾线并沥干；投入=ingredient_013；产出=clean_crayfish
第6步【id=op_005_01｜时间=180秒；资源=human_1；前置=op_1001_01；参数=不适用；来源=原文及AI估计】将处理好的小龙虾放入中号碗中，摆上30g姜片、20g小葱段，淋入50g啤酒。；投入=clean_crayfish,ingredient_014,ingredient_015,ingredient_016；产出=crayfish_bowl
第7步【id=op_1002_01｜时间=300秒；资源=human_1；前置=无；参数=不适用；来源=原文及AI估计】排骨洗净沥干；投入=ingredient_001；产出=clean_ribs
第8步【id=op_002_01｜时间=240秒；资源=human_1；前置=op_1002_01；参数=不适用；来源=原文及AI估计】取沥干的排骨，加入2g盐、3g白糖、5g蒜泥、1g五香粉、3g孜然粉、3g辣椒粉、10g食用油、10g料酒、10g生抽、10g蚝油和2g老抽，抓拌均匀放入盘中，放冰箱。；投入=clean_ribs,ingredient_002,ingredient_003,ingredient_004,ingredient_005,ingredient_006,ingredient_007,ingredient_008,ingredient_009,ingredient_010,ingredient_011,ingredient_012；产出=seasoned_ribs
第9步【id=op_003_01｜时间=7200秒；资源=fridge_cold_1；前置=op_002_01；参数=temperature_c=4,mode=冷藏；来源=原文及AI估计】腌制2小时备用。；投入=seasoned_ribs；产出=marinated_ribs
第10步【id=op_004_01｜时间=120秒；资源=human_1；前置=op_003_01；参数=不适用；来源=原文及AI估计】将腌制好的排骨均匀码放在中号碗中。；投入=marinated_ribs；产出=ribs_bowl
第11步【id=op_008_01｜时间=180秒；资源=human_1,oven_1；前置=op_001_01,op_004_01,op_007_01；参数=temperature_c=180,mode=加湿烤,humidity=中；来源=原文及AI估计】将奥尔良烤鸡和香烤排骨置于蒸烤盘上放入机器第4层，蒸米饭置于蒸烤架上放入第1层。；投入=chicken_platter,ribs_bowl,rice_bowl；产出=loaded_chicken,loaded_ribs,loaded_rice
第12步【id=op_009_01｜时间=60秒；资源=human_1,oven_1；前置=op_008_01；参数=temperature_c=180,mode=加湿烤,humidity=中；来源=原文及AI估计】取出水箱加满水，在设备/APP端进入“亲朋欢聚套餐”，选择“开始烹饪”并按屏幕提示设置。；投入=无食物投入；产出=无食物产出
第13步【id=op_010_01｜时间=300秒；资源=oven_1；前置=op_009_01；参数=temperature_c=180,mode=加湿烤,humidity=中；来源=原文及AI估计】预热/升温；亲朋欢聚套餐；投入=无食物投入；产出=无食物产出
第14步【id=op_010_02｜时间=1800秒；资源=oven_1；前置=op_010_01,op_008_01；参数=temperature_c=180,mode=加湿烤,humidity=中；来源=原文及AI估计】启动套餐程序，先处理鸡、排骨与米饭，运行至程序剩余15分钟。；投入=loaded_chicken,loaded_ribs,loaded_rice；产出=part_cooked_chicken,part_cooked_ribs,part_cooked_rice
第15步【id=op_1003_01｜时间=480秒；资源=human_1；前置=无；参数=不适用；来源=原文及AI估计】土豆、胡萝卜洗净切丝，茼蒿择洗沥干；投入=ingredient_018,ingredient_019,ingredient_020；产出=prepared_vegetables
第16步【id=op_006_01｜时间=180秒；资源=human_1；前置=op_1003_01；参数=不适用；来源=原文及AI估计】将100g土豆丝、100g胡萝卜丝、50g茼蒿叶与20g米粉、3g盐、3g十三香粉充分混合均匀，放入小号碗中。；投入=prepared_vegetables,ingredient_021,ingredient_022,ingredient_023；产出=vegetable_bowl
第17步【id=op_011_01｜时间=120秒；资源=human_1,oven_1；前置=op_005_01,op_006_01,op_010_02；参数=temperature_c=180,mode=加湿烤,humidity=中；来源=原文及AI估计】当程序剩余15分钟时，将粉蒸三丝和清蒸小龙虾放入机器第1层烤架并关门。；投入=crayfish_bowl,vegetable_bowl；产出=loaded_crayfish,loaded_vegetables
第18步【id=op_012_01｜时间=900秒；资源=oven_1；前置=op_011_01,op_010_02；参数=temperature_c=180,mode=加湿烤,humidity=中；来源=原文及AI估计】在同一套餐程序中继续完成剩余烹饪。；投入=part_cooked_chicken,part_cooked_ribs,part_cooked_rice,loaded_crayfish,loaded_vegetables；产出=cooked_chicken,cooked_ribs,cooked_rice,cooked_crayfish,cooked_vegetables
第19步【id=op_013_01｜时间=180秒；资源=human_1,oven_1；前置=op_012_01；参数=temperature_c=180,mode=加湿烤,humidity=中；来源=原文及AI估计】程序结束后取出全部菜品。；投入=cooked_chicken,cooked_ribs,cooked_rice,cooked_crayfish,cooked_vegetables,ingredient_017；产出=served_chicken,served_ribs,served_rice,served_crayfish,served_vegetables
第20步【id=op_999_01｜时间=60秒；资源=human_1；前置=op_013_01；参数=不适用；来源=原文及AI估计】确认全部必需分支完成并装盘上桌；投入=served_chicken,served_ribs,served_rice,served_crayfish,served_vegetables；产出=finaldish"
"5e4f4107d8dcd921c6735f7d","披萨面团","主料：高筋面粉400g；水220g；橄榄油5g；酵母1大勺；细砂糖1大勺；盐2小勺；补充：蔬菜100克；芝士100克","第1步【id=op_1000_01｜时间=180秒；资源=human_1；前置=无；参数=不适用；来源=原文及AI估计】按配方将高筋面粉、水、酵母、糖、盐和橄榄油混合；投入=ingredient_001,ingredient_002,ingredient_003,ingredient_004,ingredient_005,ingredient_006；产出=flow_001_00_00,flow_001_00_01,flow_001_00_02,flow_001_00_03,flow_001_00_04,flow_001_00_05
第2步【id=op_1000_02｜时间=900秒；资源=human_1；前置=op_1000_01；参数=不适用；来源=原文及AI估计】揉面至光滑面团；投入=flow_001_00_00,flow_001_00_01,flow_001_00_02,flow_001_00_03,flow_001_00_04,flow_001_00_05；产出=dough
第3步【id=op_001_01｜时间=60秒；资源=human_1；前置=op_1000_02；参数=不适用；来源=原文及AI估计】将揉成团的面团，放入料理盆中盖上保鲜膜，静置。；投入=dough；产出=covered
第4步【id=op_002_01｜时间=3600秒；资源=无独占资源；前置=op_001_01；参数=不适用；来源=原文及AI估计】发酵至两倍大。；投入=covered；产出=risen
第5步【id=op_003_01｜时间=600秒；资源=human_1；前置=op_002_01；参数=不适用；来源=原文及AI估计】选择厚底200g/个或薄底120g/个面团，擀圆放入9寸披萨盘，均匀按压并用叉子间隔插孔。；投入=risen；产出=bases
第6步【id=op_005_01｜时间=600秒；资源=oven_1；前置=op_003_01；参数=temperature_c=180,mode=上下火；来源=原文及AI估计】烤箱预热至180℃；投入=无食物投入；产出=无食物产出
第7步【id=op_005_02｜时间=60秒；资源=human_1,oven_1；前置=op_005_01,op_003_01；参数=temperature_c=180,mode=上下火；来源=原文及AI估计】装入成型披萨胚；投入=bases；产出=flow_005_00_00
第8步【id=op_005_03｜时间=600秒；资源=oven_1；前置=op_005_02；参数=temperature_c=180,mode=上下火；来源=原文及AI估计】180℃预烤披萨胚；投入=flow_005_00_00；产出=flow_005_01_00
第9步【id=op_005_04｜时间=60秒；资源=human_1,oven_1；前置=op_005_03；参数=temperature_c=180,mode=上下火；来源=原文及AI估计】取出披萨胚；投入=flow_005_01_00；产出=flow_005_02_00
第10步【id=op_005_05｜时间=180秒；资源=human_1；前置=op_005_04；参数=不适用；来源=原文及AI估计】按原文填入馅料并撒芝士；投入=flow_005_02_00,ingredient_007,ingredient_008；产出=flow_005_03_00,flow_005_03_01,flow_005_03_02
第11步【id=op_005_06｜时间=60秒；资源=human_1,oven_1；前置=op_005_05；参数=temperature_c=180,mode=上下火；来源=原文及AI估计】回装披萨胚；投入=flow_005_03_00,flow_005_03_01,flow_005_03_02；产出=flow_005_04_00,flow_005_04_01,flow_005_04_02
第12步【id=op_005_07｜时间=900秒；资源=oven_1；前置=op_005_06；参数=temperature_c=180,mode=上下火；来源=原文及AI估计】180℃复烤至熟；投入=flow_005_04_00,flow_005_04_01,flow_005_04_02；产出=flow_005_05_00,flow_005_05_01,flow_005_05_02
第13步【id=op_005_08｜时间=60秒；资源=human_1,oven_1；前置=op_005_07；参数=temperature_c=180,mode=上下火；来源=原文及AI估计】取出披萨；投入=flow_005_05_00,flow_005_05_01,flow_005_05_02；产出=pizza
第14步【id=op_999_01｜时间=60秒；资源=human_1；前置=op_005_08；参数=不适用；来源=原文及AI估计】确认全部必需分支完成并装盘上桌；投入=pizza；产出=finaldish"
"63495f5a728bf96da1acfa3a","油醋汁剁肉饼蒸和乐蟹","主料：五花肉250克；和乐蟹2只（500克）；辅料：香菇25克；马蹄25克；菜脯7克；葱花3克；鸡蛋清10克；葱花3克；生粉4克；花生油10毫升；玉米油30毫升；陈醋12毫升；蒸鱼豉油12毫升；盐2克；鸡粉3克；白糖9克","第1步【id=op_001_01｜时间=120秒；资源=human_1；前置=无；参数=不适用；来源=原文及AI估计】将五花肉、香菇、马蹄分别切成玉米粒大小备用，菜脯切成小粒备用。；投入=ingredient_001,ingredient_003,ingredient_004,ingredient_005；产出=dice
第2步【id=op_002_01｜时间=120秒；资源=human_1；前置=op_001_01；参数=不适用；来源=原文及AI估计】将切好的五花肉、香菇、马蹄、菜脯放入碗中，再加入盐、2克鸡粉、1克白砂糖、2克生粉、鸡蛋清和葱花沿一个方向用力搅拌均匀至起粘稠备用。；投入=dice,ingredient_014,ingredient_015,ingredient_016,ingredient_009,ingredient_007,ingredient_006；产出=filling
第3步【id=op_003_01｜时间=120秒；资源=human_1；前置=op_002_01；参数=不适用；来源=原文及AI估计】将和乐蟹宰杀好后，将壳掀开，用刀将蟹肉斩成八件，蟹钳用刀背拍裂开，用10毫升花生油、2克生粉、1克鸡粉一起拌均匀备用。；投入=ingredient_002,ingredient_010,ingredient_009,ingredient_015；产出=crab
第4步【id=op_004_01｜时间=30秒；资源=human_1；前置=op_003_01,op_002_01；参数=不适用；来源=原文及AI估计】将调好味的肉馅放入圆盘内，用手按压成圆饼状，厚度约1厘米。；投入=filling；产出=patty
第5步【id=op_005_01｜时间=120秒；资源=human_1；前置=op_004_01,op_003_01；参数=不适用；来源=原文及AI估计】将蟹肉整齐摆放在肉饼上，再将蟹膏分别均匀摆在蟹肉上，盖上蟹壳即可。；投入=patty,crab；产出=raw_dish
第6步【id=op_006_01｜时间=60秒；资源=human_1；前置=op_005_01；参数=不适用；来源=原文及AI估计】选择“开始烹饪”并按屏幕提示设置。；投入=无食物投入；产出=无食物产出
第7步【id=op_007_01｜时间=300秒；资源=steam_oven_1；前置=op_006_01；参数=temperature_c=100,mode=普通蒸；来源=原文及AI估计】执行预热并等待预热完成提示。；投入=无食物投入；产出=无食物产出
第8步【id=op_008_01｜时间=30秒；资源=human_1；前置=op_007_01,op_005_01；参数=不适用；来源=原文及AI估计】预热完成后，将装有菜品的蒸烤架放入第2层。；投入=raw_dish；产出=loaded
第9步【id=op_1000_01｜时间=120秒；资源=human_1；前置=无；参数=不适用；来源=原文及AI估计】将玉米油30ml、陈醋12ml、蒸鱼豉油12ml、剩余白糖8g和第二份葱花3g混合成油醋汁；投入=ingredient_008,ingredient_011,ingredient_012,ingredient_013,ingredient_016；产出=dressing
第10步【id=op_009_01｜时间=1200秒；资源=steam_oven_1；前置=op_008_01,op_1000_01；参数=temperature_c=100,mode=普通蒸；来源=原文及AI估计】装料后继续烹饪。；投入=loaded；产出=flow_007_00_00
第11步【id=op_8001_01｜时间=60秒；资源=human_1,steam_oven_1；前置=op_009_01；参数=temperature_c=100,mode=普通蒸；来源=原文及AI估计】本次加工结束，移出食物并释放设备；投入=flow_007_00_00；产出=cooked
第12步【id=op_1001_01｜时间=60秒；资源=human_1；前置=op_8001_01,op_1000_01；参数=不适用；来源=原文及AI估计】蒸熟肉饼蟹取出后淋油醋汁，作为真正最终合并点；投入=cooked,dressing；产出=dish
第13步【id=op_999_01｜时间=60秒；资源=human_1；前置=op_1001_01,op_1001_01,op_8001_01；参数=不适用；来源=原文及AI估计】确认全部必需分支完成并装盘上桌；投入=dish；产出=finaldish"
"5c80d49c6dc6e123a037a1c5","珍珠爆浆蛋糕","A料：鸡蛋4个；细砂糖50克；柠檬汁10滴；B料：牛奶80克；红茶包3包；食用油30克；低筋面粉80克；玉米淀粉15克；盐0.5g；C料：黑珍珠120克；红糖50克；水适量；D料：淡奶油400克；细砂糖20克","第1步【id=op_001_01｜时间=180秒；资源=human_1,stove_choice；前置=无；参数=power_level=7；来源=原文及AI估计】炖锅加入80g牛奶和茶包，煮沸。；投入=ingredient_004,ingredient_005；产出=flow_001_00_00,flow_001_00_01
第2步【id=op_004_01｜时间=30秒；资源=human_1；前置=无；参数=不适用；来源=原文及AI估计】将蛋黄和蛋清分开，分别装入两个料理盆中。；投入=ingredient_001；产出=yolks,whites
第3步【id=op_006_01｜时间=420秒；资源=human_1；前置=op_004_01；参数=不适用；来源=原文及AI估计】在蛋清中加入柠檬汁，用打蛋器中高档搅打蛋清至粗泡状态时加入三分之一细砂糖，继续搅打，分两次加入剩下的细砂糖，直至将蛋白打发成中性发泡状态（提起打蛋器，蛋白呈鸟嘴状即略弯曲的状态）。；投入=whites,ingredient_002,ingredient_003；产出=meringue
第4步【id=op_012_01｜时间=300秒；资源=human_1,stove_choice；前置=无；参数=power_level=7；来源=原文及AI估计】炖锅加入适量水并煮沸。；投入=ingredient_012；产出=flow_012_00_00
第5步【id=op_020_01｜时间=360秒；资源=human_1；前置=无；参数=不适用；来源=原文及AI估计】将淡奶油加入细砂糖打发至六成发，如老酸奶状。；投入=ingredient_013,ingredient_014；产出=cream
第6步【id=op_8000_01｜时间=60秒；资源=human_1,stove_choice；前置=op_001_01；参数=power_level=7；来源=原文及AI估计】本次加工结束，移出食物并释放设备；投入=flow_001_00_00,flow_001_00_01；产出=tea_milk
第7步【id=op_002_01｜时间=30秒；资源=human_1；前置=op_8000_01；参数=不适用；来源=原文及AI估计】关火。；投入=tea_milk；产出=offheat
第8步【id=op_003_01｜时间=300秒；资源=无独占资源；前置=op_002_01；参数=不适用；来源=原文及AI估计】将茶包在牛奶中焖出茶香。；投入=offheat；产出=infused,leaves
第9步【id=op_005_01｜时间=300秒；资源=human_1；前置=op_003_01,op_004_01；参数=不适用；来源=原文及AI估计】依次将浸泡出茶香的牛奶、盐、食用油、过筛的低筋面粉加入放有蛋黄的料理盆中，注意每加一种原料需要翻拌至完全混合后再加下一种原料，最后将浸泡过牛奶的2包茶包撕开，将茶叶加入面糊中拌匀。；投入=infused,leaves,yolks,ingredient_006,ingredient_007,ingredient_008,ingredient_009；产出=yolk_batter
第10步【id=op_007_01｜时间=240秒；资源=human_1；前置=op_005_01,op_006_01；参数=不适用；来源=原文及AI估计】取三分之一的蛋白加入到蛋黄糊中，翻拌均匀（刮刀从底部往上翻拌，不要画圈搅拌），再将面糊倒入到剩余的蛋白中，翻拌均匀，倒入8寸戚风蛋糕模具中，将模具轻震两下，把内部大气泡震出。；投入=yolk_batter,meringue；产出=batter
第11步【id=op_008_01｜时间=60秒；资源=human_1,oven_1；前置=op_007_01；参数=temperature_c=170,mode=上下火；来源=原文及AI估计】设置设备程序/补水；珍珠爆浆蛋糕；投入=无食物投入；产出=无食物产出
第12步【id=op_008_02｜时间=600秒；资源=oven_1；前置=op_008_01；参数=temperature_c=170,mode=上下火；来源=原文及AI估计】预热/升温；珍珠爆浆蛋糕；投入=无食物投入；产出=无食物产出
第13步【id=op_008_03｜时间=60秒；资源=human_1,oven_1；前置=op_008_02,op_007_01；参数=temperature_c=170,mode=上下火；来源=原文及AI估计】装入本步骤食材；投入=batter；产出=flow_008_00_00
第14步【id=op_008_04｜时间=2400秒；资源=oven_1；前置=op_008_03；参数=temperature_c=170,mode=上下火；来源=原文及AI估计】将烤盘放入烤箱第2层，选择“开始烹饪”按键，按屏幕提示操作。；投入=flow_008_00_00；产出=hot_cake
第15步【id=op_009_01｜时间=30秒；资源=human_1,oven_1；前置=op_008_04；参数=temperature_c=170,mode=上下火；来源=原文及AI估计】烘烤完成后取出蛋糕，倒扣。；投入=hot_cake；产出=inverted
第16步【id=op_010_01｜时间=3600秒；资源=无独占资源；前置=op_009_01；参数=不适用；来源=原文及AI估计】将蛋糕晾凉。；投入=inverted；产出=cool_cake
第17步【id=op_011_01｜时间=120秒；资源=human_1；前置=op_010_01；参数=不适用；来源=原文及AI估计】脱模备用。；投入=cool_cake；产出=cake
第18步【id=op_8001_01｜时间=60秒；资源=human_1,stove_choice；前置=op_012_01；参数=power_level=7；来源=原文及AI估计】本次加工结束，移出食物并释放设备；投入=flow_012_00_00；产出=boiling_water
第19步【id=op_013_01｜时间=30秒；资源=human_1；前置=op_8001_01；参数=不适用；来源=原文及AI估计】放入黑珍珠。；投入=boiling_water,ingredient_010；产出=raw_pearls
第20步【id=op_014_01｜时间=480秒；资源=human_1,stove_choice；前置=op_013_01；参数=power_level=7；来源=原文及AI估计】煮黑珍珠。；投入=raw_pearls；产出=flow_014_00_00
第21步【id=op_8002_01｜时间=60秒；资源=human_1,stove_choice；前置=op_014_01；参数=power_level=7；来源=原文及AI估计】本次加工结束，移出食物并释放设备；投入=flow_014_00_00；产出=boiled
第22步【id=op_015_01｜时间=30秒；资源=human_1；前置=op_8002_01；参数=不适用；来源=原文及AI估计】将煮好的黑珍珠倒入碗中。；投入=boiled；产出=bowl
第23步【id=op_016_01｜时间=180秒；资源=无独占资源；前置=op_015_01；参数=不适用；来源=原文及AI估计】在碗中焖黑珍珠。；投入=bowl；产出=soft_pearls
第24步【id=op_017_01｜时间=120秒；资源=human_1,stove_choice；前置=op_016_01；参数=power_level=7；来源=原文及AI估计】锅中放入红糖，加少许水，加热使红糖融化，捞出黑珍珠放入红糖中拌匀。；投入=soft_pearls,ingredient_011,ingredient_012；产出=syrup_pearls
第25步【id=op_018_01｜时间=1200秒；资源=无独占资源；前置=op_017_01；参数=不适用；来源=原文及AI估计】黑珍珠在红糖中浸泡。；投入=syrup_pearls；产出=soaked
第26步【id=op_021_01｜时间=300秒；资源=human_1；前置=op_011_01,op_018_01,op_020_01；参数=不适用；来源=原文及AI估计】在晾凉的蛋糕中间挖一圆柱状坑，直径约8厘米，注意底不要挖穿，在坑的底部挤少许打发的淡奶油，加入浸泡红糖的珍珠。；投入=cake,cream,soaked；产出=filled
第27步【id=op_022_01｜时间=240秒；资源=human_1；前置=op_021_01,op_020_01,op_018_01；参数=不适用；来源=原文及AI估计】将剩余的淡奶油由中间向四周挤满蛋糕胚，再将剩余的红糖黑珍珠放在蛋糕正中间，切块即可食用。；投入=filled,cream,soaked；产出=dish
第28步【id=op_999_01｜时间=60秒；资源=human_1；前置=op_022_01；参数=不适用；来源=原文及AI估计】确认全部必需分支完成并装盘上桌；投入=dish；产出=finaldish"
"6528fa7e45256c3ad7c25fcb","豆沙松糕","主料：粘米粉200克；糯米粉80克；辅料：水150克；绵白糖40克；豆沙馅150克；补充：食用油5克","第1步【id=op_002_01｜时间=120秒；资源=human_1；前置=无；参数=不适用；来源=原文及AI估计】粘米粉、糯米粉、绵白糖混合均匀。；投入=ingredient_001,ingredient_002,ingredient_004；产出=flour
第2步【id=op_003_01｜时间=120秒；资源=human_1；前置=op_002_01；参数=不适用；来源=原文及AI估计】边加水边翻拌成半湿的状态，再用双手搓成潮湿、松散的粉粒。；投入=flour,ingredient_003；产出=damp
第3步【id=op_004_01｜时间=180秒；资源=human_1；前置=op_003_01；参数=不适用；来源=原文及AI估计】将搓好的粉过筛。；投入=damp；产出=sifted
第4步【id=op_005_01｜时间=120秒；资源=human_1；前置=op_004_01；参数=不适用；来源=原文及AI估计】在模具底部喷上少许油，取一半细粉倒入铺平。；投入=sifted,ingredient_006；产出=base
第5步【id=op_006_01｜时间=60秒；资源=human_1,steam_oven_1；前置=op_005_01；参数=temperature_c=100,mode=普通蒸；来源=原文及AI估计】设置设备程序/补水；豆沙松糕；投入=无食物投入；产出=无食物产出
第6步【id=op_006_02｜时间=300秒；资源=steam_oven_1；前置=op_006_01；参数=temperature_c=100,mode=普通蒸；来源=原文及AI估计】预热/升温；豆沙松糕；投入=无食物投入；产出=无食物产出
第7步【id=op_006_03｜时间=60秒；资源=human_1,steam_oven_1；前置=op_006_02,op_005_01；参数=temperature_c=100,mode=普通蒸；来源=原文及AI估计】装入本步骤食材；投入=base；产出=flow_005_00_00
第8步【id=op_006_04｜时间=1500秒；资源=steam_oven_1；前置=op_006_03；参数=temperature_c=100,mode=普通蒸；来源=原文及AI估计】放入方太智能烹饪设备，开启电源，取出水箱加满水，选择“开始烹饪”按键，按屏幕提示操作。；投入=flow_005_00_00；产出=cooked_base
第9步【id=op_007_01｜时间=120秒；资源=human_1,steam_oven_1；前置=op_006_04；参数=temperature_c=100,mode=普通蒸；来源=原文及AI估计】取出，铺上豆沙馅。；投入=cooked_base,ingredient_005；产出=filled
第10步【id=op_008_01｜时间=30秒；资源=human_1；前置=op_007_01,op_004_01；参数=不适用；来源=原文及AI估计】将剩下的细粉倒入盖住豆沙馅，表面刮平。；投入=filled,sifted；产出=layered
第11步【id=op_009_01｜时间=60秒；资源=human_1,steam_oven_1；前置=op_008_01；参数=temperature_c=100,mode=普通蒸；来源=原文及AI估计】设置设备程序/补水；豆沙松糕；投入=无食物投入；产出=无食物产出
第12步【id=op_009_02｜时间=60秒；资源=human_1,steam_oven_1；前置=op_009_01,op_008_01；参数=temperature_c=100,mode=普通蒸；来源=原文及AI估计】装入本步骤食材；投入=layered；产出=flow_008_00_00
第13步【id=op_009_03｜时间=1500秒；资源=steam_oven_1；前置=op_009_02；参数=temperature_c=100,mode=普通蒸；来源=原文及AI估计】再次放入方太智能烹饪设备，选择蒸模式-普通蒸，100℃，25分钟，无需预热。；投入=flow_008_00_00；产出=hot
第14步【id=op_010_01｜时间=30秒；资源=human_1,steam_oven_1；前置=op_009_03；参数=temperature_c=100,mode=普通蒸；来源=原文及AI估计】第二段蒸制结束后取出松糕。；投入=hot；产出=out
第15步【id=op_011_01｜时间=1800秒；资源=无独占资源；前置=op_010_01；参数=不适用；来源=原文及AI估计】将松糕放凉。；投入=out；产出=cooled
第16步【id=op_012_01｜时间=180秒；资源=human_1；前置=op_011_01；参数=不适用；来源=原文及AI估计】放凉后切块即可。；投入=cooled；产出=dish
第17步【id=op_999_01｜时间=60秒；资源=human_1；前置=op_012_01；参数=不适用；来源=原文及AI估计】确认全部必需分支完成并装盘上桌；投入=dish；产出=finaldish"
"662e07388b2aa2265e115477","法式羊排","主料：调味法式羊排4块","第1步【id=op_001_01｜时间=43200秒；资源=fridge_cold_1；前置=无；参数=temperature_c=4,mode=冷藏；来源=原文及AI估计】调味法式羊排需冷藏解冻。；投入=ingredient_001；产出=thawed
第2步【id=op_002_01｜时间=60秒；资源=human_1,oven_1；前置=op_001_01；参数=temperature_c=200,mode=上下火；来源=原文及AI估计】取解冻后的羊排，放垫有油纸的烤盘，装入蒸烤一体机第2层，开启电源，按屏幕提示启动程序。；投入=thawed；产出=loaded
第3步【id=op_003_01｜时间=600秒；资源=oven_1；前置=op_002_01；参数=temperature_c=200,mode=上下火；来源=原文及AI估计】预热/升温；法式羊排；投入=无食物投入；产出=无食物产出
第4步【id=op_003_02｜时间=1200秒；资源=oven_1；前置=op_003_01,op_002_01；参数=temperature_c=200,mode=上下火；来源=原文及AI估计】运行法式羊排程序。；投入=loaded；产出=flow_003_00_00
第5步【id=op_8000_01｜时间=60秒；资源=human_1,oven_1；前置=op_003_02；参数=temperature_c=200,mode=上下火；来源=原文及AI估计】本次加工结束，移出食物并释放设备；投入=flow_003_00_00；产出=dish
第6步【id=op_999_01｜时间=60秒；资源=human_1；前置=op_8000_01；参数=不适用；来源=原文及AI估计】确认全部必需分支完成并装盘上桌；投入=dish；产出=finaldish"
"68eefee6f5dd4d1e1f228fee","茯苓饼干","主料：低筋面粉80克；玉米淀粉20克；茯苓粉50克；黄油30克；鸡蛋1个（60）；白砂糖20克","第1步【id=op_001_01｜时间=180秒；资源=human_1,stove_choice；前置=无；参数=power_level=7；来源=原文及AI估计】黄油放入盆中隔热水软化。；投入=ingredient_004；产出=flow_001_00_00
第2步【id=op_8000_01｜时间=60秒；资源=human_1,stove_choice；前置=op_001_01；参数=power_level=7；来源=原文及AI估计】本次加工结束，移出食物并释放设备；投入=flow_001_00_00；产出=butter
第3步【id=op_002_01｜时间=120秒；资源=human_1；前置=op_8000_01；参数=不适用；来源=原文及AI估计】加入鸡蛋液混合均匀。；投入=butter,ingredient_005；产出=egg_butter
第4步【id=op_003_01｜时间=360秒；资源=human_1；前置=op_002_01；参数=不适用；来源=原文及AI估计】将过筛后的茯苓粉、玉米淀粉及白砂糖加入黄油和鸡蛋液中充分搅拌，再加入低筋面粉揉成面团。；投入=egg_butter,ingredient_001,ingredient_002,ingredient_003,ingredient_006；产出=dough
第5步【id=op_004_01｜时间=750秒；资源=无独占资源；前置=op_003_01；参数=不适用；来源=原文及AI估计】静置10-15分钟。；投入=dough；产出=rested
第6步【id=op_005_01｜时间=300秒；资源=human_1；前置=op_004_01；参数=不适用；来源=原文及AI估计】面团放在硅油纸上，上面覆盖保鲜膜，用擀面杖压成薄片，用模具刻成特定形状，放入蒸烤盘中。；投入=rested；产出=cookies
第7步【id=op_006_01｜时间=120秒；资源=human_1；前置=op_005_01；参数=不适用；来源=原文及AI估计】将蒸烤盘放在机器中间层。；投入=cookies；产出=loaded
第8步【id=op_007_01｜时间=60秒；资源=human_1,oven_1；前置=op_006_01；参数=temperature_c=150,mode=上下火；来源=原文及AI估计】设置设备程序/补水；茯苓饼干；投入=无食物投入；产出=无食物产出
第9步【id=op_007_02｜时间=600秒；资源=oven_1；前置=op_007_01；参数=temperature_c=150,mode=上下火；来源=原文及AI估计】预热/升温；茯苓饼干；投入=无食物投入；产出=无食物产出
第10步【id=op_007_03｜时间=1800秒；资源=oven_1；前置=op_007_02,op_006_01；参数=temperature_c=150,mode=全开烤；来源=原文及AI估计】设置全开烤150℃烤制。；投入=loaded；产出=flow_007_00_00
第11步【id=op_8001_01｜时间=60秒；资源=human_1,oven_1；前置=op_007_03；参数=temperature_c=150,mode=上下火；来源=原文及AI估计】本次加工结束，移出食物并释放设备；投入=flow_007_00_00；产出=dish
第12步【id=op_999_01｜时间=60秒；资源=human_1；前置=op_8001_01；参数=不适用；来源=原文及AI估计】确认全部必需分支完成并装盘上桌；投入=dish；产出=finaldish"
"6544c6c245256c3ad7c27455","本帮白切鸡","主料：鸡（南汇九斤黄）2000克；辅料：八角2个；桂皮5克；香叶4片；小茴香3克；花椒2克；沙姜2克；姜30克；葱30克；盐10克；糖25克；黄酒20克；鲜味宝2克；生抽50克；水200克","第1步【id=op_1000_01｜时间=480秒；资源=human_1；前置=无；参数=不适用；来源=原文及AI估计】整鸡清洗去杂沥干；投入=ingredient_001；产出=clean_chicken
第2步【id=op_1001_01｜时间=180秒；资源=human_1；前置=无；参数=不适用；来源=原文及AI估计】另行将30g姜分切姜片姜末，将30g葱切段及葱花；投入=无食物投入；产出=无食物产出
第3步【id=op_001_01｜时间=120秒；资源=human_1；前置=op_1000_01,op_1001_01；参数=不适用；来源=原文及AI估计】洗净的鸡先用盐、葱段和姜片均匀按摩，按摩好后将葱段和姜片填入鸡肚子内。；投入=clean_chicken,ingredient_010,ingredient_008,ingredient_009；产出=seasoned
第4步【id=op_002_01｜时间=120秒；资源=human_1；前置=op_001_01；参数=不适用；来源=原文及AI估计】在鸡身淋上适量黄酒抹匀。；投入=seasoned,ingredient_012；产出=wine_chicken
第5步【id=op_003_01｜时间=900秒；资源=fridge_cold_1；前置=op_002_01；参数=temperature_c=4,mode=冷藏；来源=原文及AI估计】腌制15分钟。；投入=wine_chicken；产出=marinated
第6步【id=op_004_01｜时间=120秒；资源=human_1；前置=op_003_01；参数=不适用；来源=原文及AI估计】在蒸烤盘上放上几片姜片，把处理好的鸡放在姜片上。；投入=marinated,ingredient_008；产出=tray
第7步【id=op_005_01｜时间=60秒；资源=human_1,steam_oven_1；前置=op_004_01；参数=temperature_c=100,mode=普通蒸；来源=原文及AI估计】设置设备程序/补水；本帮白切鸡；投入=无食物投入；产出=无食物产出
第8步【id=op_005_02｜时间=300秒；资源=steam_oven_1；前置=op_005_01；参数=temperature_c=100,mode=普通蒸；来源=原文及AI估计】预热/升温；本帮白切鸡；投入=无食物投入；产出=无食物产出
第9步【id=op_005_03｜时间=60秒；资源=human_1,steam_oven_1；前置=op_005_02,op_004_01；参数=temperature_c=100,mode=普通蒸；来源=原文及AI估计】装入本步骤食材；投入=tray；产出=flow_006_00_00
第10步【id=op_005_04｜时间=3000秒；资源=steam_oven_1；前置=op_005_03；参数=temperature_c=100,mode=普通蒸；来源=原文及AI估计】将蒸烤盘放入方太智能烹饪设备第2层，开启电源，取出水箱加满水，选择“开始烹饪”按键，按屏幕提示操作。；投入=flow_006_00_00；产出=flow_006_01_00
第11步【id=op_1002_01｜时间=120秒；资源=human_1；前置=无；参数=不适用；来源=原文及AI估计】准备足量冰水冷却熟鸡；冰水不得消耗配方中香料汤200g水；投入=无食物投入；产出=无食物产出
第12步【id=op_8002_01｜时间=60秒；资源=human_1,steam_oven_1；前置=op_005_04；参数=temperature_c=100,mode=普通蒸；来源=原文及AI估计】本次加工结束，移出食物并释放设备；投入=flow_006_01_00；产出=steamed
第13步【id=op_006_01｜时间=120秒；资源=human_1；前置=op_8002_01；参数=不适用；来源=原文及AI估计】另取一锅，加入水、八角、桂皮、香叶、小茴香、花椒和沙姜。；投入=ingredient_015,ingredient_002,ingredient_003,ingredient_004,ingredient_005,ingredient_006,ingredient_007；产出=spices_water
第14步【id=op_007_01｜时间=570秒；资源=stove_choice；前置=op_006_01；参数=power_level=2；来源=原文及AI估计】用小火煮香料。；投入=spices_water；产出=flow_008_00_00
第15步【id=op_007_02｜时间=30秒；资源=human_1,stove_choice；前置=op_007_01；参数=power_level=7；来源=原文及AI估计】检查火力及原文要求的翻拌；投入=flow_008_00_00；产出=flow_008_01_00
第16步【id=op_007_03｜时间=570秒；资源=stove_choice；前置=op_007_02；参数=power_level=2；来源=原文及AI估计】用小火煮香料。；投入=flow_008_01_00；产出=flow_008_02_00
第17步【id=op_007_04｜时间=30秒；资源=human_1,stove_choice；前置=op_007_03；参数=power_level=7；来源=原文及AI估计】检查火力及原文要求的翻拌；投入=flow_008_02_00；产出=flow_008_03_00
第18步【id=op_007_05｜时间=570秒；资源=stove_choice；前置=op_007_04；参数=power_level=2；来源=原文及AI估计】用小火煮香料。；投入=flow_008_03_00；产出=flow_008_04_00
第19步【id=op_007_06｜时间=30秒；资源=human_1,stove_choice；前置=op_007_05；参数=power_level=7；来源=原文及AI估计】检查火力及原文要求的翻拌；投入=flow_008_04_00；产出=stock
第20步【id=op_008_01｜时间=120秒；资源=human_1,stove_choice；前置=op_007_06；参数=power_level=7；来源=原文及AI估计】捞出煮好的香料，留汤汁备用。；投入=stock；产出=strained
第21步【id=op_009_01｜时间=120秒；资源=human_1；前置=op_008_01；参数=不适用；来源=原文及AI估计】汤汁中加入生抽、白糖、鲜味宝和剩下的黄酒。；投入=strained,ingredient_014,ingredient_011,ingredient_013,ingredient_012；产出=sauce
第22步【id=op_010_01｜时间=240秒；资源=human_1,stove_choice；前置=op_009_01；参数=power_level=2；来源=原文及AI估计】中小火烧开。；投入=sauce；产出=boiling
第23步【id=op_011_01｜时间=600秒；资源=human_1,stove_choice；前置=op_010_01；参数=power_level=7；来源=原文及AI估计】烧开后继续煮制。；投入=boiling；产出=flow_012_00_00
第24步【id=op_8001_01｜时间=60秒；资源=human_1,stove_choice；前置=op_011_01；参数=power_level=7；来源=原文及AI估计】本次加工结束，移出食物并释放设备；投入=flow_012_00_00；产出=simmered
第25步【id=op_012_01｜时间=30秒；资源=human_1；前置=op_8001_01；参数=不适用；来源=原文及AI估计】关火。；投入=simmered；产出=offheat
第26步【id=op_013_01｜时间=1200秒；资源=无独占资源；前置=op_012_01；参数=不适用；来源=原文及AI估计】待调味汁冷却。；投入=offheat；产出=cooled
第27步【id=op_014_01｜时间=120秒；资源=human_1；前置=op_013_01；参数=不适用；来源=原文及AI估计】加入姜末和葱花，制成蘸料。；投入=cooled,ingredient_008,ingredient_009；产出=dip
第28步【id=op_015_01｜时间=30秒；资源=human_1,steam_oven_1；前置=op_014_01,op_1002_01,op_8002_01；参数=temperature_c=100,mode=普通蒸；来源=原文及AI估计】将蒸好的鸡取出，迅速放入冰水。；投入=steamed；产出=iced
第29步【id=op_016_01｜时间=900秒；资源=无独占资源；前置=op_015_01；参数=不适用；来源=原文及AI估计】用冰水冷却鸡肉。；投入=iced；产出=cold_chicken
第30步【id=op_017_01｜时间=180秒；资源=human_1,steam_oven_1；前置=op_016_01；参数=temperature_c=100,mode=普通蒸；来源=原文及AI估计】从冰水中取出冷却好的鸡肉，切块摆盘。；投入=cold_chicken；产出=dish
第31步【id=op_999_01｜时间=60秒；资源=human_1；前置=op_017_01,op_014_01；参数=不适用；来源=原文及AI估计】确认全部必需分支完成并装盘上桌；投入=dish,dip；产出=finaldish"
"6510fb7845256c3ad7c25cd8","京韵酱香烤鸡","主料：鸡1只；辅料：洋葱150克；大蒜20克；姜20克；生抽30克；蚝油25克；料酒30克；五香粉10克；盐8克；油40克","第1步【id=op_002_01｜时间=30秒；资源=human_1；前置=无；参数=不适用；来源=原文及AI估计】洋葱切末，大蒜切末，装入大碗中。；投入=ingredient_002,ingredient_003；产出=aromatics
第2步【id=op_003_01｜时间=120秒；资源=human_1；前置=op_002_01；参数=不适用；来源=原文及AI估计】加入五香粉、蚝油、生抽、料酒、油。；投入=aromatics,ingredient_005,ingredient_006,ingredient_007,ingredient_008,ingredient_010；产出=marinade_raw
第3步【id=op_004_01｜时间=120秒；资源=human_1；前置=op_003_01；参数=不适用；来源=原文及AI估计】搅拌均匀，制成腌料。；投入=marinade_raw；产出=marinade
第4步【id=op_005_01｜时间=120秒；资源=human_1；前置=op_004_01；参数=不适用；来源=原文及AI估计】姜切成姜丝，塞入鸡腹。；投入=ingredient_001,ingredient_004；产出=chicken
第5步【id=op_006_01｜时间=120秒；资源=human_1；前置=op_005_01,op_004_01；参数=不适用；来源=原文及AI估计】腌料一部分填入鸡肚，另一部分抹在鸡表面，用手给鸡按摩入味。；投入=chicken,marinade；产出=coated
第6步【id=op_007_01｜时间=120秒；资源=human_1；前置=op_006_01；参数=不适用；来源=原文及AI估计】鸡表面撒上盐，继续按摩入味。；投入=coated,ingredient_009；产出=salted
第7步【id=op_008_01｜时间=21600秒；资源=fridge_cold_1；前置=op_007_01；参数=temperature_c=4,mode=冷藏；来源=原文及AI估计】腌制6小时以上。；投入=salted；产出=marinated
第8步【id=op_009_01｜时间=60秒；资源=human_1,oven_1；前置=op_008_01；参数=temperature_c=180,mode=上下火；来源=原文及AI估计】设置设备程序/补水；京韵酱香烤鸡；投入=无食物投入；产出=无食物产出
第9步【id=op_009_02｜时间=600秒；资源=oven_1；前置=op_009_01；参数=temperature_c=180,mode=上下火；来源=原文及AI估计】预热/升温；京韵酱香烤鸡；投入=无食物投入；产出=无食物产出
第10步【id=op_009_03｜时间=3000秒；资源=oven_1；前置=op_009_02,op_008_01；参数=temperature_c=180,mode=上下火；来源=原文及AI估计】腌好后的鸡放在铺有锡纸的烤盘中，打开方太智能烹饪设备，选择“开始烹饪”按键，按屏幕提示操作。；投入=marinated；产出=flow_008_00_00
第11步【id=op_8000_01｜时间=60秒；资源=human_1,oven_1；前置=op_009_03；参数=temperature_c=180,mode=上下火；来源=原文及AI估计】本次加工结束，移出食物并释放设备；投入=flow_008_00_00；产出=dish
第12步【id=op_999_01｜时间=60秒；资源=human_1；前置=op_8000_01；参数=不适用；来源=原文及AI估计】确认全部必需分支完成并装盘上桌；投入=dish；产出=finaldish"
"65433d7145256c3ad7c270fb","金银蒜蒸鸡胸肉","主料：鸡胸肉350克；蒜50克；辅料：蒸鱼豉油20克；黑胡椒粉2克；淀粉10克；油50克","第1步【id=op_002_01｜时间=180秒；资源=human_1；前置=无；参数=不适用；来源=原文及AI估计】鸡胸肉洗净擦干水分后，正反两面都横切几刀，但是不要切断。；投入=ingredient_001；产出=chicken
第2步【id=op_003_01｜时间=120秒；资源=human_1；前置=op_002_01；参数=不适用；来源=原文及AI估计】加入蒸鱼豉油、黑胡椒粉、淀粉，抓匀。；投入=chicken,ingredient_003,ingredient_004,ingredient_005；产出=coated
第3步【id=op_004_01｜时间=3600秒；资源=fridge_cold_1；前置=op_003_01；参数=temperature_c=4,mode=冷藏；来源=原文及AI估计】腌制1小时。；投入=coated；产出=marinated
第4步【id=op_005_01｜时间=120秒；资源=human_1；前置=op_004_01；参数=不适用；来源=原文及AI估计】腌好的鸡胸肉斜切厚片，如果比较大片就再对半切开。；投入=marinated；产出=sliced
第5步【id=op_006_01｜时间=120秒；资源=human_1；前置=op_005_01；参数=不适用；来源=原文及AI估计】大蒜切末，分成两半，一半留用。；投入=ingredient_002；产出=garlic
第6步【id=op_007_01｜时间=180秒；资源=human_1,stove_choice；前置=op_006_01；参数=power_level=7；来源=原文及AI估计】另一半蒜末入油锅，炸至金黄后捞出。；投入=garlic,ingredient_006；产出=golden,remaining_oil
第7步【id=op_008_01｜时间=120秒；资源=human_1；前置=op_007_01,op_005_01,op_006_01；参数=不适用；来源=原文及AI估计】将腌制好的鸡胸肉放入碗里，撒上切好的蒜末和炸过的金蒜。；投入=sliced,garlic,golden；产出=bowl
第8步【id=op_009_01｜时间=60秒；资源=human_1,steam_oven_1；前置=op_008_01；参数=temperature_c=100,mode=普通蒸；来源=原文及AI估计】设置设备程序/补水；金银蒜蒸鸡胸肉；投入=无食物投入；产出=无食物产出
第9步【id=op_009_02｜时间=300秒；资源=steam_oven_1；前置=op_009_01；参数=temperature_c=100,mode=普通蒸；来源=原文及AI估计】预热/升温；金银蒜蒸鸡胸肉；投入=无食物投入；产出=无食物产出
第10步【id=op_009_03｜时间=60秒；资源=human_1,steam_oven_1；前置=op_009_02,op_008_01；参数=temperature_c=100,mode=普通蒸；来源=原文及AI估计】装入本步骤食材；投入=bowl；产出=flow_008_00_00
第11步【id=op_009_04｜时间=900秒；资源=steam_oven_1；前置=op_009_03；参数=temperature_c=100,mode=普通蒸；来源=原文及AI估计】放入方太智能烹饪设备，开启电源，取出水箱加满水，选择“开始烹饪”按键，按屏幕提示操作。；投入=flow_008_00_00；产出=flow_008_01_00
第12步【id=op_8001_01｜时间=60秒；资源=human_1,steam_oven_1；前置=op_009_04；参数=temperature_c=100,mode=普通蒸；来源=原文及AI估计】本次加工结束，移出食物并释放设备；投入=flow_008_01_00；产出=dish
第13步【id=op_999_01｜时间=60秒；资源=human_1；前置=op_8001_01；参数=不适用；来源=原文及AI估计】确认全部必需分支完成并装盘上桌；投入=dish；产出=finaldish"
"5caf2ce0e78bfc455f2d5c7a","土豆焖饭","A料：米150克；水180克；B料：土豆2个；蒜3瓣；料酒5克；豆瓣酱10克；老抽5克；生抽5克；糖5克；葱1根；补充：食用油10克","第1步【id=op_001_01｜时间=180秒；资源=human_1,steam_oven_1；前置=无；参数=temperature_c=100,mode=普通蒸；来源=原文及AI估计】米洗净，加入180g清水，装入方太蒸箱。；投入=ingredient_001,ingredient_002；产出=rice_water
第2步【id=op_002_01｜时间=300秒；资源=steam_oven_1；前置=op_001_01；参数=temperature_c=100,mode=普通蒸；来源=原文及AI估计】预热/升温；土豆焖饭；投入=无食物投入；产出=无食物产出
第3步【id=op_002_02｜时间=1200秒；资源=steam_oven_1；前置=op_002_01,op_001_01；参数=temperature_c=100,mode=普通蒸；来源=原文及AI估计】使用普通蒸100℃蒸米饭。；投入=rice_water；产出=rice
第4步【id=op_003_01｜时间=180秒；资源=human_1；前置=无；参数=不适用；来源=原文及AI估计】大蒜切片，土豆削皮切小块泡在水里备用。；投入=ingredient_003,ingredient_004；产出=potato,garlic
第5步【id=op_004_01｜时间=120秒；资源=human_1,stove_choice；前置=op_003_01；参数=power_level=7；来源=原文及AI估计】炒锅入油，油烧热后倒入大蒜片爆香。；投入=garlic,ingredient_011；产出=fried_garlic
第6步【id=op_005_01｜时间=300秒；资源=human_1,stove_choice；前置=op_004_01,op_003_01；参数=power_level=7；来源=原文及AI估计】倒入沥干后的土豆块，翻炒至边角边边略略焦黄。；投入=fried_garlic,potato；产出=fried_potato
第7步【id=op_006_01｜时间=120秒；资源=human_1,stove_choice；前置=op_005_01；参数=power_level=2；来源=原文及AI估计】转小火，放入豆瓣酱炒香，再加入料酒、生抽、老抽、糖翻炒均匀上色，关火。；投入=fried_potato,ingredient_005,ingredient_006,ingredient_007,ingredient_008,ingredient_009；产出=flow_006_00_00,flow_006_00_01,flow_006_00_02,flow_006_00_03,flow_006_00_04,flow_006_00_05
第8步【id=op_1000_01｜时间=120秒；资源=human_1；前置=无；参数=不适用；来源=原文及AI估计】葱1根洗净切葱花；投入=ingredient_010；产出=scallions
第9步【id=op_8000_01｜时间=60秒；资源=human_1,stove_choice；前置=op_006_01；参数=power_level=7；来源=原文及AI估计】本次加工结束，移出食物并释放设备；投入=flow_006_00_00,flow_006_00_01,flow_006_00_02,flow_006_00_03,flow_006_00_04,flow_006_00_05；产出=seasoned
第10步【id=op_007_01｜时间=120秒；资源=human_1,steam_oven_1；前置=op_002_02,op_8000_01；参数=temperature_c=100,mode=普通蒸；来源=原文及AI估计】取出蒸好的米饭，将炒过的土豆、大蒜片倒入并搅拌均匀，再装回蒸箱。；投入=seasoned,rice；产出=mixed
第11步【id=op_008_01｜时间=1500秒；资源=steam_oven_1；前置=op_007_01,op_1000_01；参数=temperature_c=100,mode=普通蒸；来源=原文及AI估计】继续用普通蒸100℃蒸制。；投入=mixed；产出=flow_008_00_00
第12步【id=op_8002_01｜时间=60秒；资源=human_1,steam_oven_1；前置=op_008_01；参数=temperature_c=100,mode=普通蒸；来源=原文及AI估计】本次加工结束，移出食物并释放设备；投入=flow_008_00_00；产出=dish
第13步【id=op_1001_01｜时间=30秒；资源=human_1；前置=op_8002_01,op_1000_01；参数=不适用；来源=原文及AI估计】复蒸完成取出后撒葱花；投入=dish,scallions；产出=finished
第14步【id=op_999_01｜时间=60秒；资源=human_1；前置=op_1001_01,op_1001_01,op_8002_01；参数=不适用；来源=原文及AI估计】确认全部必需分支完成并装盘上桌；投入=finished；产出=finaldish"
"6543408e45256c3ad7c2744b","蒜蓉粉丝烤茄子","主料：茄子1个；辅料：粉丝25克；猪肉末50克；葱5克；蒜20克；小米辣5克；孜然粉5克；五香粉5克；胡椒粉5克；辣椒粉3克；花椒粉5克；盐5克；生抽10克；食用油15克；补充：料酒10克","第1步【id=op_001_01｜时间=30秒；资源=human_1；前置=无；参数=不适用；来源=原文及AI估计】将粉丝放入温水。；投入=ingredient_002；产出=wet_noodles
第2步【id=op_002_01｜时间=1200秒；资源=无独占资源；前置=op_001_01；参数=不适用；来源=原文及AI估计】浸泡20分钟。；投入=wet_noodles；产出=noodles
第3步【id=op_003_01｜时间=180秒；资源=human_1；前置=op_002_01；参数=不适用；来源=原文及AI估计】将茄子洗净 从中间切开。；投入=ingredient_001；产出=eggplant
第4步【id=op_004_01｜时间=120秒；资源=human_1；前置=op_003_01；参数=不适用；来源=原文及AI估计】将葱 小米辣 蒜切末。；投入=ingredient_004,ingredient_005,ingredient_006；产出=onion,garlic,chili
第5步【id=op_005_01｜时间=120秒；资源=human_1；前置=op_004_01；参数=不适用；来源=原文及AI估计】将切好的葱末 小米辣 蒜末放入碗中 加入孜然粉 五香粉 胡椒粉 辣椒粉 花椒粉 生抽 盐 混合均匀制成蒜蓉酱。；投入=onion,garlic,chili,ingredient_007,ingredient_008,ingredient_009,ingredient_010,ingredient_011,ingredient_012,ingredient_013；产出=sauce
第6步【id=op_006_01｜时间=60秒；资源=human_1,stove_choice；前置=op_005_01；参数=power_level=7；来源=原文及AI估计】取锅倒油 打开方太磁控电磁灶 调至8档大火。；投入=ingredient_014；产出=hot_oil
第7步【id=op_007_01｜时间=90秒；资源=human_1,stove_choice；前置=op_006_01,op_005_01；参数=power_level=7；来源=原文及AI估计】将油烧热后浇入调好的蒜蓉酱中 搅拌均匀。；投入=hot_oil,sauce；产出=garlic_sauce
第8步【id=op_008_01｜时间=60秒；资源=human_1,stove_choice；前置=op_007_01；参数=power_level=7；来源=原文及AI估计】另起一锅 倒油 打开方太磁控电磁灶 调至8档大火。；投入=ingredient_014；产出=frying_oil
第9步【id=op_009_01｜时间=180秒；资源=human_1,stove_choice；前置=op_008_01；参数=power_level=7；来源=原文及AI估计】油热后放入猪肉末翻炒 加入料酒和生抽在旺火中迅速搅拌 使汁水快速收干 盛出备用。；投入=frying_oil,ingredient_003,ingredient_013,ingredient_015；产出=pork
第10步【id=op_010_01｜时间=120秒；资源=human_1；前置=op_009_01,op_003_01；参数=不适用；来源=原文及AI估计】将准备好的茄子放入铺有锡纸的烤盘中 用刷子在茄子表面刷一层油。；投入=eggplant,ingredient_014；产出=oiled
第11步【id=op_011_01｜时间=60秒；资源=human_1,oven_1；前置=op_010_01；参数=temperature_c=200,mode=上下火；来源=原文及AI估计】设置设备程序/补水；蒜蓉粉丝烤茄子；投入=无食物投入；产出=无食物产出
第12步【id=op_011_02｜时间=600秒；资源=oven_1；前置=op_011_01；参数=temperature_c=200,mode=上下火；来源=原文及AI估计】预热/升温；蒜蓉粉丝烤茄子；投入=无食物投入；产出=无食物产出
第13步【id=op_011_03｜时间=1200秒；资源=oven_1；前置=op_011_02,op_010_01；参数=temperature_c=200,mode=上下火；来源=原文及AI估计】打开方太智能烹饪设备 选择“开始烹饪”按键  按屏幕提示操作。；投入=oiled；产出=baked
第14步【id=op_012_01｜时间=120秒；资源=human_1,oven_1；前置=op_011_03,op_002_01,op_009_01；参数=temperature_c=200,mode=上下火；来源=原文及AI估计】烤制完成 取出茄子 在茄子上铺上粉丝 放上炒好的猪肉末。；投入=baked,noodles,pork；产出=topped
第15步【id=op_013_01｜时间=120秒；资源=human_1；前置=op_012_01,op_007_01；参数=不适用；来源=原文及AI估计】均匀地撒上调好的蒜蓉酱。；投入=topped,garlic_sauce；产出=sauced
第16步【id=op_014_01｜时间=30秒；资源=human_1,oven_1；前置=op_013_01；参数=temperature_c=200,mode=上下火；来源=原文及AI估计】将加好粉丝、肉末和蒜蓉酱的茄子再次放入烤箱。；投入=sauced；产出=loaded
第17步【id=op_015_01｜时间=600秒；资源=oven_1；前置=op_014_01；参数=temperature_c=200,mode=上下火；来源=原文及AI估计】进行第二段烘烤。；投入=loaded；产出=twice_baked
第18步【id=op_016_01｜时间=120秒；资源=human_1,oven_1；前置=op_015_01,op_004_01；参数=temperature_c=200,mode=上下火；来源=原文及AI估计】烤制完成 取出茄子 撒上葱花 放上小米辣装饰即可。；投入=twice_baked,onion,chili；产出=dish
第19步【id=op_999_01｜时间=60秒；资源=human_1；前置=op_016_01；参数=不适用；来源=原文及AI估计】确认全部必需分支完成并装盘上桌；投入=dish；产出=finaldish"
"5dad486b6601a865649f9c15","香菇烤芦笋","A料：芦笋130克；新鲜香菇3朵；B料：蒜5瓣；盐2克；橄榄油15毫升；黑胡椒3克","第1步【id=op_001_01｜时间=180秒；资源=human_1；前置=无；参数=不适用；来源=原文及AI估计】洗净芦笋，去除根部和硬皮，新鲜香菇去蒂头切片，蒜切成蒜末。；投入=ingredient_001,ingredient_002,ingredient_003；产出=asparagus,mushrooms,garlic
第2步【id=op_002_01｜时间=120秒；资源=human_1；前置=op_001_01；参数=不适用；来源=原文及AI估计】把芦笋平铺在铺上了锡纸的烤盘上，撒上盐、黑胡椒和一半蒜末，再淋上10毫升橄榄油。；投入=asparagus,garlic,ingredient_004,ingredient_006,ingredient_005；产出=seasoned
第3步【id=op_003_01｜时间=30秒；资源=human_1,oven_1；前置=op_002_01；参数=temperature_c=190,mode=上下火；来源=原文及AI估计】放入烤箱中。；投入=seasoned；产出=loaded
第4步【id=op_004_01｜时间=60秒；资源=human_1,oven_1；前置=op_003_01；参数=temperature_c=190,mode=上下火；来源=原文及AI估计】设置设备程序/补水；香菇烤芦笋；投入=无食物投入；产出=无食物产出
第5步【id=op_004_02｜时间=600秒；资源=oven_1；前置=op_004_01；参数=temperature_c=190,mode=上下火；来源=原文及AI估计】预热/升温；香菇烤芦笋；投入=无食物投入；产出=无食物产出
第6步【id=op_004_03｜时间=480秒；资源=oven_1；前置=op_004_02,op_003_01；参数=temperature_c=190,mode=顶部烤；来源=原文及AI估计】选择“完全烧烤”模式，以190℃烤8分钟。；投入=loaded；产出=roast
第7步【id=op_005_01｜时间=300秒；资源=human_1,stove_choice；前置=op_001_01；参数=power_level=2；来源=原文及AI估计】烤芦笋的同时，用平底锅中火加热，不加油直接加入香菇片和剩余蒜末，改小火煎至，中途需翻面。；投入=mushrooms,garlic；产出=fried
第8步【id=op_006_01｜时间=60秒；资源=human_1,stove_choice；前置=op_005_01；参数=power_level=7；来源=原文及AI估计】待香菇微缩但未出水时，加入盐、黑胡椒和剩余橄榄油翻搅。；投入=fried,ingredient_004,ingredient_006,ingredient_005；产出=flow_006_00_00,flow_006_00_01,flow_006_00_02,flow_006_00_03
第9步【id=op_8000_01｜时间=60秒；资源=human_1,stove_choice；前置=op_006_01；参数=power_level=7；来源=原文及AI估计】本次加工结束，移出食物并释放设备；投入=flow_006_00_00,flow_006_00_01,flow_006_00_02,flow_006_00_03；产出=seasoned_mushrooms
第10步【id=op_007_01｜时间=30秒；资源=human_1,oven_1；前置=op_004_03,op_8000_01；参数=temperature_c=190,mode=上下火；来源=原文及AI估计】把芦笋从烤盘中取出，放入长盘中，再放上香菇即可。；投入=roast,seasoned_mushrooms；产出=dish
第11步【id=op_999_01｜时间=60秒；资源=human_1；前置=op_007_01；参数=不适用；来源=原文及AI估计】确认全部必需分支完成并装盘上桌；投入=dish；产出=finaldish"
"5fe197255f8f38795ea6fe79","麻辣对虾","A料：新鲜对虾300~400g；B料：盐1/4茶匙；料酒1茶匙；C料：食用油3汤匙；朝天椒4个；生姜末5克；蒜末30克；料酒1汤匙；盐1/4茶匙；生抽1茶匙；老抽1/2茶匙；鸡精1/2茶匙；花椒油1/4茶匙；补充：小葱1根","第1步【id=op_001_01｜时间=180秒；资源=human_1；前置=无；参数=不适用；来源=原文及AI估计】将对虾洗净，剪去须脚，用刀从背部剖开。；投入=ingredient_001；产出=shrimp
第2步【id=op_002_01｜时间=30秒；资源=human_1；前置=op_001_01；参数=不适用；来源=原文及AI估计】用B中的盐抹匀，再倒入料酒。；投入=shrimp,ingredient_002,ingredient_003；产出=coated
第3步【id=op_003_01｜时间=600秒；资源=fridge_cold_1；前置=op_002_01；参数=temperature_c=4,mode=冷藏；来源=原文及AI估计】腌渍10分钟。；投入=coated；产出=marinated
第4步【id=op_004_01｜时间=180秒；资源=human_1,stove_choice；前置=无；参数=power_level=2；来源=原文及AI估计】将炒锅加热，倒入C中的食用油、朝天椒、姜末、蒜末，小火煸炒至香辣味出现。；投入=ingredient_004,ingredient_005,ingredient_006,ingredient_007；产出=flow_004_00_00,flow_004_00_01,flow_004_00_02,flow_004_00_03
第5步【id=op_1000_01｜时间=120秒；资源=human_1；前置=无；参数=不适用；来源=原文及AI估计】补充小葱1根清洗切葱花；投入=ingredient_014；产出=scallions
第6步【id=op_8000_01｜时间=60秒；资源=human_1,stove_choice；前置=op_004_01；参数=power_level=7；来源=原文及AI估计】本次加工结束，移出食物并释放设备；投入=flow_004_00_00,flow_004_00_01,flow_004_00_02,flow_004_00_03；产出=fried
第7步【id=op_005_01｜时间=120秒；资源=human_1；前置=op_8000_01；参数=不适用；来源=原文及AI估计】将炒香的配料盛于小碗中。；投入=fried；产出=bowl
第8步【id=op_006_01｜时间=600秒；资源=无独占资源；前置=op_005_01；参数=不适用；来源=原文及AI估计】等待配料冷却。；投入=bowl；产出=cooled
第9步【id=op_007_01｜时间=120秒；资源=human_1；前置=op_006_01；参数=不适用；来源=原文及AI估计】冷却后加入料酒、盐、生抽、老抽、鸡精、花椒油拌匀。；投入=cooled,ingredient_008,ingredient_009,ingredient_010,ingredient_011,ingredient_012,ingredient_013；产出=sauce
第10步【id=op_008_01｜时间=120秒；资源=human_1,steam_oven_1；前置=op_003_01,op_007_01；参数=temperature_c=100,mode=普通蒸；来源=原文及AI估计】将炒香后的配料和对虾在盘中翻拌均匀，放有孔蒸盘，装入机器中间层，取出水箱加满水。；投入=sauce,marinated；产出=loaded
第11步【id=op_009_01｜时间=60秒；资源=human_1,steam_oven_1；前置=op_008_01；参数=temperature_c=100,mode=普通蒸；来源=原文及AI估计】设置设备程序/补水；麻辣对虾；投入=无食物投入；产出=无食物产出
第12步【id=op_009_02｜时间=300秒；资源=steam_oven_1；前置=op_009_01；参数=temperature_c=100,mode=普通蒸；来源=原文及AI估计】预热/升温；麻辣对虾；投入=无食物投入；产出=无食物产出
第13步【id=op_009_03｜时间=480秒；资源=steam_oven_1；前置=op_009_02,op_008_01；参数=temperature_c=100,mode=普通蒸；来源=原文及AI估计】选择“开始烹饪”按键，按屏幕提示操作。；投入=loaded；产出=cooked
第14步【id=op_010_01｜时间=120秒；资源=human_1,steam_oven_1；前置=op_009_03,op_1000_01；参数=temperature_c=100,mode=普通蒸；来源=原文及AI估计】烹饪结束后取出，撒上葱花即可食用。；投入=cooked,scallions；产出=dish
第15步【id=op_999_01｜时间=60秒；资源=human_1；前置=op_010_01；参数=不适用；来源=原文及AI估计】确认全部必需分支完成并装盘上桌；投入=dish；产出=finaldish"
"65795214c458a177d8438b22","血糯米仙草奶茶","主料：牛奶200毫升；仙草冻粉20克；血糯米20克；红茶包2个；辅料：椰汁少许；白砂糖适量；凉开水60毫升；补充：水400毫升","第1步【id=op_002_01｜时间=300秒；资源=human_1,stove_choice；前置=无；参数=power_level=2；来源=原文及AI估计】牛奶放小锅中，加白砂糖小火煮，放入红茶包一起加热。；投入=ingredient_001,ingredient_004,ingredient_006；产出=flow_001_00_00,flow_001_00_01,flow_001_00_02
第2步【id=op_005_01｜时间=120秒；资源=human_1；前置=无；参数=不适用；来源=原文及AI估计】仙草冻粉加凉水搅拌至无颗粒状。；投入=ingredient_002,ingredient_007；产出=slurry
第3步【id=op_010_01｜时间=14400秒；资源=无独占资源；前置=无；参数=不适用；来源=原文及AI估计】在仙草糊冷却的同时浸泡血糯米。；投入=ingredient_003；产出=soaked_rice
第4步【id=op_012_01｜时间=60秒；资源=human_1,steam_oven_1；前置=op_010_01；参数=temperature_c=100,mode=普通蒸；来源=原文及AI估计】设置设备程序/补水；血糯米仙草奶茶；投入=无食物投入；产出=无食物产出
第5步【id=op_012_02｜时间=300秒；资源=steam_oven_1；前置=op_012_01；参数=temperature_c=100,mode=普通蒸；来源=原文及AI估计】预热/升温；血糯米仙草奶茶；投入=无食物投入；产出=无食物产出
第6步【id=op_012_03｜时间=60秒；资源=human_1,steam_oven_1；前置=op_012_02,op_010_01；参数=temperature_c=100,mode=普通蒸；来源=原文及AI估计】装入本步骤食材；投入=soaked_rice；产出=flow_012_00_00
第7步【id=op_012_04｜时间=2100秒；资源=steam_oven_1；前置=op_012_03；参数=temperature_c=100,mode=普通蒸；来源=原文及AI估计】血糯米放入方太智能烹饪设备，开启电源，取出水箱加满水，选择“开始烹饪”按键，按屏幕提示操作。；投入=flow_012_00_00；产出=flow_012_01_00
第8步【id=op_1000_01｜时间=300秒；资源=human_1,stove_choice；前置=无；参数=power_level=7；来源=原文及AI估计】将新增400ml水在锅内烧开，用于冲仙草粉浆；投入=ingredient_008；产出=boiling_water
第9步【id=op_006_01｜时间=30秒；资源=human_1,stove_choice；前置=op_005_01,op_1000_01；参数=power_level=7；来源=原文及AI估计】加入小锅中，倒入开水。；投入=slurry,boiling_water；产出=diluted
第10步【id=op_007_01｜时间=180秒；资源=human_1,stove_choice；前置=op_006_01；参数=power_level=2；来源=原文及AI估计】边小火加热边搅拌直至沸腾，即可制成糊。；投入=diluted；产出=flow_007_00_00
第11步【id=op_8000_01｜时间=60秒；资源=human_1,stove_choice；前置=op_002_01；参数=power_level=7；来源=原文及AI估计】本次加工结束，移出食物并释放设备；投入=flow_001_00_00,flow_001_00_01,flow_001_00_02；产出=tea
第12步【id=op_003_01｜时间=30秒；资源=human_1；前置=op_8000_01；参数=不适用；来源=原文及AI估计】奶茶煮好后关火。；投入=tea；产出=offheat
第13步【id=op_004_01｜时间=1200秒；资源=无独占资源；前置=op_003_01；参数=不适用；来源=原文及AI估计】将奶茶冷却。；投入=offheat；产出=cooled_tea
第14步【id=op_8001_01｜时间=60秒；资源=human_1,stove_choice；前置=op_007_01；参数=power_level=7；来源=原文及AI估计】本次加工结束，移出食物并释放设备；投入=flow_007_00_00；产出=paste
第15步【id=op_008_01｜时间=30秒；资源=human_1；前置=op_8001_01；参数=不适用；来源=原文及AI估计】关火后将糊放入方形保鲜盒。；投入=paste；产出=boxed
第16步【id=op_009_01｜时间=14400秒；资源=无独占资源；前置=op_008_01；参数=不适用；来源=原文及AI估计】将仙草糊冷却至凝固。；投入=boxed；产出=jelly
第17步【id=op_011_01｜时间=120秒；资源=human_1；前置=op_009_01；参数=不适用；来源=原文及AI估计】冻好后倒扣切成小方块。；投入=jelly；产出=cubes
第18步【id=op_8002_01｜时间=60秒；资源=human_1,steam_oven_1；前置=op_012_04；参数=temperature_c=100,mode=普通蒸；来源=原文及AI估计】本次加工结束，移出食物并释放设备；投入=flow_012_01_00；产出=cooked_rice
第19步【id=op_013_01｜时间=120秒；资源=human_1；前置=op_004_01,op_011_01,op_8002_01；参数=不适用；来源=原文及AI估计】将蒸熟的血糯米加一点椰汁混合均匀，放入杯中，再加冻块，最后倒入奶茶即可。；投入=cooked_rice,ingredient_005,cubes,cooled_tea；产出=dish
第20步【id=op_999_01｜时间=60秒；资源=human_1；前置=op_013_01；参数=不适用；来源=原文及AI估计】确认全部必需分支完成并装盘上桌；投入=dish；产出=finaldish"
"5c8622ee98d5bc7e184a908b","粉蒸藕丁","A料：莲藕300克；大米粉（原味粗颗粒）80克；B料：蚝油8克；黄豆酱10克；生抽4克；蒸鱼豉油5克；白糖4克；盐1克；食用油20克","第1步【id=op_001_01｜时间=180秒；资源=human_1；前置=无；参数=不适用；来源=原文及AI估计】将莲藕清洗干净，切成2cm*2cm*2cm的丁，放入清水中浸泡，清洗干净泥沙，沥干水分，放入料理盆中。；投入=ingredient_001；产出=lotus
第2步【id=op_002_01｜时间=120秒；资源=human_1；前置=op_001_01；参数=不适用；来源=原文及AI估计】将B中所有原料加入藕丁中，混合均匀，再加入原味粗颗粒大米粉拌匀，使莲藕均匀沾上调料和米粉，将调好味的藕丁放入盘中。；投入=lotus,ingredient_002,ingredient_003,ingredient_004,ingredient_005,ingredient_006,ingredient_007,ingredient_008,ingredient_009；产出=coated
第3步【id=op_003_01｜时间=60秒；资源=human_1,steam_oven_1；前置=op_002_01；参数=temperature_c=100,mode=普通蒸；来源=原文及AI估计】设置设备程序/补水；粉蒸藕丁；投入=无食物投入；产出=无食物产出
第4步【id=op_003_02｜时间=300秒；资源=steam_oven_1；前置=op_003_01；参数=temperature_c=100,mode=普通蒸；来源=原文及AI估计】预热/升温；粉蒸藕丁；投入=无食物投入；产出=无食物产出
第5步【id=op_003_03｜时间=60秒；资源=human_1,steam_oven_1；前置=op_003_02,op_002_01；参数=temperature_c=100,mode=普通蒸；来源=原文及AI估计】装入本步骤食材；投入=coated；产出=flow_003_00_00
第6步【id=op_003_04｜时间=1800秒；资源=steam_oven_1；前置=op_003_03；参数=temperature_c=100,mode=普通蒸；来源=原文及AI估计】将盘放入蒸盘/蒸烤架中，放入机器中间层，选择“开始烹饪”按键，按屏幕提示操作。；投入=flow_003_00_00；产出=cooked
第7步【id=op_004_01｜时间=30秒；资源=human_1,steam_oven_1；前置=op_003_04；参数=temperature_c=100,mode=普通蒸；来源=原文及AI估计】烹饪结束后取出，即可趁热食用。；投入=cooked；产出=dish
第8步【id=op_999_01｜时间=60秒；资源=human_1；前置=op_004_01；参数=不适用；来源=原文及AI估计】确认全部必需分支完成并装盘上桌；投入=dish；产出=finaldish"
"66dea6480d586d528ee9dd7c","烹香酷炒汇","A料：葱花20克；小米椒3个；洋葱30克；姜丝10克；小葱20克；大蒜末15克；葱段10克；红椒40克；B料：酸汤肥牛调料1袋；生抽38克；盐7克；食用油80克；黑胡椒碎适量；纯净水370克；豆瓣酱20克；白糖4克；白酒3克；蚝油15克；孜然粉2克；辣椒粉1克；主料：生米160克；水240克；蛋黄2个；火腿肠1根；胡萝卜40克；肥牛卷200克；金针菇150克；莴笋150克；对虾300克；芹菜40克；五花肉50克；豆腐100克；大白菜120克；土豆250克","第1步【id=op_001_01｜时间=180秒；资源=human_1；前置=无；参数=不适用；来源=原文及AI估计】黄金炒饭制作：1根火腿肠和40g胡萝卜切丁。；投入=ingredient_024,ingredient_025；产出=rice_dice
第2步【id=op_003_01｜时间=300秒；资源=stove_choice；前置=无；参数=power_level=7；来源=原文及AI估计】锅内烧开冲烫肥牛用水；投入=ingredient_026；产出=flow_004_00_00
第3步【id=op_004_01｜时间=300秒；资源=human_1；前置=无；参数=不适用；来源=原文及AI估计】150g金针菇切去根部，150g莴笋去皮切片，1个小米椒切碎。；投入=ingredient_027,ingredient_028,ingredient_002；产出=beef_veg
第4步【id=op_006_01｜时间=480秒；资源=human_1；前置=无；参数=不适用；来源=原文及AI估计】香辣虾制作：300g对虾洗净，开背去虾线。；投入=ingredient_029；产出=shrimp
第5步【id=op_007_01｜时间=180秒；资源=human_1；前置=无；参数=不适用；来源=原文及AI估计】40g芹菜和20g小葱切段，30g洋葱切条。；投入=ingredient_030,ingredient_005,ingredient_003；产出=celery,scallion,onion
第6步【id=op_008_01｜时间=120秒；资源=human_1；前置=op_006_01,op_007_01；参数=不适用；来源=原文及AI估计】对虾加入10g姜丝、小葱、25g食用油、20g豆瓣酱、2g白糖、10g生抽、3g白酒、1g盐，混匀。；投入=shrimp,scallion,ingredient_004,ingredient_012,ingredient_015,ingredient_016,ingredient_010,ingredient_017,ingredient_011；产出=shrimp_seasoned
第7步【id=op_009_01｜时间=600秒；资源=fridge_cold_1；前置=op_008_01；参数=temperature_c=4,mode=冷藏；来源=原文及AI估计】腌制10分钟。；投入=shrimp_seasoned；产出=shrimp_marinated
第8步【id=op_010_01｜时间=120秒；资源=human_1；前置=op_009_01,op_007_01；参数=不适用；来源=原文及AI估计】芹菜和洋葱铺在中号盘中，均匀摆上腌制好的对虾。；投入=shrimp_marinated,celery,onion；产出=shrimp_mix
第9步【id=op_011_01｜时间=180秒；资源=human_1；前置=无；参数=不适用；来源=原文及AI估计】白菜炖豆腐制作：50g五花肉切片，加入3g生抽。；投入=ingredient_031,ingredient_010；产出=pork
第10步【id=op_012_01｜时间=300秒；资源=fridge_cold_1；前置=op_011_01；参数=temperature_c=4,mode=冷藏；来源=原文及AI估计】腌制5分钟。；投入=pork；产出=marinated_pork
第11步【id=op_013_01｜时间=240秒；资源=human_1；前置=无；参数=不适用；来源=原文及AI估计】100g豆腐和120g大白菜切块，2个小米椒切碎。；投入=ingredient_032,ingredient_033,ingredient_002；产出=tofu,chopped_chili
第12步【id=op_014_01｜时间=120秒；资源=human_1；前置=op_013_01；参数=不适用；来源=原文及AI估计】取一小碗，将15g大蒜末、小米椒碎、15g食用油、15g生抽、2g盐、5g蚝油、2g白糖、70g纯净水料混合均匀备用。；投入=ingredient_006,chopped_chili,ingredient_012,ingredient_010,ingredient_011,ingredient_018,ingredient_016,ingredient_014；产出=tofu_sauce
第13步【id=op_015_01｜时间=120秒；资源=human_1；前置=op_012_01,op_014_01,op_013_01；参数=不适用；来源=原文及AI估计】小号碗中依次铺上五花肉片、豆腐和大白菜，再将料汁倒入。；投入=marinated_pork,tofu,tofu_sauce；产出=tofu_mix
第14步【id=op_016_01｜时间=120秒；资源=human_1；前置=无；参数=不适用；来源=原文及AI估计】家常土豆片制作：250g土豆切薄片。；投入=ingredient_034；产出=potato
第15步【id=op_017_01｜时间=120秒；资源=human_1；前置=op_016_01；参数=不适用；来源=原文及AI估计】土豆中加入20g食用油、2g孜然粉、1g辣椒粉、5g生抽、1g盐和10g蚝油拌匀，放入小号碗中。；投入=potato,ingredient_012,ingredient_019,ingredient_020,ingredient_010,ingredient_011,ingredient_018；产出=potato_mix
第16步【id=op_018_01｜时间=240秒；资源=human_1；前置=无；参数=不适用；来源=原文及AI估计】10g小葱切段，40g红椒切丝，备用。；投入=ingredient_007,ingredient_008；产出=garnish
第17步【id=op_019_01｜时间=60秒；资源=human_1,oven_1；前置=无；参数=temperature_c=180,mode=加湿烤,humidity=中；来源=原文及AI估计】打开设备，在设备/APP端进入“烹香酷炒汇”，选择“开始烹饪”并按屏幕提示设置。；投入=无食物投入；产出=无食物产出
第18步【id=op_020_01｜时间=600秒；资源=oven_1；前置=op_019_01；参数=temperature_c=180,mode=加湿烤,humidity=中；来源=原文及AI估计】执行预热，等待预热完成。；投入=无食物投入；产出=无食物产出
第19步【id=op_1000_01｜时间=120秒；资源=human_1；前置=无；参数=不适用；来源=原文及AI估计】淘洗160克生米，加入240克水，制备约400克熟米饭；投入=ingredient_021,ingredient_022；产出=flow_001_00_00,flow_001_00_01
第20步【id=op_1000_02｜时间=60秒；资源=human_1,steam_oven_1；前置=op_1000_01；参数=temperature_c=100,mode=普通蒸；来源=原文及AI估计】米水装入蒸箱；投入=flow_001_00_00,flow_001_00_01；产出=flow_001_01_00,flow_001_01_01
第21步【id=op_1000_03｜时间=1500秒；资源=steam_oven_1；前置=op_1000_02；参数=temperature_c=100,mode=普通蒸；来源=原文及AI估计】普通蒸100℃蒸米饭；投入=flow_001_01_00,flow_001_01_01；产出=flow_001_02_00,flow_001_02_01
第22步【id=op_1000_04｜时间=60秒；资源=human_1,steam_oven_1；前置=op_1000_03；参数=temperature_c=100,mode=普通蒸；来源=原文及AI估计】取出米饭并拨松；投入=flow_001_02_00,flow_001_02_01；产出=rice
第23步【id=op_002_01｜时间=120秒；资源=human_1；前置=op_001_01,op_1000_04；参数=不适用；来源=原文及AI估计】米饭中加入2个鸡蛋黄、火腿肠丁、胡萝卜丁、5g生抽、3g盐和20g食用油搅拌均匀，铺入大号双耳盘中。；投入=rice,rice_dice,ingredient_023,ingredient_010,ingredient_011,ingredient_012,ingredient_001,ingredient_013；产出=rice_mix
第24步【id=op_8000_01｜时间=60秒；资源=human_1,stove_choice；前置=op_003_01；参数=power_level=7；来源=原文及AI估计】本次加工结束，移出食物并释放设备；投入=flow_004_00_00；产出=flow_004_01_00
第25步【id=op_003_02｜时间=120秒；资源=human_1；前置=op_8000_01；参数=不适用；来源=原文及AI估计】肥牛用开水冲烫两遍后洗净血水；投入=flow_004_01_00；产出=beef
第26步【id=op_005_01｜时间=120秒；资源=human_1；前置=op_003_02,op_004_01；参数=不适用；来源=原文及AI估计】将金针菇、莴笋垫入中号盘中，撒上小米椒，摆入肥牛，倒入酸汤肥牛调料包和300g纯净水。；投入=beef_veg,beef,ingredient_009,ingredient_014；产出=beef_mix
第27步【id=op_021_01｜时间=240秒；资源=human_1,oven_1；前置=op_002_01,op_005_01,op_010_01,op_015_01,op_017_01,op_020_01；参数=temperature_c=180,mode=加湿烤,humidity=中；来源=原文及AI估计】预热结束后，将黄金炒饭、香辣虾置蒸烤盘放第1层；酸汤肥牛、白菜炖豆腐、家常土豆片置蒸烤架放第3层。；投入=rice_mix,beef_mix,shrimp_mix,tofu_mix,potato_mix；产出=rice_loaded,beef_loaded,shrimp_loaded,tofu_loaded,potato_loaded
第28步【id=op_022_01｜时间=1200秒；资源=oven_1；前置=op_021_01；参数=temperature_c=180,mode=加湿烤,humidity=中；来源=原文及AI估计】运行第一段烹饪，直到屏幕提示需要取出翻拌。；投入=rice_loaded,beef_loaded,shrimp_loaded,tofu_loaded,potato_loaded；产出=rice_heated,beef_heated,shrimp_heated,tofu_heated,potato_heated
第29步【id=op_023_01｜时间=240秒；资源=human_1,oven_1；前置=op_018_01,op_022_01；参数=temperature_c=180,mode=加湿烤,humidity=中；来源=原文及AI估计】按屏幕提示取出菜品；土豆片加小葱段和红椒丝，黄金炒饭翻拌并盖锡箔纸（小心烫伤），其余菜品适当翻拌，再放回原位。；投入=rice_heated,beef_heated,shrimp_heated,tofu_heated,potato_heated,garnish；产出=rice_stirred,beef_stirred,shrimp_stirred,tofu_stirred,potato_stirred
第30步【id=op_024_01｜时间=900秒；资源=oven_1；前置=op_023_01；参数=temperature_c=180,mode=加湿烤,humidity=中；来源=原文及AI估计】放回后继续完成第二段烹饪。；投入=rice_stirred,beef_stirred,shrimp_stirred,tofu_stirred,potato_stirred；产出=rice_cooked,beef_cooked,shrimp_cooked,tofu_cooked,potato_cooked
第31步【id=op_025_01｜时间=240秒；资源=human_1,oven_1；前置=op_024_01；参数=temperature_c=180,mode=加湿烤,humidity=中；来源=原文及AI估计】全部烹饪结束后取出。；投入=rice_cooked,beef_cooked,shrimp_cooked,tofu_cooked,potato_cooked；产出=rice_served,beef_served,shrimp_served,tofu_served,potato_served
第32步【id=op_999_01｜时间=60秒；资源=human_1；前置=op_025_01；参数=不适用；来源=原文及AI估计】确认全部必需分支完成并装盘上桌；投入=rice_served,beef_served,shrimp_served,tofu_served,potato_served；产出=finaldish"
"5c82027a6dc6e123a037a209","荷叶蒸蟹饭","A料：青蟹1只；荷叶1张；糯米200克；B料：猪肉50克；盐1/6t；料酒1t；生抽1/2t；C料：姜2克；葱1克；食用油1.5T；盐1/6t；生抽0.6t；干香菇15克；胡萝卜50克","第1步【id=op_001_01｜时间=7200秒；资源=无独占资源；前置=无；参数=不适用；来源=原文及AI估计】将糯米浸泡。；投入=ingredient_003；产出=soaked
第2步【id=op_002_01｜时间=120秒；资源=human_1,steam_oven_1；前置=op_001_01；参数=temperature_c=100,mode=普通蒸；来源=原文及AI估计】泡好后沥干，平铺纱布，纱布放无孔蒸盘，将蒸盘装入蒸箱中间层。；投入=soaked；产出=loaded
第3步【id=op_003_01｜时间=60秒；资源=human_1,steam_oven_1；前置=op_002_01；参数=temperature_c=100,mode=普通蒸；来源=原文及AI估计】设置设备程序/补水；荷叶蒸蟹饭；投入=无食物投入；产出=无食物产出
第4步【id=op_003_02｜时间=300秒；资源=steam_oven_1；前置=op_003_01；参数=temperature_c=100,mode=普通蒸；来源=原文及AI估计】预热/升温；荷叶蒸蟹饭；投入=无食物投入；产出=无食物产出
第5步【id=op_003_03｜时间=2100秒；资源=steam_oven_1；前置=op_003_02,op_002_01；参数=temperature_c=100,mode=普通蒸；来源=原文及AI估计】开启电源，取出水箱加满水，选择“普通蒸”模式，设置100℃、35分钟，按确认键，开始烹饪。；投入=loaded；产出=flow_003_00_00
第6步【id=op_8001_01｜时间=60秒；资源=human_1,steam_oven_1；前置=op_003_03；参数=temperature_c=100,mode=普通蒸；来源=原文及AI估计】本次加工结束，移出食物并释放设备；投入=flow_003_00_00；产出=rice
第7步【id=op_004_01｜时间=120秒；资源=human_1；前置=op_8001_01；参数=不适用；来源=原文及AI估计】猪肉切成肉丁，用B中原料拌匀。；投入=ingredient_004,ingredient_005,ingredient_006,ingredient_007；产出=pork
第8步【id=op_005_01｜时间=900秒；资源=fridge_cold_1；前置=op_004_01；参数=temperature_c=4,mode=冷藏；来源=原文及AI估计】腌制15分钟。；投入=pork；产出=marinated
第9步【id=op_006_01｜时间=180秒；资源=human_1；前置=op_005_01；参数=不适用；来源=原文及AI估计】将青蟹刷洗干净，剁开。；投入=ingredient_001；产出=crab
第10步【id=op_007_01｜时间=1800秒；资源=无独占资源；前置=op_006_01；参数=不适用；来源=原文及AI估计】将干香菇泡发。；投入=ingredient_013；产出=mushrooms
第11步【id=op_008_01｜时间=240秒；资源=human_1；前置=op_007_01；参数=不适用；来源=原文及AI估计】泡发后的香菇切丁，胡萝卜切丁，姜切末，葱切葱花。；投入=mushrooms,ingredient_014,ingredient_008,ingredient_009；产出=vegetables
第12步【id=op_009_01｜时间=90秒；资源=stove_choice；前置=op_008_01；参数=power_level=7；来源=原文及AI估计】炒锅加油预热；投入=无食物投入；产出=无食物产出
第13步【id=op_009_02｜时间=180秒；资源=human_1,stove_choice；前置=op_009_01,op_008_01,op_005_01,op_8001_01；参数=power_level=7；来源=原文及AI估计】下入腌好猪肉丁炒熟；投入=vegetables,marinated,rice,ingredient_010,ingredient_011,ingredient_012；产出=flow_009_00_00,flow_009_00_01,flow_009_00_02,flow_009_00_03,flow_009_00_04,flow_009_00_05
第14步【id=op_009_03｜时间=120秒；资源=human_1,stove_choice；前置=op_009_02；参数=power_level=7；来源=原文及AI估计】加入香菇胡萝卜葱姜和C调味料炒熟；投入=flow_009_00_00,flow_009_00_01,flow_009_00_02,flow_009_00_03,flow_009_00_04,flow_009_00_05；产出=flow_009_01_00,flow_009_01_01,flow_009_01_02,flow_009_01_03,flow_009_01_04,flow_009_01_05
第15步【id=op_009_04｜时间=120秒；资源=human_1,stove_choice；前置=op_009_03；参数=power_level=7；来源=原文及AI估计】加入已蒸熟的糯米拌炒均匀；投入=flow_009_01_00,flow_009_01_01,flow_009_01_02,flow_009_01_03,flow_009_01_04,flow_009_01_05；产出=flow_009_02_00,flow_009_02_01,flow_009_02_02,flow_009_02_03,flow_009_02_04,flow_009_02_05
第16步【id=op_8000_01｜时间=60秒；资源=human_1,stove_choice；前置=op_009_04；参数=power_level=7；来源=原文及AI估计】本次加工结束，移出食物并释放设备；投入=flow_009_02_00,flow_009_02_01,flow_009_02_02,flow_009_02_03,flow_009_02_04,flow_009_02_05；产出=fried_rice
第17步【id=op_010_01｜时间=120秒；资源=human_1；前置=op_8000_01,op_006_01；参数=不适用；来源=原文及AI估计】将炒好的饭盛在荷叶上，然后在饭上面按照完整青蟹的模样摆放好蟹块。；投入=fried_rice,crab,ingredient_002；产出=leaf_rice
第18步【id=op_011_01｜时间=120秒；资源=human_1,steam_oven_1；前置=op_010_01；参数=temperature_c=100,mode=普通蒸；来源=原文及AI估计】将摆置好的荷叶蟹饭放在盘内，将盘子放在有孔蒸盘/蒸烤架上，放入机器中间层。；投入=leaf_rice；产出=reloaded
第19步【id=op_012_01｜时间=60秒；资源=human_1,steam_oven_1；前置=op_011_01；参数=temperature_c=100,mode=普通蒸；来源=原文及AI估计】设置设备程序/补水；荷叶蒸蟹饭；投入=无食物投入；产出=无食物产出
第20步【id=op_012_02｜时间=1080秒；资源=steam_oven_1；前置=op_012_01,op_011_01；参数=temperature_c=100,mode=普通蒸；来源=原文及AI估计】开启电源，取出水箱加满水，选择“普通蒸”模式，设置100℃、18分钟，按确认键，开始烹饪，待烹饪结束后，取出趁热食用。；投入=reloaded；产出=flow_012_00_00
第21步【id=op_012_03｜时间=60秒；资源=human_1,steam_oven_1；前置=op_012_02；参数=temperature_c=100,mode=普通蒸；来源=原文及AI估计】取出本步骤熟食；投入=flow_012_00_00；产出=dish
第22步【id=op_999_01｜时间=60秒；资源=human_1；前置=op_012_03；参数=不适用；来源=原文及AI估计】确认全部必需分支完成并装盘上桌；投入=dish；产出=finaldish"
"5d54ecfea9114174727c8b5b","红枣酥饼","A料：中筋面粉600克；糖粉60克；猪油240克；清水260毫升；B料：低筋面粉340克；猪油120克；红枣碎馅20克","第1步【id=op_001_01｜时间=240秒；资源=human_1；前置=无；参数=不适用；来源=原文及AI估计】将A料的食材倒入碗中，搅拌均匀。；投入=ingredient_001,ingredient_002,ingredient_003,ingredient_004；产出=skin_mix
第2步【id=op_002_01｜时间=600秒；资源=human_1；前置=op_001_01；参数=不适用；来源=原文及AI估计】揉成光滑的面团后搓粗条，制成油皮。；投入=skin_mix；产出=skin
第3步【id=op_003_01｜时间=360秒；资源=human_1；前置=op_002_01；参数=不适用；来源=原文及AI估计】取B料食材倒入碗中，搅拌匀制面团，制成油酥。；投入=ingredient_005,ingredient_006；产出=pastry
第4步【id=op_004_01｜时间=480秒；资源=human_1；前置=op_003_01,op_002_01；参数=不适用；来源=原文及AI估计】将全部油皮面团和全部油酥各均分28份，枣泥总量按原配方20克均分28份；替代原每份38克/16克不一致口径。；投入=skin,pastry；产出=skin_pieces,pastry_pieces
第5步【id=op_005_01｜时间=180秒；资源=human_1；前置=op_004_01；参数=不适用；来源=原文及AI估计】油皮压扁。；投入=skin_pieces；产出=flat_skin
第6步【id=op_006_01｜时间=600秒；资源=human_1；前置=op_005_01,op_004_01；参数=不适用；来源=原文及AI估计】包住油酥，由下而上的卷起。；投入=flat_skin,pastry_pieces；产出=wrapped
第7步【id=op_007_01｜时间=600秒；资源=human_1；前置=op_006_01；参数=不适用；来源=原文及AI估计】再擀制成擀制成椭圆的面片。；投入=wrapped；产出=oval
第8步【id=op_008_01｜时间=240秒；资源=human_1；前置=op_007_01；参数=不适用；来源=原文及AI估计】从面片一端向另一端卷起。；投入=oval；产出=rolls
第9步【id=op_009_01｜时间=600秒；资源=human_1；前置=op_008_01；参数=不适用；来源=原文及AI估计】再擀平，然后再从一端向另一端卷起。；投入=rolls；产出=layers
第10步【id=op_010_01｜时间=120秒；资源=human_1；前置=op_009_01；参数=不适用；来源=原文及AI估计】用手指按压接口处。；投入=layers；产出=sealed
第11步【id=op_011_01｜时间=180秒；资源=human_1；前置=op_010_01；参数=不适用；来源=原文及AI估计】再从两端对折。；投入=sealed；产出=folded
第12步【id=op_012_01｜时间=600秒；资源=human_1；前置=op_011_01；参数=不适用；来源=原文及AI估计】再用擀面杖擀成圆形的面皮。；投入=folded；产出=rounds
第13步【id=op_013_01｜时间=900秒；资源=human_1；前置=op_012_01；参数=不适用；来源=原文及AI估计】填入枣馅儿，包入馅料边捏边旋转，使饼皮完全包裹住内陷。；投入=rounds,ingredient_007；产出=filled
第14步【id=op_014_01｜时间=180秒；资源=human_1；前置=op_013_01；参数=不适用；来源=原文及AI估计】将酥饼生坯放入垫有油纸的烤盘。；投入=filled；产出=tray
第15步【id=op_015_01｜时间=180秒；资源=human_1,oven_1；前置=op_014_01；参数=temperature_c=180,mode=上下火；来源=原文及AI估计】将酥饼压扁，放入烤箱。；投入=tray；产出=loaded
第16步【id=op_016_01｜时间=60秒；资源=human_1,oven_1；前置=op_015_01；参数=temperature_c=180,mode=上下火；来源=原文及AI估计】设置设备程序/补水；红枣酥饼；投入=无食物投入；产出=无食物产出
第17步【id=op_016_02｜时间=600秒；资源=oven_1；前置=op_016_01；参数=temperature_c=180,mode=上下火；来源=原文及AI估计】预热/升温；红枣酥饼；投入=无食物投入；产出=无食物产出
第18步【id=op_016_03｜时间=1020秒；资源=oven_1；前置=op_016_02,op_015_01；参数=temperature_c=180,mode=上下火；来源=原文及AI估计】选择“常规烘焙”模式，以180℃烤17分钟即可。；投入=loaded；产出=flow_016_00_00
第19步【id=op_8000_01｜时间=60秒；资源=human_1,oven_1；前置=op_016_03；参数=temperature_c=180,mode=上下火；来源=原文及AI估计】本次加工结束，移出食物并释放设备；投入=flow_016_00_00；产出=dish
第20步【id=op_999_01｜时间=60秒；资源=human_1；前置=op_8000_01；参数=不适用；来源=原文及AI估计】确认全部必需分支完成并装盘上桌；投入=dish；产出=finaldish"
"5c80cea36dc6e123a037a1be","香辣烤鸡爪","A料：鸡爪750g；B料：水1400g；老抽1.5汤匙；生抽2汤匙；料酒1汤匙；盐1/8茶匙；大葱1段；生姜2片；八角1个；桂皮1块；香叶2片；C料：蚝油1T；孜然粉1g；辣椒1g","第1步【id=op_001_01｜时间=120秒；资源=human_1；前置=无；参数=不适用；来源=原文及AI估计】将鸡爪清净，剪去指窝处的老茧和指甲。；投入=ingredient_001；产出=feet
第2步【id=op_002_01｜时间=120秒；资源=human_1,stove_choice；前置=op_001_01；参数=power_level=7；来源=原文及AI估计】锅中放鸡爪，加清水没过鸡爪。；投入=feet；产出=pot_feet
第3步【id=op_003_01｜时间=600秒；资源=human_1,stove_choice；前置=op_002_01；参数=power_level=7；来源=原文及AI估计】大火煮至水开。；投入=pot_feet；产出=boiling
第4步【id=op_004_01｜时间=600秒；资源=human_1,stove_choice；前置=op_003_01；参数=power_level=7；来源=原文及AI估计】水开后继续煮鸡爪。；投入=boiling；产出=blanched
第5步【id=op_005_01｜时间=180秒；资源=human_1,stove_choice；前置=op_004_01；参数=power_level=7；来源=原文及AI估计】关火，捞出鸡爪，用冷水冲洗干净。；投入=blanched；产出=rinsed
第6步【id=op_006_01｜时间=30秒；资源=human_1,stove_choice；前置=op_005_01；参数=power_level=7；来源=原文及AI估计】锅中加入1400g水和B中所有调料，放入鸡爪。；投入=rinsed,ingredient_002,ingredient_003,ingredient_004,ingredient_005,ingredient_006,ingredient_007,ingredient_008,ingredient_009,ingredient_010,ingredient_011；产出=braise
第7步【id=op_007_01｜时间=480秒；资源=human_1,stove_choice；前置=op_006_01；参数=power_level=7；来源=原文及AI估计】大火烧开。；投入=braise；产出=boiled
第8步【id=op_008_01｜时间=570秒；资源=stove_choice；前置=op_007_01；参数=power_level=5；来源=原文及AI估计】水开后转中火炖煮约40分钟；后期水少时必须间歇翻拌，直至鸡爪可用筷子戳烂并收汁上色。；投入=boiled；产出=flow_008_00_00
第9步【id=op_008_02｜时间=30秒；资源=human_1,stove_choice；前置=op_008_01；参数=power_level=7；来源=原文及AI估计】检查火力及原文要求的翻拌；投入=flow_008_00_00；产出=flow_008_01_00
第10步【id=op_008_03｜时间=570秒；资源=stove_choice；前置=op_008_02；参数=power_level=5；来源=原文及AI估计】水开后转中火炖煮约40分钟；后期水少时必须间歇翻拌，直至鸡爪可用筷子戳烂并收汁上色。；投入=flow_008_01_00；产出=flow_008_02_00
第11步【id=op_008_04｜时间=30秒；资源=human_1,stove_choice；前置=op_008_03；参数=power_level=7；来源=原文及AI估计】检查火力及原文要求的翻拌；投入=flow_008_02_00；产出=flow_008_03_00
第12步【id=op_008_05｜时间=570秒；资源=stove_choice；前置=op_008_04；参数=power_level=5；来源=原文及AI估计】水开后转中火炖煮约40分钟；后期水少时必须间歇翻拌，直至鸡爪可用筷子戳烂并收汁上色。；投入=flow_008_03_00；产出=flow_008_04_00
第13步【id=op_008_06｜时间=30秒；资源=human_1,stove_choice；前置=op_008_05；参数=power_level=7；来源=原文及AI估计】检查火力及原文要求的翻拌；投入=flow_008_04_00；产出=flow_008_05_00
第14步【id=op_008_07｜时间=570秒；资源=stove_choice；前置=op_008_06；参数=power_level=5；来源=原文及AI估计】水开后转中火炖煮约40分钟；后期水少时必须间歇翻拌，直至鸡爪可用筷子戳烂并收汁上色。；投入=flow_008_05_00；产出=flow_008_06_00
第15步【id=op_008_08｜时间=30秒；资源=human_1,stove_choice；前置=op_008_07；参数=power_level=7；来源=原文及AI估计】检查火力及原文要求的翻拌；投入=flow_008_06_00；产出=tender
第16步【id=op_009_01｜时间=30秒；资源=human_1,stove_choice；前置=op_008_08；参数=power_level=7；来源=原文及AI估计】关火捞出鸡爪，放入大碗。；投入=tender；产出=cooked_feet,stock_portion,stock_left
第17步【id=op_010_01｜时间=120秒；资源=human_1,stove_choice；前置=op_009_01；参数=power_level=7；来源=原文及AI估计】取5T锅中剩余的浓稠汤汁加入鸡爪中。；投入=cooked_feet,stock_portion；产出=sauced
第18步【id=op_011_01｜时间=120秒；资源=human_1；前置=op_010_01；参数=不适用；来源=原文及AI估计】再加入蚝油、孜然粉和辣椒粉，与鸡爪拌匀，将拌匀的鸡爪摆放在垫有烘焙纸的烤盘中。；投入=sauced,ingredient_012,ingredient_013,ingredient_014；产出=seasoned
第19步【id=op_012_01｜时间=60秒；资源=human_1,oven_1；前置=op_011_01；参数=temperature_c=200,mode=上下火；来源=原文及AI估计】设置设备程序/补水；香辣烤鸡爪；投入=无食物投入；产出=无食物产出
第20步【id=op_012_02｜时间=600秒；资源=oven_1；前置=op_012_01；参数=temperature_c=200,mode=上下火；来源=原文及AI估计】预热/升温；香辣烤鸡爪；投入=无食物投入；产出=无食物产出
第21步【id=op_012_03｜时间=60秒；资源=human_1,oven_1；前置=op_012_02,op_011_01；参数=temperature_c=200,mode=上下火；来源=原文及AI估计】装入本步骤食材；投入=seasoned；产出=flow_012_00_00
第22步【id=op_012_04｜时间=900秒；资源=oven_1；前置=op_012_03；参数=temperature_c=200,mode=上下火；来源=原文及AI估计】将烤盘放入烤箱第3层，选择“开始烹饪”按键，按屏幕提示操作。；投入=flow_012_00_00；产出=flow_012_01_00
第23步【id=op_8003_01｜时间=60秒；资源=human_1,oven_1；前置=op_012_04；参数=temperature_c=200,mode=上下火；来源=原文及AI估计】本次加工结束，移出食物并释放设备；投入=flow_012_01_00；产出=dish
第24步【id=op_999_01｜时间=60秒；资源=human_1；前置=op_8003_01；参数=不适用；来源=原文及AI估计】确认全部必需分支完成并装盘上桌；投入=dish；产出=finaldish"
"5fe197285f8f38795ea6fe7a","玛格丽特","A料：鸡蛋1.5个；B料：黄油68克；糖粉32克；C料：低筋粉68克；玉米淀粉68克；盐1克","第1步【id=op_001_01｜时间=180秒；资源=human_1,stove_choice；前置=无；参数=power_level=7；来源=原文及AI估计】鸡蛋洗净放入锅中，加冷水浸没。；投入=ingredient_001；产出=eggs
第2步【id=op_002_01｜时间=570秒；资源=stove_choice；前置=op_001_01；参数=power_level=7；来源=原文及AI估计】将鸡蛋煮熟。；投入=eggs；产出=flow_002_00_00
第3步【id=op_002_02｜时间=30秒；资源=human_1,stove_choice；前置=op_002_01；参数=power_level=7；来源=原文及AI估计】检查火力及原文要求的翻拌；投入=flow_002_00_00；产出=flow_002_01_00
第4步【id=op_002_03｜时间=270秒；资源=stove_choice；前置=op_002_02；参数=power_level=7；来源=原文及AI估计】将鸡蛋煮熟。；投入=flow_002_01_00；产出=flow_002_02_00
第5步【id=op_002_04｜时间=30秒；资源=human_1,stove_choice；前置=op_002_03；参数=power_level=7；来源=原文及AI估计】检查火力及原文要求的翻拌；投入=flow_002_02_00；产出=cooked
第6步【id=op_003_01｜时间=180秒；资源=human_1,stove_choice；前置=op_002_04；参数=power_level=7；来源=原文及AI估计】取出蛋黄，碾压过筛备用。；投入=cooked；产出=yolks,whites
第7步【id=op_004_01｜时间=1800秒；资源=无独占资源；前置=op_003_01；参数=不适用；来源=原文及AI估计】将黄油室温软化。；投入=ingredient_002；产出=butter
第8步【id=op_005_01｜时间=300秒；资源=human_1；前置=op_004_01,op_003_01；参数=不适用；来源=原文及AI估计】加入糖粉拌匀，再加过筛蛋黄和匀；加入过筛粉类及盐，揉匀成团，装保鲜袋。；投入=butter,yolks,ingredient_003,ingredient_004,ingredient_005,ingredient_006；产出=dough
第9步【id=op_006_01｜时间=2700秒；资源=fridge_cold_1；前置=op_005_01；参数=temperature_c=4,mode=冷藏；来源=原文及AI估计】冷藏0.5 ～ 1 小时至变硬。；投入=dough；产出=cold_dough
第10步【id=op_007_01｜时间=480秒；资源=human_1；前置=op_006_01；参数=不适用；来源=原文及AI估计】称取15g/ 个面团，搓成圆球，用大拇指按一下中间至周围有裂缝，然后均匀放在垫有油纸的蒸烤盘上，约16 个。；投入=cold_dough；产出=cookies
第11步【id=op_008_01｜时间=60秒；资源=human_1,oven_1；前置=op_007_01；参数=temperature_c=170,mode=上下火；来源=原文及AI估计】设置设备程序/补水；玛格丽特；投入=无食物投入；产出=无食物产出
第12步【id=op_008_02｜时间=600秒；资源=oven_1；前置=op_008_01；参数=temperature_c=170,mode=上下火；来源=原文及AI估计】预热/升温；玛格丽特；投入=无食物投入；产出=无食物产出
第13步【id=op_008_03｜时间=60秒；资源=human_1,oven_1；前置=op_008_02,op_007_01；参数=temperature_c=170,mode=上下火；来源=原文及AI估计】装入本步骤食材；投入=cookies；产出=flow_008_00_00
第14步【id=op_008_04｜时间=1080秒；资源=oven_1；前置=op_008_03；参数=temperature_c=170,mode=上下火；来源=原文及AI估计】放入机器中间层，选择“开始烹饪”按键，按屏幕提示操作。；投入=flow_008_00_00；产出=baked
第15步【id=op_009_01｜时间=30秒；资源=human_1,oven_1；前置=op_008_04；参数=temperature_c=170,mode=上下火；来源=原文及AI估计】烘烤结束后取出饼干。；投入=baked；产出=out
第16步【id=op_010_01｜时间=1200秒；资源=无独占资源；前置=op_009_01；参数=不适用；来源=原文及AI估计】晾凉后即可食用。；投入=out；产出=dish
第17步【id=op_999_01｜时间=60秒；资源=human_1；前置=op_010_01；参数=不适用；来源=原文及AI估计】确认全部必需分支完成并装盘上桌；投入=dish；产出=finaldish"
"6528fa4745256c3ad7c25d61","紫甘蓝沙拉","主料：紫甘蓝300克；芝麻菜50克；火腿30克；三色藜麦30克；辅料：油醋汁蘸料30毫升；黑胡椒2克；补充：水30毫升","第1步【id=op_002_01｜时间=180秒；资源=human_1；前置=无；参数=不适用；来源=原文及AI估计】紫甘蓝洗净去茎留叶，芝麻菜洗净。；投入=ingredient_001,ingredient_002；产出=greens
第2步【id=op_003_01｜时间=120秒；资源=human_1；前置=op_002_01；参数=不适用；来源=原文及AI估计】紫甘蓝和芝麻菜，均撕碎备用，三色藜麦加入30毫升水。；投入=greens,ingredient_004,ingredient_007；产出=leaves,quinoa
第3步【id=op_004_01｜时间=60秒；资源=human_1,steam_oven_1；前置=op_003_01；参数=temperature_c=100,mode=普通蒸；来源=原文及AI估计】设置设备程序/补水；紫甘蓝沙拉；投入=无食物投入；产出=无食物产出
第4步【id=op_004_02｜时间=300秒；资源=steam_oven_1；前置=op_004_01；参数=temperature_c=100,mode=普通蒸；来源=原文及AI估计】预热/升温；紫甘蓝沙拉；投入=无食物投入；产出=无食物产出
第5步【id=op_004_03｜时间=60秒；资源=human_1,steam_oven_1；前置=op_004_02,op_003_01；参数=temperature_c=100,mode=普通蒸；来源=原文及AI估计】装入本步骤食材；投入=quinoa；产出=flow_003_00_00
第6步【id=op_004_04｜时间=1200秒；资源=steam_oven_1；前置=op_004_03；参数=temperature_c=100,mode=普通蒸；来源=原文及AI估计】将三色藜麦放入方太智能烹饪设备，开启电源，取出水箱加满水，选择“开始烹饪”按键，按屏幕提示操作。；投入=flow_003_00_00；产出=cooked
第7步【id=op_005_01｜时间=30秒；资源=human_1,steam_oven_1；前置=op_004_04；参数=temperature_c=100,mode=普通蒸；来源=原文及AI估计】蒸熟的藜麦，取出。；投入=cooked；产出=out
第8步【id=op_006_01｜时间=1200秒；资源=无独占资源；前置=op_005_01；参数=不适用；来源=原文及AI估计】放凉备用。；投入=out；产出=cooled
第9步【id=op_007_01｜时间=120秒；资源=human_1；前置=op_006_01,op_003_01；参数=不适用；来源=原文及AI估计】将火腿、藜麦、紫甘蓝、芝麻菜放入碗里，加入油醋汁搅拌均匀。；投入=cooled,leaves,ingredient_003,ingredient_005；产出=salad
第10步【id=op_008_01｜时间=120秒；资源=human_1；前置=op_007_01；参数=不适用；来源=原文及AI估计】撒上黑胡椒即可。；投入=salad,ingredient_006；产出=dish
第11步【id=op_999_01｜时间=60秒；资源=human_1；前置=op_008_01；参数=不适用；来源=原文及AI估计】确认全部必需分支完成并装盘上桌；投入=dish；产出=finaldish"
"65781f17c458a177d8438652","巴斯克蛋糕","主料：奶油奶酪350克；辅料：鸡蛋4个；淡奶油180克；玉米淀粉12克；细砂糖80克","第1步【id=op_001_01｜时间=300秒；资源=human_1,stove_choice；前置=无；参数=power_level=7；来源=原文及AI估计】奶油奶酪放盆中，隔热水融成膏体状。；投入=ingredient_001；产出=flow_001_00_00
第2步【id=op_8000_01｜时间=60秒；资源=human_1,stove_choice；前置=op_001_01；参数=power_level=7；来源=原文及AI估计】本次加工结束，移出食物并释放设备；投入=flow_001_00_00；产出=cheese
第3步【id=op_002_01｜时间=120秒；资源=human_1；前置=op_8000_01；参数=不适用；来源=原文及AI估计】在融化的奶油奶酪中加入细砂糖，搅打至顺滑。；投入=cheese,ingredient_005；产出=sweet
第4步【id=op_003_01｜时间=120秒；资源=human_1；前置=op_002_01；参数=不适用；来源=原文及AI估计】加入鸡蛋，搅打至完全融合。；投入=sweet,ingredient_002；产出=egg_cheese
第5步【id=op_004_01｜时间=180秒；资源=human_1；前置=op_003_01；参数=不适用；来源=原文及AI估计】加入淡奶油和玉米淀粉，混合均匀后过筛备用。；投入=egg_cheese,ingredient_003,ingredient_004；产出=batter
第6步【id=op_005_01｜时间=120秒；资源=human_1；前置=op_004_01；参数=不适用；来源=原文及AI估计】倒入铺好油纸的6寸蛋糕模具中，将模具放入蒸烤盘中央。；投入=batter；产出=mould
第7步【id=op_006_01｜时间=60秒；资源=human_1,oven_1；前置=op_005_01；参数=temperature_c=220,mode=上下火；来源=原文及AI估计】设置设备程序/补水；巴斯克蛋糕；投入=无食物投入；产出=无食物产出
第8步【id=op_006_02｜时间=600秒；资源=oven_1；前置=op_006_01；参数=temperature_c=220,mode=上下火；来源=原文及AI估计】预热/升温；巴斯克蛋糕；投入=无食物投入；产出=无食物产出
第9步【id=op_006_03｜时间=1800秒；资源=oven_1；前置=op_006_02,op_005_01；参数=temperature_c=220,mode=上下火；来源=原文及AI估计】开启电源，选择“开始烹饪”按键，按屏幕提示操作。；投入=mould；产出=baked
第10步【id=op_007_01｜时间=30秒；资源=human_1,oven_1；前置=op_006_03；参数=temperature_c=220,mode=上下火；来源=原文及AI估计】烹饪结束后取出蛋糕模具。；投入=baked；产出=out
第11步【id=op_008_01｜时间=3600秒；资源=无独占资源；前置=op_007_01；参数=不适用；来源=原文及AI估计】将蛋糕放凉。；投入=out；产出=cooled
第12步【id=op_009_01｜时间=7200秒；资源=fridge_cold_1；前置=op_008_01；参数=temperature_c=4,mode=冷藏；来源=原文及AI估计】放凉后放入冰箱冷藏。；投入=cooled；产出=chilled
第13步【id=op_010_01｜时间=120秒；资源=human_1；前置=op_009_01；参数=不适用；来源=原文及AI估计】冷藏完成后脱模。；投入=chilled；产出=dish
第14步【id=op_999_01｜时间=60秒；资源=human_1；前置=op_010_01；参数=不适用；来源=原文及AI估计】确认全部必需分支完成并装盘上桌；投入=dish；产出=finaldish"
"58e70b109f6429675ec805ed","蒜蓉粉丝蒸扇贝","主料：新鲜扇贝6个；辅料：龙口粉丝40克；小葱1根；红彩椒0.25个；食用油75克；蒜末50克；生抽20克；料酒15克；鸡精1克；白胡椒粉0.1克","第1步【id=op_001_01｜时间=480秒；资源=human_1；前置=无；参数=不适用；来源=原文及AI估计】将扇贝外壳刷洗干净，用薄汤勺紧贴扇贝较平的外壳壁慢慢撬开，再将扇贝肉从壳上剔下，去除内脏和鳃，留下圆柱形的肉、月牙形的黄和围边，在扇贝肉上划斜刀。；投入=ingredient_001；产出=scallops
第2步【id=op_005_01｜时间=180秒；资源=human_1,stove_choice；前置=无；参数=power_level=2；来源=原文及AI估计】75克油加热，加入25克蒜末，小火炒至淡黄色后盛出。；投入=ingredient_005,ingredient_006；产出=fried_garlic
第3步【id=op_006_01｜时间=120秒；资源=human_1；前置=无；参数=不适用；来源=原文及AI估计】将剩余25克生蒜末与原配方生抽、料酒、鸡精、白胡椒粉混匀成调味汁。；投入=ingredient_006,ingredient_007,ingredient_008,ingredient_009,ingredient_010；产出=sauce
第4步【id=op_1000_01｜时间=300秒；资源=human_1,stove_choice；前置=无；参数=power_level=7；来源=原文及AI估计】烧开足以浸泡40g粉丝的工艺用水；投入=无食物投入；产出=无食物产出
第5步【id=op_8001_01｜时间=60秒；资源=human_1,stove_choice；前置=op_1000_01；参数=power_level=7；来源=原文及AI估计】本次加工结束，移出食物并释放设备；投入=无食物投入；产出=无食物产出
第6步【id=op_002_01｜时间=30秒；资源=human_1；前置=op_8001_01；参数=不适用；来源=原文及AI估计】将B中龙口粉丝切成约8cm长，放入开水。；投入=ingredient_002；产出=wet_noodles
第7步【id=op_003_01｜时间=600秒；资源=无独占资源；前置=op_002_01；参数=不适用；来源=原文及AI估计】用开水将粉丝泡软。；投入=wet_noodles；产出=noodles
第8步【id=op_004_01｜时间=120秒；资源=human_1；前置=op_002_01；参数=不适用；来源=原文及AI估计】小葱切葱花、红彩椒切细粒。；投入=ingredient_003,ingredient_004；产出=garnish
第9步【id=op_007_01｜时间=180秒；资源=human_1；前置=op_001_01,op_003_01,op_005_01,op_006_01；参数=不适用；来源=原文及AI估计】取凹面贝壳，放入粉丝，粉丝用手卷一下使其聚拢，再将扇贝肉整齐地排放粉丝上，用小勺舀取调味汁，均匀地浇在扇贝肉上，然后再舀取油蒜末浇在扇贝肉上，最后将粉丝扇贝放在平盘上。；投入=scallops,noodles,fried_garlic,sauce；产出=assembled
第10步【id=op_008_01｜时间=30秒；资源=human_1,steam_oven_1；前置=op_007_01；参数=temperature_c=100,mode=普通蒸；来源=原文及AI估计】将盘子放在附送的有孔盘或架子上，放入设备第2层。；投入=assembled；产出=loaded
第11步【id=op_009_01｜时间=60秒；资源=human_1,steam_oven_1；前置=op_008_01；参数=temperature_c=100,mode=普通蒸；来源=原文及AI估计】设置设备程序/补水；蒜蓉粉丝蒸扇贝；投入=无食物投入；产出=无食物产出
第12步【id=op_009_02｜时间=300秒；资源=steam_oven_1；前置=op_009_01；参数=temperature_c=100,mode=普通蒸；来源=原文及AI估计】预热/升温；蒜蓉粉丝蒸扇贝；投入=无食物投入；产出=无食物产出
第13步【id=op_009_03｜时间=480秒；资源=steam_oven_1；前置=op_009_02,op_008_01；参数=temperature_c=100,mode=普通蒸；来源=原文及AI估计】开启电源，取出水箱加满水，选择“开始烹饪”按键，按屏幕提示操作。；投入=loaded；产出=cooked
第14步【id=op_010_01｜时间=120秒；资源=human_1,steam_oven_1；前置=op_004_01,op_009_03；参数=temperature_c=100,mode=普通蒸；来源=原文及AI估计】烹饪结束后取出，撒上葱花、红彩椒粒点缀，趁热食用。；投入=cooked,garnish；产出=dish
第15步【id=op_999_01｜时间=60秒；资源=human_1；前置=op_010_01；参数=不适用；来源=原文及AI估计】确认全部必需分支完成并装盘上桌；投入=dish；产出=finaldish"
"5dad41646601a865649f9c06","蔬菜塔","主料：薄切土豆片150克；西葫芦150克；胡萝卜150克；红彩椒50克；辅料：盐2克；黑胡椒3克；橄榄油10毫升；黄油20克","第1步【id=op_001_01｜时间=120秒；资源=human_1；前置=无；参数=不适用；来源=原文及AI估计】在烤箱容器中刷上橄榄油，铺上薄切土豆片，撒上黑胡椒和盐，淋上橄榄油。；投入=ingredient_001,ingredient_007,ingredient_005,ingredient_006；产出=potato
第2步【id=op_002_01｜时间=30秒；资源=human_1,oven_1；前置=op_001_01；参数=temperature_c=200,mode=上下火；来源=原文及AI估计】将处理好的土豆片放入预热好的烤箱。；投入=potato；产出=loaded
第3步【id=op_003_01｜时间=60秒；资源=human_1,oven_1；前置=op_002_01；参数=temperature_c=200,mode=上下火；来源=原文及AI估计】设置设备程序/补水；蔬菜塔；投入=无食物投入；产出=无食物产出
第4步【id=op_003_02｜时间=600秒；资源=oven_1；前置=op_003_01；参数=temperature_c=200,mode=上下火；来源=原文及AI估计】预热/升温；蔬菜塔；投入=无食物投入；产出=无食物产出
第5步【id=op_003_03｜时间=1500秒；资源=oven_1；前置=op_003_02,op_002_01；参数=temperature_c=200,mode=鼓风烤；来源=原文及AI估计】选择“鼓风烧烤”模式，以200℃烤25分钟。；投入=loaded；产出=flow_003_00_00
第6步【id=op_1000_01｜时间=300秒；资源=human_1,stove_choice；前置=无；参数=power_level=7；来源=原文及AI估计】锅内加足量工艺水烧沸，再执行汆烫蔬菜；投入=无食物投入；产出=无食物产出
第7步【id=op_8002_01｜时间=60秒；资源=human_1,oven_1；前置=op_003_03；参数=temperature_c=200,mode=上下火；来源=原文及AI估计】本次加工结束，移出食物并释放设备；投入=flow_003_00_00；产出=shell
第8步【id=op_004_01｜时间=180秒；资源=human_1；前置=op_8002_01；参数=不适用；来源=原文及AI估计】西葫芦、胡萝卜、红彩椒均切丁备用。；投入=ingredient_002,ingredient_003,ingredient_004；产出=dice
第9步【id=op_005_01｜时间=120秒；资源=human_1,stove_choice；前置=op_004_01,op_1000_01；参数=power_level=7；来源=原文及AI估计】把所有蔬菜放入沸水中汆烫片刻后捞出沥干备用。；投入=dice；产出=blanched
第10步【id=op_006_01｜时间=60秒；资源=human_1,stove_choice；前置=op_005_01；参数=power_level=7；来源=原文及AI估计】平底锅烧热，放入黄油。；投入=ingredient_008；产出=butter
第11步【id=op_007_01｜时间=90秒；资源=human_1,stove_choice；前置=op_006_01,op_005_01；参数=power_level=7；来源=原文及AI估计】黄油融化时加入所有蔬菜，再加入盐和黑胡椒翻搅片刻。；投入=butter,blanched,ingredient_005,ingredient_006；产出=flow_007_00_00,flow_007_00_01,flow_007_00_02,flow_007_00_03
第12步【id=op_8001_01｜时间=60秒；资源=human_1,stove_choice；前置=op_007_01；参数=power_level=7；来源=原文及AI估计】本次加工结束，移出食物并释放设备；投入=flow_007_00_00,flow_007_00_01,flow_007_00_02,flow_007_00_03；产出=vegetables
第13步【id=op_008_01｜时间=30秒；资源=human_1；前置=op_8001_01,op_8002_01；参数=不适用；来源=原文及AI估计】将炒好的蔬菜丁装入烤好的土豆塔中即可。；投入=shell,vegetables；产出=dish
第14步【id=op_999_01｜时间=60秒；资源=human_1；前置=op_008_01；参数=不适用；来源=原文及AI估计】确认全部必需分支完成并装盘上桌；投入=dish；产出=finaldish"
"6492a828933a4b7277dee6aa","蜜豆卷馒头","主料：蜜豆50克；面粉150克；辅料：酵母1.5克；糖10克；水70毫升","第1步【id=op_002_01｜时间=120秒；资源=human_1；前置=无；参数=不适用；来源=原文及AI估计】准备150克面粉；将1.5克酵母粉与10克糖用70克温水化开。；投入=ingredient_003,ingredient_004,ingredient_005；产出=yeast_water
第2步【id=op_003_01｜时间=120秒；资源=无独占资源；前置=op_002_01；参数=不适用；来源=原文及AI估计】酵母糖水静置。；投入=yeast_water；产出=activated
第3步【id=op_004_01｜时间=480秒；资源=human_1；前置=op_003_01；参数=不适用；来源=原文及AI估计】倒入面粉，揉成光滑面团。；投入=activated,ingredient_002；产出=dough
第4步【id=op_005_01｜时间=3600秒；资源=无独占资源；前置=op_004_01；参数=不适用；来源=原文及AI估计】发酵2倍大。；投入=dough；产出=risen
第5步【id=op_006_01｜时间=120秒；资源=human_1；前置=op_005_01；参数=不适用；来源=原文及AI估计】将发酵好的面团揉面排气。；投入=risen；产出=degassed
第6步【id=op_007_01｜时间=120秒；资源=human_1；前置=op_006_01；参数=不适用；来源=原文及AI估计】分割成大概40克左右的小面团。；投入=degassed；产出=pieces
第7步【id=op_008_01｜时间=120秒；资源=human_1；前置=op_007_01；参数=不适用；来源=原文及AI估计】继续把小面团揉圆。；投入=pieces；产出=balls
第8步【id=op_009_01｜时间=180秒；资源=human_1；前置=op_008_01；参数=不适用；来源=原文及AI估计】擀成圆形，饺子皮形状。；投入=balls；产出=skins
第9步【id=op_010_01｜时间=120秒；资源=human_1；前置=op_009_01；参数=不适用；来源=原文及AI估计】放蜜豆陷。；投入=skins,ingredient_001；产出=filled
第10步【id=op_011_01｜时间=180秒；资源=human_1；前置=op_010_01；参数=不适用；来源=原文及AI估计】包起来，擀成椭圆形。；投入=filled；产出=ovals
第11步【id=op_012_01｜时间=120秒；资源=human_1；前置=op_011_01；参数=不适用；来源=原文及AI估计】卷起来，依此做好全部面团。；投入=ovals；产出=rolls
第12步【id=op_013_01｜时间=30秒；资源=human_1；前置=op_012_01；参数=不适用；来源=原文及AI估计】将成型面团放入蒸盘，准备二次发酵。；投入=rolls；产出=tray
第13步【id=op_014_01｜时间=600秒；资源=无独占资源；前置=op_013_01；参数=不适用；来源=原文及AI估计】发酵，10分钟左右。；投入=tray；产出=proofed
第14步【id=op_015_01｜时间=60秒；资源=human_1,steam_oven_1；前置=op_014_01；参数=temperature_c=100,mode=普通蒸；来源=原文及AI估计】设置设备程序/补水；蜜豆卷馒头；投入=无食物投入；产出=无食物产出
第15步【id=op_015_02｜时间=300秒；资源=steam_oven_1；前置=op_015_01；参数=temperature_c=100,mode=普通蒸；来源=原文及AI估计】预热/升温；蜜豆卷馒头；投入=无食物投入；产出=无食物产出
第16步【id=op_015_03｜时间=60秒；资源=human_1,steam_oven_1；前置=op_015_02,op_014_01；参数=temperature_c=100,mode=普通蒸；来源=原文及AI估计】装入本步骤食材；投入=proofed；产出=flow_014_00_00
第17步【id=op_015_04｜时间=900秒；资源=steam_oven_1；前置=op_015_03；参数=temperature_c=100,mode=普通蒸；来源=原文及AI估计】放入方太智能烹饪设备第2层，开启电源，取出水箱加满水，选择“开始烹饪”按键，按屏幕提示操作。；投入=flow_014_00_00；产出=flow_014_01_00
第18步【id=op_8000_01｜时间=60秒；资源=human_1,steam_oven_1；前置=op_015_04；参数=temperature_c=100,mode=普通蒸；来源=原文及AI估计】本次加工结束，移出食物并释放设备；投入=flow_014_01_00；产出=dish
第19步【id=op_999_01｜时间=60秒；资源=human_1；前置=op_8000_01；参数=不适用；来源=原文及AI估计】确认全部必需分支完成并装盘上桌；投入=dish；产出=finaldish"
